pathway,protein_module_name,psp_uniprot_ids,backup_uniprot_ids
23-EMG-93350 Parkisons Disease Pathway popouts_ALL (interactive icon in layer),c-Abl,,P00519
23-EMG-93350 Parkisons Disease Pathway popouts_ALL (interactive icon in layer),CTSD,,C9JH19
23-EMG-93350 Parkisons Disease Pathway popouts_ALL (interactive icon in layer),CTSD,,C9JH19
23-EMG-93350 Parkisons Disease Pathway popouts_ALL (interactive icon in layer),CTSD,,C9JH19
23-EMG-93350 Parkisons Disease Pathway popouts_ALL (interactive icon in layer),GCase,,
23-EMG-93350 Parkisons Disease Pathway popouts_ALL (interactive icon in layer),GCase,,
23-EMG-93350 Parkisons Disease Pathway popouts_ALL (interactive icon in layer),LRRK2,,C9JBF0
23-EMG-93350 Parkisons Disease Pathway popouts_ALL (interactive icon in layer),LRRK2,,C9JBF0
23-EMG-93350 Parkisons Disease Pathway popouts_ALL (interactive icon in layer),LRRK2,,C9JBF0
23-EMG-93350 Parkisons Disease Pathway popouts_ALL (interactive icon in layer),LRRK2,,C9JBF0
23-EMG-93350 Parkisons Disease Pathway popouts_ALL (interactive icon in layer),LRRK2,,C9JBF0
23-EMG-93350 Parkisons Disease Pathway popouts_ALL (interactive icon in layer),PARK9,,Q9NQ11
23-EMG-93350 Parkisons Disease Pathway popouts_ALL (interactive icon in layer),PARK9,,Q9NQ11
23-EMG-93350 Parkisons Disease Pathway popouts_ALL (interactive icon in layer),Rab10,,P61026
23-EMG-93350 Parkisons Disease Pathway popouts_ALL (interactive icon in layer),Rab5,,P20339
23-EMG-93350 Parkisons Disease Pathway popouts_ALL (interactive icon in layer),Rab5,,P20339
23-EMG-93350 Parkisons Disease Pathway popouts_ALL (interactive icon in layer),Rab5,,P20339
23-EMG-93350 Parkisons Disease Pathway popouts_ALL (interactive icon in layer),Rab7,,P51149
23-EMG-93350 Parkisons Disease Pathway popouts_ALL (interactive icon in layer),Rab7,,P51149
23-EMG-93350 Parkisons Disease Pathway popouts_ALL (interactive icon in layer),Rab7L1,,O14966
23-EMG-93350 Parkisons Disease Pathway popouts_ALL (interactive icon in layer),Rab8,,P61006
23-EMG-93350 Parkisons Disease Pathway popouts_ALL (interactive icon in layer),VPS35,,H3BRJ7
23-EMG-93350 Parkisons Disease Pathway popouts_ALL (interactive icon in layer),VPS35,,H3BRJ7
23-EMG-93350 Parkisons Disease Pathway popouts_ALL (interactive icon in layer),VPS35,,H3BRJ7
23-EMG-93350 Parkisons Disease Pathway popouts_ALL (interactive icon in layer),α-Syn,,O15061
a-Synuclein Aggregation & Phosphorylation_interactive icons,c-Abl,,P00519
a-Synuclein Aggregation & Phosphorylation_interactive icons,CK1,,
a-Synuclein Aggregation & Phosphorylation_interactive icons,CK2,,
a-Synuclein Aggregation & Phosphorylation_interactive icons,Dyrk1A,,E7EMI5
a-Synuclein Aggregation & Phosphorylation_interactive icons,Fgr,,P09769
a-Synuclein Aggregation & Phosphorylation_interactive icons,Fyn,,E5RFM0
a-Synuclein Aggregation & Phosphorylation_interactive icons,GRK2/5,,E9PRV7
a-Synuclein Aggregation & Phosphorylation_interactive icons,Lyn,,E5RJ37
a-Synuclein Aggregation & Phosphorylation_interactive icons,PLK1/2/3/4,,I3L2H5
a-Synuclein Aggregation & Phosphorylation_interactive icons,Src,,P12931
a-Synuclein Aggregation & Phosphorylation_interactive icons,Syk,,P43405
a-Synuclein-mediated ER Stress_interactive icons,ASK1,,Q99683
a-Synuclein-mediated ER Stress_interactive icons,ATF4,,B4DJD4
a-Synuclein-mediated ER Stress_interactive icons,ATF6-N,,
a-Synuclein-mediated ER Stress_interactive icons,ATF6α,,P18850
a-Synuclein-mediated ER Stress_interactive icons,ATF6α,,P18850
a-Synuclein-mediated ER Stress_interactive icons,BiP,,P11021
a-Synuclein-mediated ER Stress_interactive icons,BiP,,P11021
a-Synuclein-mediated ER Stress_interactive icons,BiP,,P11021
a-Synuclein-mediated ER Stress_interactive icons,BiP,,P11021
a-Synuclein-mediated ER Stress_interactive icons,BiP,,P11021
a-Synuclein-mediated ER Stress_interactive icons,BiP,,P11021
a-Synuclein-mediated ER Stress_interactive icons,eIF2,,O60841
a-Synuclein-mediated ER Stress_interactive icons,IKK,,
a-Synuclein-mediated ER Stress_interactive icons,IKK,,
a-Synuclein-mediated ER Stress_interactive icons,IRE1α,,O75460
a-Synuclein-mediated ER Stress_interactive icons,IRE1α,,O75460
a-Synuclein-mediated ER Stress_interactive icons,IRE1α,,O75460
a-Synuclein-mediated ER Stress_interactive icons,JNK,,C9J762; D7R525; A8MPV1
a-Synuclein-mediated ER Stress_interactive icons,Keap1,,K7EJ49
a-Synuclein-mediated ER Stress_interactive icons,Keap1,,K7EJ49
a-Synuclein-mediated ER Stress_interactive icons,NF-KB,,
a-Synuclein-mediated ER Stress_interactive icons,NF-KB,,
a-Synuclein-mediated ER Stress_interactive icons,NRF2,,Q16236
a-Synuclein-mediated ER Stress_interactive icons,NRF2,,Q16236
a-Synuclein-mediated ER Stress_interactive icons,PERK,,Q9NZJ5
a-Synuclein-mediated ER Stress_interactive icons,PERK,,Q9NZJ5
a-Synuclein-mediated ER Stress_interactive icons,PERK,,Q9NZJ5
a-Synuclein-mediated ER Stress_interactive icons,S1P,,Q14703
a-Synuclein-mediated ER Stress_interactive icons,S2P,,O43462
a-Synuclein-mediated ER Stress_interactive icons,Xbp1s,,
Adherens Junction Dynamics,--cat,,P04040
Adherens Junction Dynamics,Afadin,P55196,
Adherens Junction Dynamics,Afadin,P55196,
Adherens Junction Dynamics,Ajuba,Q96IF1,
Adherens Junction Dynamics,Akt,P31749; P31751; Q9Y243,
Adherens Junction Dynamics,APC,P25054,
Adherens Junction Dynamics,APC,P25054,
Adherens Junction Dynamics,aPKC,,J3KN97; H3BV73; H7BZ60; C9J9P1; C9JR22; Q04759; P41743; D6RAN5
Adherens Junction Dynamics,ARHGAP1,Q07960,
Adherens Junction Dynamics,Arp2/3,,P61160; Q9UKU9
Adherens Junction Dynamics,Arp2/3,,P61160; Q9UKU9
Adherens Junction Dynamics,Axin1,O15169,
Adherens Junction Dynamics,c-Cbl,,P22681
Adherens Junction Dynamics,Cadherin,P12830; P19022; P22223; P55283,
Adherens Junction Dynamics,Caveolin,Q03135; P51636; P56539,
Adherens Junction Dynamics,cdc42,P60953-1,
Adherens Junction Dynamics,Cip4,Q15642,
Adherens Junction Dynamics,CK2,P68400; P19784; P67870,
Adherens Junction Dynamics,Clathrin,P09496; P09497; Q00610; P53675,
Adherens Junction Dynamics,Cortactin,Q14247,
Adherens Junction Dynamics,E3,Q75N03,
Adherens Junction Dynamics,Ect2,,C9J0L6
Adherens Junction Dynamics,Formin,,
Adherens Junction Dynamics,Fyn,P06241,
Adherens Junction Dynamics,GSK-3,,A8MT37; P49841
Adherens Junction Dynamics,Gβ1,,
Adherens Junction Dynamics,IQGAP,P46940; Q13576; Q86VI3,
Adherens Junction Dynamics,IQGAP,P46940; Q13576; Q86VI3,
Adherens Junction Dynamics,IQGAP,P46940; Q13576; Q86VI3,
Adherens Junction Dynamics,IRSp53,Q9UQB8,
Adherens Junction Dynamics,Kaiso,Q86T24,
Adherens Junction Dynamics,LAMTOR1,Q6IAA8,
Adherens Junction Dynamics,LEF/TCF,,
Adherens Junction Dynamics,mDIA,,O60879
Adherens Junction Dynamics,MLC,,
Adherens Junction Dynamics,Nectin,Q96NY8,
Adherens Junction Dynamics,Nectin,Q96NY8,
Adherens Junction Dynamics,Occludin,Q16625,
Adherens Junction Dynamics,p190,Q13017; Q9NRY4,
Adherens Junction Dynamics,Par3/6,,O00254; Q8TEW0
Adherens Junction Dynamics,PI3K,O00443; O00750; O75747; O00459,
Adherens Junction Dynamics,PRK1,Q16512,
Adherens Junction Dynamics,PTP1B,P18031,
Adherens Junction Dynamics,Rac,,P31749
Adherens Junction Dynamics,Rac,,P31749
Adherens Junction Dynamics,Rac,,P31749
Adherens Junction Dynamics,RaIA,,
Adherens Junction Dynamics,Rap1,P62834; P61224,
Adherens Junction Dynamics,RhoA,P61586,
Adherens Junction Dynamics,RhoA,P61586,
Adherens Junction Dynamics,ROCK,,
Adherens Junction Dynamics,SH2D1A,O60880,
Adherens Junction Dynamics,Src,P12931,
Adherens Junction Dynamics,Src,P12931,
Adherens Junction Dynamics,Tiam1,Q13009,
Adherens Junction Dynamics,VE-Cadherin,,
Adherens Junction Dynamics,Vinculin,,
Adherens Junction Dynamics,Vinculin,,
Adherens Junction Dynamics,WASP,P42768,
Adherens Junction Dynamics,WASP,P42768,
Adherens Junction Dynamics,α-cat,,P04040
Adherens Junction Dynamics,α-cat,,P04040
Adherens Junction Dynamics,α-cat,,P04040
Adherens Junction Dynamics,α-cat,,P04040
Adherens Junction Dynamics,α-cat,,P04040
Adherens Junction Dynamics,α-cat,,P04040
Adherens Junction Dynamics,β-cat,,P04040
Adherens Junction Dynamics,β-cat,,P04040
Adherens Junction Dynamics,β-cat,,P04040
Adherens Junction Dynamics,β-cat,,P04040
Adherens Junction Dynamics,β-cat,,P04040
Adherens Junction Dynamics,β-cat,,P04040
Adherens Junction Dynamics,β-cat,,P04040
Adherens Junction Dynamics,β-cat,,P04040
Adherens Junction Dynamics,β-cat,,P04040
Adherens Junction Dynamics,γ-cat,,P04040
Adherens Junction Dynamics,δ-cat,,P04040
Adherens Junction Dynamics,δ-cat,,P04040
Adherens Junction Dynamics,δ-cat,,P04040
Adherens Junction Dynamics,δ-cat,,P04040
Adherens Junction Dynamics,δ-cat,,P04040
Adherens Junction Dynamics,δ-cat,,P04040
AMPK Signaling,4E-BP1,,
AMPK Signaling,ACC,,
AMPK Signaling,Akt,P31749; P31751; Q9Y243,
AMPK Signaling,AMPKα,,P54646; Q9Y478
AMPK Signaling,Atg13,O75143,
AMPK Signaling,Atg14,Q6ZNE5,
AMPK Signaling,ATGL,,Q96AD5
AMPK Signaling,B-Raf,,
AMPK Signaling,Beclin,,
AMPK Signaling,CaMKK,,
AMPK Signaling,CLIP170,,
AMPK Signaling,CPT1,,P23786; P50416; Q8WUD6
AMPK Signaling,CREB,P16220,
AMPK Signaling,CRTC2,,H0YDQ8
AMPK Signaling,CRY1,,H0YHT0
AMPK Signaling,Erk,,P28482; A1QJE5
AMPK Signaling,FASN,,J3KTF0
AMPK Signaling,FIP200,Q8TDY2,
AMPK Signaling,FoxO,Q12778; O43524; P98177,
AMPK Signaling,Glut1,,P11166
AMPK Signaling,Glut4,,P14672
AMPK Signaling,GS,,
AMPK Signaling,Gαq,,
AMPK Signaling,GβL,,
AMPK Signaling,HDAC4,,C9J0X4
AMPK Signaling,HDAC5,,K7EJL4
AMPK Signaling,HDAC7,,C9J102
AMPK Signaling,HMGCR,,C9JKX7
AMPK Signaling,HNF4α,,P41235
AMPK Signaling,HSL,,
AMPK Signaling,LKB1,Q15831,
AMPK Signaling,MBS85,,Q9BZL4
AMPK Signaling,MO25α,,Q9Y376
AMPK Signaling,mTOR,P42345,
AMPK Signaling,Myosin,,
AMPK Signaling,MYPT1,,O14974
AMPK Signaling,p300,,Q09472
AMPK Signaling,p90RSK,Q15418; Q15349,
AMPK Signaling,PFKFB3,,F2Z2I2
AMPK Signaling,PGC1α,,D6RBF3; H0Y713
AMPK Signaling,PI3K,O00443; O00750; O75747; O00459,
AMPK Signaling,PI3K,O00443; O00750; O75747; O00459,
AMPK Signaling,PKA,P17612; P22694; P22612; P10644; P31321; P13861; P31323,
AMPK Signaling,PLCβ,,
AMPK Signaling,Raptor,Q8N122,
AMPK Signaling,Ras,P01112; P01116; P01111; P10301,
AMPK Signaling,Rheb,Q15382,
AMPK Signaling,S6K,,K7EIM2; E9PIP7
AMPK Signaling,SirT1,Q96EB6,
AMPK Signaling,SREBP-1,,F6V242
AMPK Signaling,STRAD,,Q7RTN6
AMPK Signaling,Tau,P10636,
AMPK Signaling,TBC1D1,,B5MCJ2
AMPK Signaling,TSC1,Q92574,
AMPK Signaling,TSC2,P49815,
AMPK Signaling,TXNIP,,Q9H3M7
AMPK Signaling,ULK1,O75385,
Amyloid Plaque and NeuroFibrillary Tangle Formation in Alzeimer_s Disease,Akt,P31749; P31751; Q9Y243,
Amyloid Plaque and NeuroFibrillary Tangle Formation in Alzeimer_s Disease,Calpain,,
Amyloid Plaque and NeuroFibrillary Tangle Formation in Alzeimer_s Disease,CASP3/9,,A8MVM1
Amyloid Plaque and NeuroFibrillary Tangle Formation in Alzeimer_s Disease,CDK5,Q00535,
Amyloid Plaque and NeuroFibrillary Tangle Formation in Alzeimer_s Disease,DR6,,O75509
Amyloid Plaque and NeuroFibrillary Tangle Formation in Alzeimer_s Disease,GSK-3α/β,,A8MT37; P49841
Amyloid Plaque and NeuroFibrillary Tangle Formation in Alzeimer_s Disease,p25,,
Amyloid Plaque and NeuroFibrillary Tangle Formation in Alzeimer_s Disease,p35,,
Amyloid Plaque and NeuroFibrillary Tangle Formation in Alzeimer_s Disease,Tau,,P10636
Amyloid Plaque and NeuroFibrillary Tangle Formation in Alzeimer_s Disease,α-Secretase,,
Amyloid Plaque and NeuroFibrillary Tangle Formation in Alzeimer_s Disease,β-Secretase,,
Amyloid Plaque and NeuroFibrillary Tangle Formation in Alzeimer_s Disease,γ-Secretase,,
Amyloid Plaque and NeuroFibrillary Tangle Formation in Alzeimer_s Disease,γ-Secretase,,
Angiogenesis,4E-BP1,,
Angiogenesis,Akt,P31749; P31751; Q9Y243,
Angiogenesis,Akt,P31749; P31751; Q9Y243,
Angiogenesis,CBP/p300,,Q09472
Angiogenesis,Cox2,P00403,
Angiogenesis,Cul2,Q13617,
Angiogenesis,EGFR,,C9JYS6
Angiogenesis,elF4E1,,
Angiogenesis,Erk1/2,,P27361
Angiogenesis,Erk1/2,,P27361
Angiogenesis,Erk1/2,,P27361
Angiogenesis,FAK,Q05397,
Angiogenesis,FGFR,P22455,
Angiogenesis,HIF1α,,Q9BYW2
Angiogenesis,HIF1α,,Q9BYW2
Angiogenesis,HIF1α,,Q9BYW2
Angiogenesis,HIF1α,,Q9BYW2
Angiogenesis,HIF1α,,Q9BYW2
Angiogenesis,HIF1β,,Q9BYW2
Angiogenesis,HIF1β,,Q9BYW2
Angiogenesis,IGFR,P08069,
Angiogenesis,MEK1/2,,B4DFY5
Angiogenesis,MMP,P03956; P09238; P24347; P39900; P45452; P50281; P51511; P51512; Q9ULZ9; Q99542; P08253; O60882; Q8N119; O75900; Q9Y5R2; Q9NPA2; Q9NRE1; Q9H306; Q9H239; P08254; P09237; P22894; P14780,
Angiogenesis,MNK,Q9BUB5; Q9HBH9,
Angiogenesis,mTOR,P42345,
Angiogenesis,NOS,P29474; P35228; P29475,
Angiogenesis,Notch,P46531; Q04721; Q9UM47; Q99466,
Angiogenesis,p38 MAPK,,B4E0K5
Angiogenesis,PAI-1,,
Angiogenesis,PDGFR-β,,P09619
Angiogenesis,PHDs,,
Angiogenesis,PI3K,O00443; O00750; O75747; O00459,
Angiogenesis,PI3K,O00443; O00750; O75747; O00459,
Angiogenesis,PLCλ,,
Angiogenesis,Ras,P01112; P01116; P01111; P10301,
Angiogenesis,Rbx1,P62877,
Angiogenesis,ROBO,Q9Y6N7; Q9HCK4; Q96MS0; Q8WZ75,
Angiogenesis,S6K,,K7EIM2; E9PIP7
Angiogenesis,Smad2/3,,B7Z5N5
Angiogenesis,Src,P12931,
Angiogenesis,TCEB1,Q15369,
Angiogenesis,TCEB2,Q15370,
Angiogenesis,Tie2,Q02763,
Angiogenesis,VEGF,,P15692
Angiogenesis,VEGFR2,,P35968
Angiogenesis,VHL,,P40337
Astrocytes in Neurodegeneration,ABCA1,,B1AMI1
Astrocytes in Neurodegeneration,ApoE,,E7ERP7
Astrocytes in Neurodegeneration,ApoE,,E7ERP7
ATP-Dependent Chromatin Remodeling Complexes,ACF1,,Q9NRL2
ATP-Dependent Chromatin Remodeling Complexes,ACF1,,Q9NRL2
ATP-Dependent Chromatin Remodeling Complexes,ARID1A/B,,E9PQW6
ATP-Dependent Chromatin Remodeling Complexes,ARID2,,F8VWP4
ATP-Dependent Chromatin Remodeling Complexes,"ARP4,5,8",,Q9BY76; Q9P1U1
ATP-Dependent Chromatin Remodeling Complexes,BAF155/170,,Q92922
ATP-Dependent Chromatin Remodeling Complexes,BAF155/170,,Q92922
ATP-Dependent Chromatin Remodeling Complexes,BAF155/170,,Q92922
ATP-Dependent Chromatin Remodeling Complexes,BAF155/170,,Q92922
ATP-Dependent Chromatin Remodeling Complexes,BAF155/170,,Q92922
ATP-Dependent Chromatin Remodeling Complexes,BAF155/170,,Q92922
ATP-Dependent Chromatin Remodeling Complexes,BAF45B/C/D,,Q92782
ATP-Dependent Chromatin Remodeling Complexes,BAF47,,Q12824
ATP-Dependent Chromatin Remodeling Complexes,BAF47,,Q12824
ATP-Dependent Chromatin Remodeling Complexes,BAF53A,,O96019
ATP-Dependent Chromatin Remodeling Complexes,BAF53A/B,,O96019
ATP-Dependent Chromatin Remodeling Complexes,BAF53A/B,,O96019
ATP-Dependent Chromatin Remodeling Complexes,BAF57,,Q969G3
ATP-Dependent Chromatin Remodeling Complexes,BAF57,,Q969G3
ATP-Dependent Chromatin Remodeling Complexes,BAF60A,,Q96GM5
ATP-Dependent Chromatin Remodeling Complexes,BAF60A/B/C,,Q96GM5
ATP-Dependent Chromatin Remodeling Complexes,BAF60A/B/C,,Q96GM5
ATP-Dependent Chromatin Remodeling Complexes,BCL7A/B/C,,Q4VC05
ATP-Dependent Chromatin Remodeling Complexes,BCL7A/B/C,,Q4VC05
ATP-Dependent Chromatin Remodeling Complexes,BCL7A/B/C,,Q4VC05
ATP-Dependent Chromatin Remodeling Complexes,BPTF,Q12830,
ATP-Dependent Chromatin Remodeling Complexes,BRD7,,I3L0Y7
ATP-Dependent Chromatin Remodeling Complexes,BRD9,,C9JBY0
ATP-Dependent Chromatin Remodeling Complexes,BRG1/BRM,,P51532
ATP-Dependent Chromatin Remodeling Complexes,BRG1/BRM,,P51532
ATP-Dependent Chromatin Remodeling Complexes,BRG1/BRM,,P51532
ATP-Dependent Chromatin Remodeling Complexes,"CHD3,4",,H7C0J3
ATP-Dependent Chromatin Remodeling Complexes,CHRAC15,,Q9NRG0
ATP-Dependent Chromatin Remodeling Complexes,CHRAC17,,Q9NRF9
ATP-Dependent Chromatin Remodeling Complexes,GLTSCR1/1L,,Q9NZM4
ATP-Dependent Chromatin Remodeling Complexes,"HDAC1,2",,Q13547
ATP-Dependent Chromatin Remodeling Complexes,INO80,,H0YKH3
ATP-Dependent Chromatin Remodeling Complexes,INO80B,,B8ZZ93
ATP-Dependent Chromatin Remodeling Complexes,INO80C,,K7EIY8
ATP-Dependent Chromatin Remodeling Complexes,INO80D,,C9JLV2
ATP-Dependent Chromatin Remodeling Complexes,INO80E,,H3BNM4
ATP-Dependent Chromatin Remodeling Complexes,"MBD2,3",,J3KSA7
ATP-Dependent Chromatin Remodeling Complexes,MCRS1,,F8VP44
ATP-Dependent Chromatin Remodeling Complexes,"MTA1,2,3",,E7ESY4
ATP-Dependent Chromatin Remodeling Complexes,NFRKB,,E9PJE1
ATP-Dependent Chromatin Remodeling Complexes,p66α/β,,
ATP-Dependent Chromatin Remodeling Complexes,PBRM1,,C9J053
ATP-Dependent Chromatin Remodeling Complexes,PBRM1,,C9J053
ATP-Dependent Chromatin Remodeling Complexes,PHF10,,Q8WUB8
ATP-Dependent Chromatin Remodeling Complexes,RBAP46,,Q16576
ATP-Dependent Chromatin Remodeling Complexes,RBAP46,,Q16576
ATP-Dependent Chromatin Remodeling Complexes,RBAP48,,Q09028
ATP-Dependent Chromatin Remodeling Complexes,RBAP48,,Q09028
ATP-Dependent Chromatin Remodeling Complexes,"RUVBL1,2",,E7ETR0
ATP-Dependent Chromatin Remodeling Complexes,SNF2H,,O60264
ATP-Dependent Chromatin Remodeling Complexes,SNF2H,,O60264
ATP-Dependent Chromatin Remodeling Complexes,SNF2L,,P28370
ATP-Dependent Chromatin Remodeling Complexes,SS18/L1,,B4DLD3
ATP-Dependent Chromatin Remodeling Complexes,SS18/L1*,,B4DLD3
ATP-Dependent Chromatin Remodeling Complexes,SS18/L1*,,B4DLD3
ATP-Dependent Chromatin Remodeling Complexes,TFPT,,A8MTQ3
ATP-Dependent Chromatin Remodeling Complexes,UCHL5,,H0Y4E0
ATP-Dependent Chromatin Remodeling Complexes,YY1,,G3V3M8
ATP-Dependent Chromatin Remodeling Complexes,β-actin,,
ATP-Dependent Chromatin Remodeling Complexes,β-actin,,
ATP-Dependent Chromatin Remodeling Complexes,β-actin,,
Autophagy,ALFY,,
Autophagy,Ambra1,,E9PL55
Autophagy,Ambra1,,E9PL55
Autophagy,AMPK,,P54646; Q9Y478
Autophagy,Atg10,,D6RBD1
Autophagy,Atg12,,D6RB14
Autophagy,Atg12,,D6RB14
Autophagy,Atg13,,E9PPR2
Autophagy,Atg14,,Q6ZNE5
Autophagy,Atg16L1,,C9J1B2
Autophagy,Atg16L1,,C9J1B2
Autophagy,Atg3,,F8WDI0
Autophagy,Atg4,,
Autophagy,Atg5,,L7UMD8
Autophagy,Atg5,,L7UMD8
Autophagy,Atg7,,C9J415
Autophagy,Atg7,,C9J415
Autophagy,Bcl-2,,
Autophagy,Beclin-1,,
Autophagy,BNIP3,,B4DHJ7
Autophagy,BNIP3L/NIX,,E5RFE9
Autophagy,FIP200,,
Autophagy,GβL,,
Autophagy,LC3,,
Autophagy,LC3-I,,
Autophagy,LC3-II,,
Autophagy,LC3-II,,
Autophagy,mTOR,,P42345
Autophagy,NBR1,,B7Z5R6
Autophagy,NBR1,,B7Z5R6
Autophagy,p150,,
Autophagy,Parkin,,
Autophagy,PARL,,C9JNP8
Autophagy,PI3K,,C9J951; C9J345; B7ZM44; E9PDN7; B3KWZ7; E9PFP1; Q5T4P3
Autophagy,PINK,,
Autophagy,PRAS40,,Q96B36
Autophagy,Raptor,,Q8N122
Autophagy,Rubicon,,
Autophagy,SQSTM1/p62,,C9J6J8
Autophagy,SQSTM1/p62,,C9J6J8
Autophagy,ULK1,,O75385
B Cell Receptor Signaling,Ag,,
B Cell Receptor Signaling,Akt,P31749; P31751; Q9Y243,
B Cell Receptor Signaling,Akt,P31749; P31751; Q9Y243,
B Cell Receptor Signaling,ATF-2,,B8ZZU6
B Cell Receptor Signaling,Bam32,Q9UN19,
B Cell Receptor Signaling,Bam32,Q9UN19,
B Cell Receptor Signaling,BCAP,Q6ZUJ8,
B Cell Receptor Signaling,Bcl-6,,
B Cell Receptor Signaling,Bcl-xL,,
B Cell Receptor Signaling,Bcl10,O95999,
B Cell Receptor Signaling,BCR,P04435,
B Cell Receptor Signaling,Bfl-1,,
B Cell Receptor Signaling,BLNK,Q8WV28,
B Cell Receptor Signaling,Btk,Q06187,
B Cell Receptor Signaling,c-Raf,,P10398; H7C4S5; H7C155
B Cell Receptor Signaling,Calcineurin,Q08209; P16298; P48454,
B Cell Receptor Signaling,CaM,,P0DP23
B Cell Receptor Signaling,CaMK,,Q13555; Q16566
B Cell Receptor Signaling,CARMA1,,Q9BXL7
B Cell Receptor Signaling,Cbl,P22681,
B Cell Receptor Signaling,Cbp/PAG,,Q9NWQ8
B Cell Receptor Signaling,CD19,P15391,
B Cell Receptor Signaling,CD19,P15391,
B Cell Receptor Signaling,CD19,P15391,
B Cell Receptor Signaling,CD19,P15391,
B Cell Receptor Signaling,CD22,P20273,
B Cell Receptor Signaling,CD40,P29965; P25942,
B Cell Receptor Signaling,CD45,P08575,
B Cell Receptor Signaling,CIN85,,Q96B97
B Cell Receptor Signaling,clathrin,P09496; P09497; Q00610; P53675,
B Cell Receptor Signaling,Cofilin,P23528; Q9Y281,
B Cell Receptor Signaling,CREB,P16220,
B Cell Receptor Signaling,Csk,P41240,
B Cell Receptor Signaling,Dok-1,,
B Cell Receptor Signaling,Dok-3,,
B Cell Receptor Signaling,Egr-1,,
B Cell Receptor Signaling,Elk-1,,P19419
B Cell Receptor Signaling,Erk1/2,,P27361
B Cell Receptor Signaling,Erk1/2,,P27361
B Cell Receptor Signaling,Ets-1,,
B Cell Receptor Signaling,Ezrin,P15311,
B Cell Receptor Signaling,FcγRIIB1,,
B Cell Receptor Signaling,FcγRIIB1,,
B Cell Receptor Signaling,FoxO,Q12778; O43524; P98177,
B Cell Receptor Signaling,Gab,Q2WGN9,
B Cell Receptor Signaling,GRB2,P62993,
B Cell Receptor Signaling,GRB2,P62993,
B Cell Receptor Signaling,GRB2,P62993,
B Cell Receptor Signaling,GSK-3,,A8MT37; P49841
B Cell Receptor Signaling,HS1,P14317,
B Cell Receptor Signaling,IKKα,,
B Cell Receptor Signaling,IP3R,,
B Cell Receptor Signaling,IκB,,Q16157; Q16446
B Cell Receptor Signaling,IκB,,Q16157; Q16446
B Cell Receptor Signaling,JNK,P45983; P45984; P53779,
B Cell Receptor Signaling,JNK1/2,,P45983
B Cell Receptor Signaling,Jun,,P05412
B Cell Receptor Signaling,LAB,Q9GZY6,
B Cell Receptor Signaling,LAB,Q9GZY6,
B Cell Receptor Signaling,Lyn,P07948,
B Cell Receptor Signaling,Lyn,P07948,
B Cell Receptor Signaling,MALT1,Q9UDY8,
B Cell Receptor Signaling,MEF2C,Q06413,
B Cell Receptor Signaling,MEK1/2,,B4DFY5
B Cell Receptor Signaling,MEKKs,,
B Cell Receptor Signaling,MKK3/4/6,,E9PMA8
B Cell Receptor Signaling,MKK4/7,,J3QLE2
B Cell Receptor Signaling,mTOR,P42345,
B Cell Receptor Signaling,NF-KB,,
B Cell Receptor Signaling,NF-KB,,
B Cell Receptor Signaling,NFAT,Q13469; O95644; Q14934; Q12968; O94916; Q12906,
B Cell Receptor Signaling,NFAT,Q13469; O95644; Q14934; Q12968; O94916; Q12906,
B Cell Receptor Signaling,Oct-2,,
B Cell Receptor Signaling,p38,,B4E0K5
B Cell Receptor Signaling,p38,,B4E0K5
B Cell Receptor Signaling,p70 S6K,,K7EIM2; E9PIP7
B Cell Receptor Signaling,p85,,
B Cell Receptor Signaling,PI3K,,C9J951; C9J345; B7ZM44; E9PDN7; B3KWZ7; E9PFP1; Q5T4P3
B Cell Receptor Signaling,PIR-B,,
B Cell Receptor Signaling,PKC,P05129,
B Cell Receptor Signaling,PKC,P05129,
B Cell Receptor Signaling,PLCγ2,,
B Cell Receptor Signaling,PTEN,P60484,
B Cell Receptor Signaling,Pyk2,Q14289,
B Cell Receptor Signaling,Rac,,P31749
B Cell Receptor Signaling,Rac/cdc42,,P60953
B Cell Receptor Signaling,Rap,,
B Cell Receptor Signaling,RapL,Q8WWW0,
B Cell Receptor Signaling,Ras,,P01112; G3V4K2; P01111
B Cell Receptor Signaling,Ras GAP,,P20936
B Cell Receptor Signaling,Ras GRP,,H0Y5C5
B Cell Receptor Signaling,RhoA,P61586,
B Cell Receptor Signaling,Riam,Q7Z5R6,
B Cell Receptor Signaling,Shc,P29353; P98077; Q92529; Q6S5L8,
B Cell Receptor Signaling,SHIP,Q92835; O15357,
B Cell Receptor Signaling,SHP1,,
B Cell Receptor Signaling,SHP1,,
B Cell Receptor Signaling,SHP2,,
B Cell Receptor Signaling,SHP2,,
B Cell Receptor Signaling,SOS,,
B Cell Receptor Signaling,STIM1,Q13586,
B Cell Receptor Signaling,Syk,P43405,
B Cell Receptor Signaling,TAK1,O43318,
B Cell Receptor Signaling,Vav,P15498; P52735; Q9UKW4,
CAR Signaling,ADAP,O15117,
CAR Signaling,AKT,P31749; P31751; Q9Y243,
CAR Signaling,ASK1,,Q99683
CAR Signaling,ATF2,,B8ZZU6
CAR Signaling,Bcl10,O95999,
CAR Signaling,Calcineurin,Q08209; P16298; P48454,
CAR Signaling,CaM,,P0DP23
CAR Signaling,CaMKIV,Q16566,
CAR Signaling,Carma1,,Q9BXL7
CAR Signaling,CREB,P16220,
CAR Signaling,ERK1/2,,P27361
CAR Signaling,FOS,P01100,
CAR Signaling,FOS,P01100,
CAR Signaling,GADS,,O75791
CAR Signaling,GRB2,P62993,
CAR Signaling,GRB2,P62993,
CAR Signaling,IKB,,
CAR Signaling,IKB,,
CAR Signaling,IKB,,
CAR Signaling,IKB,,
CAR Signaling,IKKα,,
CAR Signaling,IKKα,,
CAR Signaling,IKKβ,,
CAR Signaling,IKKβ,,
CAR Signaling,IKKγ,,
CAR Signaling,IKKγ,,
CAR Signaling,IP3R,,
CAR Signaling,Itk,,E5RFR5
CAR Signaling,JNK,P45983; P45984; P53779,
CAR Signaling,JNK1,,P45983
CAR Signaling,JNK2,P45984,
CAR Signaling,JUN,,P05412
CAR Signaling,JUN,,P05412
CAR Signaling,LAT,O43561,
CAR Signaling,Lck,P06239,
CAR Signaling,MALT1,Q9UDY8,
CAR Signaling,MEK1/2,,B4DFY5
CAR Signaling,MEKK1,Q13233,
CAR Signaling,MEKK1,Q13233,
CAR Signaling,MKK4/7,,J3QLE2
CAR Signaling,MKK7,O14733,
CAR Signaling,MKKs,,Q9HB66
CAR Signaling,NCK,,P16333
CAR Signaling,NF-KB,,
CAR Signaling,NF-KB,,
CAR Signaling,NF-KB,,
CAR Signaling,NF-KB,,
CAR Signaling,NFAT,Q13469; O95644; Q14934; Q12968; O94916; Q12906,
CAR Signaling,NFAT,Q13469; O95644; Q14934; Q12968; O94916; Q12906,
CAR Signaling,NIK,,O95819; Q99558
CAR Signaling,p38 MAPK,Q16539; Q15759; P53778; O15264,
CAR Signaling,PDK1,O15530,
CAR Signaling,PI3K,O00443; O00750; O75747; O00459,
CAR Signaling,PKC,,J3KN97; H3BV73; H7BZ60; C9J9P1; C9JR22; Q04759; P41743; D6RAN5
CAR Signaling,PLCγ1,,
CAR Signaling,PLCγ1,,
CAR Signaling,Rac/cdc42,,P60953
CAR Signaling,Raf,P15056,
CAR Signaling,Ras,,P01112; G3V4K2; P01111
CAR Signaling,RasGRP,,O95267
CAR Signaling,SOS,,
CAR Signaling,SOS,,
CAR Signaling,STAT3,P40763,
CAR Signaling,TAK1,O43318,
CAR Signaling,TRAF2,,B1AMX7
CAR Signaling,VAV,P15498; P52735; Q9UKW4,
CAR Signaling,WASP,P42768,
CAR Signaling,Zap70,,P43403
Cell Intrinsic Innate Immunity Signaling STING,AMFR,,H3BQM3
Cell Intrinsic Innate Immunity Signaling STING,Atg9α,,
Cell Intrinsic Innate Immunity Signaling STING,cGAS,P01100,
Cell Intrinsic Innate Immunity Signaling STING,DAI,P14416,
Cell Intrinsic Innate Immunity Signaling STING,DDX41,O60716,
Cell Intrinsic Innate Immunity Signaling STING,DDX41,O60716,
Cell Intrinsic Innate Immunity Signaling STING,DUBA,,
Cell Intrinsic Innate Immunity Signaling STING,IFI16,P48735,
Cell Intrinsic Innate Immunity Signaling STING,IKB,,
Cell Intrinsic Innate Immunity Signaling STING,IKKß,,
Cell Intrinsic Innate Immunity Signaling STING,IKKα,,
Cell Intrinsic Innate Immunity Signaling STING,INSIG1,,C9JSG8
Cell Intrinsic Innate Immunity Signaling STING,IRF3,Q14653,
Cell Intrinsic Innate Immunity Signaling STING,IRF3,Q14653,
Cell Intrinsic Innate Immunity Signaling STING,IRF3,Q14653,
Cell Intrinsic Innate Immunity Signaling STING,IRF3,Q14653,
Cell Intrinsic Innate Immunity Signaling STING,IRF3,Q14653,
Cell Intrinsic Innate Immunity Signaling STING,IRF3,Q14653,
Cell Intrinsic Innate Immunity Signaling STING,IRF3,Q14653,
Cell Intrinsic Innate Immunity Signaling STING,IRF3,Q14653,
Cell Intrinsic Innate Immunity Signaling STING,ISRE,,
Cell Intrinsic Innate Immunity Signaling STING,ISRE,,
Cell Intrinsic Innate Immunity Signaling STING,LGP2,P20701; P05107,
Cell Intrinsic Innate Immunity Signaling STING,MAVS,Q7Z434,
Cell Intrinsic Innate Immunity Signaling STING,MAVS,Q7Z434,
Cell Intrinsic Innate Immunity Signaling STING,MAVS,Q7Z434,
Cell Intrinsic Innate Immunity Signaling STING,MAVS,Q7Z434,
Cell Intrinsic Innate Immunity Signaling STING,MAVS,Q7Z434,
Cell Intrinsic Innate Immunity Signaling STING,MDA-5,,
Cell Intrinsic Innate Immunity Signaling STING,NAP1,Q8N5C8,
Cell Intrinsic Innate Immunity Signaling STING,NEMO,,Q9Y6K9
Cell Intrinsic Innate Immunity Signaling STING,NEMO,,Q9Y6K9
Cell Intrinsic Innate Immunity Signaling STING,NF-KB,,
Cell Intrinsic Innate Immunity Signaling STING,NF-KB,,
Cell Intrinsic Innate Immunity Signaling STING,NF-KB,,
Cell Intrinsic Innate Immunity Signaling STING,NLRX1,,C9J0R6
Cell Intrinsic Innate Immunity Signaling STING,OAS,P28370-1; Q09028; Q16576; Q12830,
Cell Intrinsic Innate Immunity Signaling STING,OTUB1/2,,F5GYJ8
Cell Intrinsic Innate Immunity Signaling STING,RIG-I,,
Cell Intrinsic Innate Immunity Signaling STING,RNA Pol III,,
Cell Intrinsic Innate Immunity Signaling STING,RNase L,P36954,
Cell Intrinsic Innate Immunity Signaling STING,RNase L,P36954,
Cell Intrinsic Innate Immunity Signaling STING,RNase L,P36954,
Cell Intrinsic Innate Immunity Signaling STING,RNF5,,Q99942
Cell Intrinsic Innate Immunity Signaling STING,SINTBAD,Q96ST3,
Cell Intrinsic Innate Immunity Signaling STING,STING,Q86WV6,
Cell Intrinsic Innate Immunity Signaling STING,STING,Q86WV6,
Cell Intrinsic Innate Immunity Signaling STING,STING,Q86WV6,
Cell Intrinsic Innate Immunity Signaling STING,STING,Q86WV6,
Cell Intrinsic Innate Immunity Signaling STING,TANK,Q9Y490; Q13233,
Cell Intrinsic Innate Immunity Signaling STING,TANK,Q9Y490; Q13233,
Cell Intrinsic Innate Immunity Signaling STING,TBK1,Q9UHD2,
Cell Intrinsic Innate Immunity Signaling STING,TBK1,Q9UHD2,
Cell Intrinsic Innate Immunity Signaling STING,TBK1,Q9UHD2,
Cell Intrinsic Innate Immunity Signaling STING,TRAF2/5/6,,B1AMX7
Cell Intrinsic Innate Immunity Signaling STING,TRAF2/5/6,,B1AMX7
Cell Intrinsic Innate Immunity Signaling STING,TRAF3,Q13114,
Cell Intrinsic Innate Immunity Signaling STING,TRAF3,Q13114,
Cell Intrinsic Innate Immunity Signaling STING,TREX1,Q86XR7,
Cell Intrinsic Innate Immunity Signaling STING,TRIM21,Q8IUC6,
Cell Intrinsic Innate Immunity Signaling STING,TRIM25,Q8IUC6,
Cell Intrinsic Innate Immunity Signaling STING,TRIM32,,Q13049
Cell Intrinsic Innate Immunity Signaling STING,TRIM56,,C9JI91
Cell Intrinsic Innate Immunity Signaling STING,ULK1,O75385,
Contribution of Extracellular Matrix to EMT,Actin,P68133; P62736; P60709; P68032; P63261; P63267,
Contribution of Extracellular Matrix to EMT,Akt,P31749; P31751; Q9Y243,
Contribution of Extracellular Matrix to EMT,CD44,P16070,
Contribution of Extracellular Matrix to EMT,CD63,P08962,
Contribution of Extracellular Matrix to EMT,Collagen 1,P02452; P08123; Q03692; P12107; P13942; Q99715; Q5TAT6; Q05707; P39059; Q07092; Q9UMD9; P39060; Q14993,
Contribution of Extracellular Matrix to EMT,Collagen 1,P02452; P08123; Q03692; P12107; P13942; Q99715; Q5TAT6; Q05707; P39059; Q07092; Q9UMD9; P39060; Q14993,
Contribution of Extracellular Matrix to EMT,Desmoplakin,P15924,
Contribution of Extracellular Matrix to EMT,E-Cadherin,,
Contribution of Extracellular Matrix to EMT,ECM,,Q13201
Contribution of Extracellular Matrix to EMT,Erk,,P28482; A1QJE5
Contribution of Extracellular Matrix to EMT,Erk,,P28482; A1QJE5
Contribution of Extracellular Matrix to EMT,ERM,,P41161
Contribution of Extracellular Matrix to EMT,FAK,Q05397,
Contribution of Extracellular Matrix to EMT,FAK,Q05397,
Contribution of Extracellular Matrix to EMT,FAK,Q05397,
Contribution of Extracellular Matrix to EMT,Fibronectin,P02751,
Contribution of Extracellular Matrix to EMT,GSKβ,,
Contribution of Extracellular Matrix to EMT,Hyularunan,,
Contribution of Extracellular Matrix to EMT,ILK,Q13418,
Contribution of Extracellular Matrix to EMT,JNK,P45983; P45984; P53779,
Contribution of Extracellular Matrix to EMT,MEK,,B4DFY5; M0R1B6
Contribution of Extracellular Matrix to EMT,MMP-14,,
Contribution of Extracellular Matrix to EMT,MMP-14,,
Contribution of Extracellular Matrix to EMT,MMP-2,,
Contribution of Extracellular Matrix to EMT,MMP-3,,
Contribution of Extracellular Matrix to EMT,MMP-7,,
Contribution of Extracellular Matrix to EMT,Occludin,Q16625,
Contribution of Extracellular Matrix to EMT,Osteonectin,P09486,
Contribution of Extracellular Matrix to EMT,Osteopontin,,
Contribution of Extracellular Matrix to EMT,PI3K,O00443; O00750; O75747; P42338; O00459; Q99570,
Contribution of Extracellular Matrix to EMT,Rac,,P31749
Contribution of Extracellular Matrix to EMT,Ras,P01112; P01116; P01111; P10301,
Contribution of Extracellular Matrix to EMT,Serpine(PAI-1),,
Contribution of Extracellular Matrix to EMT,SPARC,P09486,
Contribution of Extracellular Matrix to EMT,TCF1/LEF1,,D6RAB1
Contribution of Extracellular Matrix to EMT,TIMP1,P01033,
Contribution of Extracellular Matrix to EMT,Versican,P13611,
Contribution of Extracellular Matrix to EMT,Vimentin,P08670,
Contribution of Extracellular Matrix to EMT,Vitronectin,P04004,
Contribution of Extracellular Matrix to EMT,Vitronectin,P04004,
Contribution of Extracellular Matrix to EMT,β-catenin,,
Contribution of Extracellular Matrix to EMT,β-catenin,,
Contribution of Extracellular Matrix to EMT,β-catenin,,
Contribution of Extracellular Matrix to EMT,β-catenin,,
Contribution of Extracellular Matrix to EMT,β-catenin,,
Contribution of Soluble Factors to EMT,Akt,P31749; P31751; Q9Y243,
Contribution of Soluble Factors to EMT,APC,P25054,
Contribution of Soluble Factors to EMT,Axin,O15169; Q9Y2T1,
Contribution of Soluble Factors to EMT,Bcl9,O00512; Q86UU0,
Contribution of Soluble Factors to EMT,Bcl9,O00512; Q86UU0,
Contribution of Soluble Factors to EMT,BMP,P13497; O95393; O95972; P12643; P12645; P12644; P22003; P22004; P18075; Q7Z5Y6; P34820; Q9UK05; P43026; P55107,
Contribution of Soluble Factors to EMT,CaMKI,Q14012; Q6P2M8; Q8IU85; Q96NX5; Q13557; P49795,
Contribution of Soluble Factors to EMT,CaMKII,Q9UQM7; Q13554; Q13557; Q13555,
Contribution of Soluble Factors to EMT,CBP,Q92793,
Contribution of Soluble Factors to EMT,CDC42,P60953-1,
Contribution of Soluble Factors to EMT,CK1,P48729; P49674; Q9HCP0; P78368; Q9Y6M4,
Contribution of Soluble Factors to EMT,Cripto,P13385,
Contribution of Soluble Factors to EMT,Cripto,P13385,
Contribution of Soluble Factors to EMT,CSL,Q06330,
Contribution of Soluble Factors to EMT,CSL,Q06330,
Contribution of Soluble Factors to EMT,Erk1/2,,P27361
Contribution of Soluble Factors to EMT,FoxC2,Q99958,
Contribution of Soluble Factors to EMT,Fyn,P06241,
Contribution of Soluble Factors to EMT,Groucho,Q08117; P32298; Q04724; Q04725; Q04726; Q04727; Q9H808,
Contribution of Soluble Factors to EMT,Groucho,Q08117; P32298; Q04724; Q04725; Q04726; Q04727; Q9H808,
Contribution of Soluble Factors to EMT,GRP78BP,P11021,
Contribution of Soluble Factors to EMT,GSK-3,,A8MT37; P49841
Contribution of Soluble Factors to EMT,GSK-3-,,A8MT37; P49841
Contribution of Soluble Factors to EMT,GSK-3β,,A8MT37; P49841
Contribution of Soluble Factors to EMT,HAT,Q92830; O14929; Q9H7Z6; O95251; Q92794; Q8WYB5; O60502; Q09472; Q92831; Q16576; Q92993; Q92793; O15516; Q9Y6Q9; Q6ZRS2,
Contribution of Soluble Factors to EMT,HDAC,Q13547; Q969S8; Q96DB2; Q92769; O15379; P56524; Q9UQL6; Q9UBN7; Q8WUI4; Q9BY41; Q9UKV0,
Contribution of Soluble Factors to EMT,JNK,P45983; P45984; P53779,
Contribution of Soluble Factors to EMT,KDM5A,P29375,
Contribution of Soluble Factors to EMT,KDM5A,P29375,
Contribution of Soluble Factors to EMT,Lef1/Tcf1,,D6RAB1
Contribution of Soluble Factors to EMT,Lef1/Tcf1,,D6RAB1
Contribution of Soluble Factors to EMT,MAML,Q92585; Q8IZL2; Q96JK9,
Contribution of Soluble Factors to EMT,MEK1/2,,B4DFY5
Contribution of Soluble Factors to EMT,MMP3,P08254,
Contribution of Soluble Factors to EMT,MMP7,P09237,
Contribution of Soluble Factors to EMT,NF--B,,Q16157; Q16446
Contribution of Soluble Factors to EMT,NF--B,,Q16157; Q16446
Contribution of Soluble Factors to EMT,NICD,P46531; Q04721; Q9NR61; Q8NFT8; Q7Z3S9; P0DPK3; P0DPK4; Q9UM47; Q99466; Q7Z6K4; A3KN83; Q9Y2G9; P31314,
Contribution of Soluble Factors to EMT,NICD,P46531; Q04721; Q9NR61; Q8NFT8; Q7Z3S9; P0DPK3; P0DPK4; Q9UM47; Q99466; Q7Z6K4; A3KN83; Q9Y2G9; P31314,
Contribution of Soluble Factors to EMT,NICD,P46531; Q04721; Q9NR61; Q8NFT8; Q7Z3S9; P0DPK3; P0DPK4; Q9UM47; Q99466; Q7Z6K4; A3KN83; Q9Y2G9; P31314,
Contribution of Soluble Factors to EMT,NICD,P46531; Q04721; Q9NR61; Q8NFT8; Q7Z3S9; P0DPK3; P0DPK4; Q9UM47; Q99466; Q7Z6K4; A3KN83; Q9Y2G9; P31314,
Contribution of Soluble Factors to EMT,NICD,P46531; Q04721; Q9NR61; Q8NFT8; Q7Z3S9; P0DPK3; P0DPK4; Q9UM47; Q99466; Q7Z6K4; A3KN83; Q9Y2G9; P31314,
Contribution of Soluble Factors to EMT,Notch,P46531; Q04721; Q9NR61; Q8NFT8; Q7Z3S9; P0DPK3; P0DPK4; Q9UM47; Q99466; Q7Z6K4; A3KN83; Q9Y2G9; P31314,
Contribution of Soluble Factors to EMT,p38,Q16539,
Contribution of Soluble Factors to EMT,PI3K,O00443; O00750; O75747; P42338; O00459; Q99570,
Contribution of Soluble Factors to EMT,PKC,P41743; Q05513,
Contribution of Soluble Factors to EMT,PLC,Q9NQ66; Q00722; Q01970; Q15147; P51178; Q8N3E9; Q9BRC7; Q9P212; P19174; P16885; Q4KWH8; Q15111; Q9UPR0; O75038; Q86YW0,
Contribution of Soluble Factors to EMT,PP2A,P67775; P62714,
Contribution of Soluble Factors to EMT,Rac1,P63000,
Contribution of Soluble Factors to EMT,Raf,P15056,
Contribution of Soluble Factors to EMT,Ras,P01112; P01116; P01111; P10301,
Contribution of Soluble Factors to EMT,SKIP,P63208; Q13309,
Contribution of Soluble Factors to EMT,Slug,O43623,
Contribution of Soluble Factors to EMT,Smad1,Q15797; Q15796; P84022; Q13485; Q99717; O43541; O15105; O15198,
Contribution of Soluble Factors to EMT,Smad1,Q15797; Q15796; P84022; Q13485; Q99717; O43541; O15105; O15198,
Contribution of Soluble Factors to EMT,Smad2,Q15796,
Contribution of Soluble Factors to EMT,Smad2,Q15796,
Contribution of Soluble Factors to EMT,Smad3,P84022,
Contribution of Soluble Factors to EMT,Smad3,P84022,
Contribution of Soluble Factors to EMT,Smad4,Q13485,
Contribution of Soluble Factors to EMT,Smad4,Q13485,
Contribution of Soluble Factors to EMT,Smad5,Q99717,
Contribution of Soluble Factors to EMT,Smad5,Q99717,
Contribution of Soluble Factors to EMT,SMAD6/7,,H0YK80
Contribution of Soluble Factors to EMT,Smad8/9,,O15198
Contribution of Soluble Factors to EMT,Smad8/9,,O15198
Contribution of Soluble Factors to EMT,Smurf1,Q9HCE7,
Contribution of Soluble Factors to EMT,Smurf2,Q9HAU4,
Contribution of Soluble Factors to EMT,Snail,O95863; O43623; Q3KNW1,
Contribution of Soluble Factors to EMT,Sox10,P56693,
Contribution of Soluble Factors to EMT,Sox9,P48436,
Contribution of Soluble Factors to EMT,Sox9,P48436,
Contribution of Soluble Factors to EMT,Stat3,P40763,
Contribution of Soluble Factors to EMT,TCF,Q8JHX2,
Contribution of Soluble Factors to EMT,TGF-βR1,,Q96GN5
Contribution of Soluble Factors to EMT,TGF-βR1,,Q96GN5
Contribution of Soluble Factors to EMT,TGF-βR2,,
Contribution of Soluble Factors to EMT,TGF-βR2,,
Contribution of Soluble Factors to EMT,TM,P07204,
Contribution of Soluble Factors to EMT,TM,P07204,
Contribution of Soluble Factors to EMT,TM,P07204,
Contribution of Soluble Factors to EMT,Twist1,Q15672,
Contribution of Soluble Factors to EMT,Wnt,P04628,
Contribution of Soluble Factors to EMT,Wnt,P04628,
Contribution of Soluble Factors to EMT,Wnt5A,P41221,
Contribution of Soluble Factors to EMT,Wnt5B,Q9H1J7,
Contribution of Soluble Factors to EMT,WTX,Q5JTC6,
Contribution of Soluble Factors to EMT,ZEB1/2,,F6TDF5
Contribution of Soluble Factors to EMT,β-catenin,,
Contribution of Soluble Factors to EMT,β-catenin,,
Contribution of Soluble Factors to EMT,β-catenin,,
Contribution of Soluble Factors to EMT,β-catenin,,
Contribution of Soluble Factors to EMT,β-catenin,,
Contribution of Soluble Factors to EMT,β-catenin,,
Death Receptor Signaling,Acinus,Q9UKV3,
Death Receptor Signaling,Actin,P68133; P62736; P60709; P68032; P63261; P63267,
Death Receptor Signaling,Apaf1,O14727,
Death Receptor Signaling,APO-2L/TRAIL,,P50591
Death Receptor Signaling,APO-3L/TWEAK,,
Death Receptor Signaling,ASK1,Q99683,
Death Receptor Signaling,Bcl-2,,
Death Receptor Signaling,Bcl-2,,
Death Receptor Signaling,BID,P55957,
Death Receptor Signaling,Casp-3,,
Death Receptor Signaling,Casp-6,,
Death Receptor Signaling,Casp-7,,
Death Receptor Signaling,Casp-8,,
Death Receptor Signaling,Casp-8,,
Death Receptor Signaling,"Casp-8,10",,
Death Receptor Signaling,"Casp-8,10",,
Death Receptor Signaling,Casp-9,,
Death Receptor Signaling,cIAP1/2,,
Death Receptor Signaling,cIAP1/2,,
Death Receptor Signaling,cIAP1/2,,
Death Receptor Signaling,CYLD,Q9NQC7,
Death Receptor Signaling,Cyto c,,
Death Receptor Signaling,Daxx,Q9UER7,
Death Receptor Signaling,DFF40,O76075,
Death Receptor Signaling,DFF45,O00273,
Death Receptor Signaling,DR3 APO-3,,Q93038
Death Receptor Signaling,DR4/5,,O00220
Death Receptor Signaling,FADD,Q13158,
Death Receptor Signaling,FADD,Q13158,
Death Receptor Signaling,FADD,Q13158,
Death Receptor Signaling,FADD,Q13158,
Death Receptor Signaling,FADD,Q13158,
Death Receptor Signaling,Fas/CD95,,K9J972
Death Receptor Signaling,FASL,P48023,
Death Receptor Signaling,FLIP,O15519,
Death Receptor Signaling,GAS2,,E9PM28
Death Receptor Signaling,IKB,,
Death Receptor Signaling,IKB,,
Death Receptor Signaling,IKKα,,
Death Receptor Signaling,IKKα/β/γ,,
Death Receptor Signaling,JNK,P45983; P45984; P53779,
Death Receptor Signaling,Lamin A,,
Death Receptor Signaling,MKK1,,
Death Receptor Signaling,MLKL,Q8NB16,
Death Receptor Signaling,NF-KB,,
Death Receptor Signaling,NF-KB p100,,
Death Receptor Signaling,NF-KB p50,,
Death Receptor Signaling,NIK,Q99558,
Death Receptor Signaling,p52,,
Death Receptor Signaling,PARP,P09874,
Death Receptor Signaling,RelA,,E9PI38
Death Receptor Signaling,RelB,Q01201,
Death Receptor Signaling,RelB,Q01201,
Death Receptor Signaling,RIP,,P52594; Q13546; Q86UA6; Q9Y4B6
Death Receptor Signaling,RIP,,P52594; Q13546; Q86UA6; Q9Y4B6
Death Receptor Signaling,RIP1,,Q13546
Death Receptor Signaling,RIP1,,Q13546
Death Receptor Signaling,RIP1,,Q13546
Death Receptor Signaling,RIP3,Q9Y572,
Death Receptor Signaling,ROCK1,Q13464,
Death Receptor Signaling,Smac,Q9NR28,
Death Receptor Signaling,tBID,P55957,
Death Receptor Signaling,TNF-R1,,
Death Receptor Signaling,TNF-R2,,
Death Receptor Signaling,TNF-α,,P01375
Death Receptor Signaling,TNF-α,,P01375
Death Receptor Signaling,TRADD,Q15628,
Death Receptor Signaling,TRADD,Q15628,
Death Receptor Signaling,TRADD,Q15628,
Death Receptor Signaling,TRAF1,Q13077,
Death Receptor Signaling,TRAF1,Q13077,
Death Receptor Signaling,TRAF2,Q12933; Q9Y4K3,
Death Receptor Signaling,TRAF2,Q12933; Q9Y4K3,
Death Receptor Signaling,TRAF2,Q12933; Q9Y4K3,
Death Receptor Signaling,TRAF3,Q13114,
Death Receptor Signaling,XIAP,P98170,
Death Receptor Signaling,XIAP,P98170,
Death Receptor Signaling,α-Fodrin,,
DNA Damage Repair (early version),Artemis,Q96SD1,
DNA Damage Repair (early version),ATM,Q13315,
DNA Damage Repair (early version),ATR,Q13535,
DNA Damage Repair (early version),ATRIP,Q8WXE1,
DNA Damage Repair (early version),BRCA1,P38398,
DNA Damage Repair (early version),BRCA2,P51587,
DNA Damage Repair (early version),CDC25A,P30304,
DNA Damage Repair (early version),CDK2,P24941,
DNA Damage Repair (early version),CDK2,P24941,
DNA Damage Repair (early version),CHK1,O14757,
DNA Damage Repair (early version),CHK2,O96017,
DNA Damage Repair (early version),DNA Ligase III,,
DNA Damage Repair (early version),DNA-PK,,
DNA Damage Repair (early version),H2AX,,P16104
DNA Damage Repair (early version),H2AX,,P16104
DNA Damage Repair (early version),Ku,,
DNA Damage Repair (early version),MDM2,Q00987,
DNA Damage Repair (early version),MRN,,
DNA Damage Repair (early version),p21,P38936,
DNA Damage Repair (early version),p53,P04637,
DNA Damage Repair (early version),PALB2,Q86YC2,
DNA Damage Repair (early version),PARP,,
DNA Damage Repair (early version),PARP,,
DNA Damage Repair (early version),POLB,,E5RG65
DNA Damage Repair (early version),RAD51,Q06609,
DNA Damage Repair (early version),RPA,P27694,
DNA Damage Repair (early version),TOPB1,,Q92547
DNA Damage Repair (early version),WEE1,P30291,
DNA Damage Repair (early version),XRC1,,
DNA Damage Repair (early version),XRCC4,Q13426,
DNA Damage Response,APE1,P27695,
DNA Damage Response,APTX,Q7Z2E3,
DNA Damage Response,Artemis,Q96SD1,
DNA Damage Response,ATM,Q13315,
DNA Damage Response,ATR,Q13535,
DNA Damage Response,ATRIP,Q8WXE1,
DNA Damage Response,BRCA1,P38398,
DNA Damage Response,BRCA2,P51587,
DNA Damage Response,CDC25A,P30304,
DNA Damage Response,CDK2,P24941,
DNA Damage Response,CHK1,O14757,
DNA Damage Response,CHK2,O96017,
DNA Damage Response,CtIP,Q99708,
DNA Damage Response,DNA-PK,P78527,
DNA Damage Response,ERCC1-XPF,P07992,
DNA Damage Response,EX01,Q9UQ84,
DNA Damage Response,FAN1,Q9Y2M0,
DNA Damage Response,FANCD,Q9BXW9,
DNA Damage Response,FANCI,Q9NVI1,
DNA Damage Response,FANCM,Q8IYD8,
DNA Damage Response,Ku70/Ku80,P12956; P13010,
DNA Damage Response,LIG1/3,P18858; P49916,
DNA Damage Response,LIG4,P49917,
DNA Damage Response,MDM2,Q00987,
DNA Damage Response,MLH1,P40692,
DNA Damage Response,Mre11,P49959,
DNA Damage Response,MRE11,P49959,
DNA Damage Response,MSH2,P43246,
DNA Damage Response,MSH6,P52701,
DNA Damage Response,NBS1,O60934,
DNA Damage Response,p21,P38936,
DNA Damage Response,p53,P04637,
DNA Damage Response,PALB2,Q86YC2,
DNA Damage Response,PARG,Q86W56,
DNA Damage Response,PARP1,P09874,
DNA Damage Response,PCNA,P12004,
DNA Damage Response,PNKP,Q96T60,
DNA Damage Response,Rad17/RFC,O75943,
DNA Damage Response,Rad18,Q9NS91,
DNA Damage Response,RAD50,Q92878,
DNA Damage Response,RAD51,Q06609,
DNA Damage Response,Rad6,P49459,
DNA Damage Response,RPA,P27694,
DNA Damage Response,TFIIH,P50613; P18074; P32780; Q13888; Q92759; Q6ZYL4; P19447,
DNA Damage Response,Wee1,P30291,
DNA Damage Response,XLF,Q9H9Q4,
DNA Damage Response,XPA,P23025,
DNA Damage Response,XPC,Q01831,
DNA Damage Response,XPG,P28715,
DNA Damage Response,XRCC1,P18887,
DNA Damage Response,XRCC4,Q13426,
DNA Methlyation,CAF1,,Q9UIV1
DNA Methlyation,CAF1,,Q9UIV1
DNA Methlyation,CoREST,,
DNA Methlyation,DMAP1,,Q5TG36
DNA Methlyation,DMAP1,,Q5TG36
DNA Methlyation,DNMT1,,K7EIZ6
DNA Methlyation,DNMT1,,K7EIZ6
DNA Methlyation,DNMT3A/B,,F8WE91
DNA Methlyation,DNMT3A/B,,F8WE91
DNA Methlyation,DNMT3L,,C9J0T5
DNA Methlyation,DNMT3L,,C9J0T5
DNA Methlyation,HDAC,,
DNA Methlyation,HDAC1,,Q13547
DNA Methlyation,HDAC1,,Q13547
DNA Methlyation,HDAC2,,E5RFI6
DNA Methlyation,HP1,,
DNA Methlyation,MBD1,,K7EIN3
DNA Methlyation,MBD1,,K7EIN3
DNA Methlyation,MBD2/4,,J3KSA7
DNA Methlyation,MCAF,,Q6VMQ6
DNA Methlyation,MeCP2,,B5MCB4
DNA Methlyation,NuRD Complex,,
DNA Methlyation,PCNA,,P12004
DNA Methlyation,PCNA,,P12004
DNA Methlyation,SETDB1,,B0QZE6
DNA Methlyation,Sin3A,,H3BMA2
DNA Methlyation,SUV39H1,,O43463
DNA Methlyation,TET1/2/3,,Q8NFU7
DNA Methlyation,TF,,C9JB55
DNA Methlyation,UHRF1,,Q96T88
DNA Methlyation,UHRF1,,Q96T88
Dopamine Signaling_interactive icons,AC,,
Dopamine Signaling_interactive icons,Akt,P31749; P31751; Q9Y243,
Dopamine Signaling_interactive icons,ATF,P18846,
Dopamine Signaling_interactive icons,CDK5,Q00535,
Dopamine Signaling_interactive icons,CREB,P16220,
Dopamine Signaling_interactive icons,CREM,Q03060,
Dopamine Signaling_interactive icons,DARPP-32,,
Dopamine Signaling_interactive icons,DARPP-32,,
Dopamine Signaling_interactive icons,DJ-1,,
Dopamine Signaling_interactive icons,Dopa Decarboxylase,P20711,
Dopamine Signaling_interactive icons,Gαi,,
Dopamine Signaling_interactive icons,Gαs,,
Dopamine Signaling_interactive icons,JNK,P45983; P45984; P53779,
Dopamine Signaling_interactive icons,MKK4/7,,J3QLE2
Dopamine Signaling_interactive icons,Parkin,O60260,
Dopamine Signaling_interactive icons,PINK1,Q9BXM7,
Dopamine Signaling_interactive icons,PKA,P17612; P22694; P22612; P10644; P31321; P13861; P31323,
Dopamine Signaling_interactive icons,PP1,P62136; P62140; P36873,
Dopamine Signaling_interactive icons,REDD1,Q9NX09,
Dopamine Signaling_interactive icons,SNAP25,,P60880
Dopamine Signaling_interactive icons,Syntaxin1,,
Dopamine Signaling_interactive icons,Tyrosine Hydroxylase,,
Dopamine Signaling_interactive icons,VAMP2,,F8WCA0
Dopamine Signaling_interactive icons,α-Synuclein,,
Dopamine Signaling_interactive icons,"β,γ",,
Dopamine Signaling_interactive icons,"β,γ",,
"Epigenetics Writers and Erasers of Histones H2A, H2B, and H4",AMPK,Q13131; P54646; Q9Y478; O43741; P54619; Q9UGJ0; Q9UGI9,
"Epigenetics Writers and Erasers of Histones H2A, H2B, and H4","ASH1L/KMT2H (Me1,2,3)",,P48163
"Epigenetics Writers and Erasers of Histones H2A, H2B, and H4",CBP/KAT3A,,Q92793; Q9NWQ8
"Epigenetics Writers and Erasers of Histones H2A, H2B, and H4",CBP/KAT3A,,Q92793; Q9NWQ8
"Epigenetics Writers and Erasers of Histones H2A, H2B, and H4",CBP/KAT3A,,Q92793; Q9NWQ8
"Epigenetics Writers and Erasers of Histones H2A, H2B, and H4",CBP/KAT3A,,Q92793; Q9NWQ8
"Epigenetics Writers and Erasers of Histones H2A, H2B, and H4",CBP/KAT3A,,Q92793; Q9NWQ8
"Epigenetics Writers and Erasers of Histones H2A, H2B, and H4",CBP/KAT3A,,Q92793; Q9NWQ8
"Epigenetics Writers and Erasers of Histones H2A, H2B, and H4",CBP/KAT3A,,Q92793; Q9NWQ8
"Epigenetics Writers and Erasers of Histones H2A, H2B, and H4",CBP/KAT3A,,Q92793; Q9NWQ8
"Epigenetics Writers and Erasers of Histones H2A, H2B, and H4",ELP3,Q8IUD2; O15083,
"Epigenetics Writers and Erasers of Histones H2A, H2B, and H4",GCN5L2/KAT2A,,K7EPC4
"Epigenetics Writers and Erasers of Histones H2A, H2B, and H4",GCN5L2/KAT2A,,K7EPC4
"Epigenetics Writers and Erasers of Histones H2A, H2B, and H4",GCN5L2/KAT2A,,K7EPC4
"Epigenetics Writers and Erasers of Histones H2A, H2B, and H4",GCN5L2/KAT2A,,K7EPC4
"Epigenetics Writers and Erasers of Histones H2A, H2B, and H4",HAT1,,F8W9G7
"Epigenetics Writers and Erasers of Histones H2A, H2B, and H4",HAT1,,F8W9G7
"Epigenetics Writers and Erasers of Histones H2A, H2B, and H4",HAT1,,F8W9G7
"Epigenetics Writers and Erasers of Histones H2A, H2B, and H4",HDAC5,,K7EJL4
"Epigenetics Writers and Erasers of Histones H2A, H2B, and H4","JHDM1D/KDM7A (Me1,2)",,P48163
"Epigenetics Writers and Erasers of Histones H2A, H2B, and H4",MSK1,O75582,
"Epigenetics Writers and Erasers of Histones H2A, H2B, and H4",MST1,,G3XAK1
"Epigenetics Writers and Erasers of Histones H2A, H2B, and H4",MYST1/KAT8,,H3BMX5
"Epigenetics Writers and Erasers of Histones H2A, H2B, and H4",MYST2/KAT7,,B4DGH8
"Epigenetics Writers and Erasers of Histones H2A, H2B, and H4",MYST2/KAT7,,B4DGH8
"Epigenetics Writers and Erasers of Histones H2A, H2B, and H4",MYST2/KAT7,,B4DGH8
"Epigenetics Writers and Erasers of Histones H2A, H2B, and H4","NSD1/KMT3B (Me1,2",,P48163
"Epigenetics Writers and Erasers of Histones H2A, H2B, and H4","NSD2/KMT3G (Me1,2)",,P48163
"Epigenetics Writers and Erasers of Histones H2A, H2B, and H4",p300/KAT3B,,Q09472
"Epigenetics Writers and Erasers of Histones H2A, H2B, and H4",p300/KAT3B,,Q09472
"Epigenetics Writers and Erasers of Histones H2A, H2B, and H4",p300/KAT3B,,Q09472
"Epigenetics Writers and Erasers of Histones H2A, H2B, and H4",p300/KAT3B,,Q09472
"Epigenetics Writers and Erasers of Histones H2A, H2B, and H4",p300/KAT3B,,Q09472
"Epigenetics Writers and Erasers of Histones H2A, H2B, and H4",p300/KAT3B,,Q09472
"Epigenetics Writers and Erasers of Histones H2A, H2B, and H4",p300/KAT3B,,Q09472
"Epigenetics Writers and Erasers of Histones H2A, H2B, and H4",p300/KAT3B,,Q09472
"Epigenetics Writers and Erasers of Histones H2A, H2B, and H4",p300/KAT3B,,Q09472
"Epigenetics Writers and Erasers of Histones H2A, H2B, and H4",PAK2,Q13153,
"Epigenetics Writers and Erasers of Histones H2A, H2B, and H4","PHF8/KDM7B (Me1,2)",,P48163
"Epigenetics Writers and Erasers of Histones H2A, H2B, and H4",PKC,P41743; Q05513,
"Epigenetics Writers and Erasers of Histones H2A, H2B, and H4",PKC,P41743; Q05513,
"Epigenetics Writers and Erasers of Histones H2A, H2B, and H4",PRMT1 (Me2a),,E9PIE2
"Epigenetics Writers and Erasers of Histones H2A, H2B, and H4",PRMT1 (Me2a),,E9PIE2
"Epigenetics Writers and Erasers of Histones H2A, H2B, and H4",PRMT1 (Me2a),,E9PIE2
"Epigenetics Writers and Erasers of Histones H2A, H2B, and H4",PRMT1 (Me2a),,E9PIE2
"Epigenetics Writers and Erasers of Histones H2A, H2B, and H4",PRMT5 (Me2s),,C9JSX3
"Epigenetics Writers and Erasers of Histones H2A, H2B, and H4",PRMT6 (Me2a),,Q96LA8
"Epigenetics Writers and Erasers of Histones H2A, H2B, and H4",PRMT6 (Me2a),,Q96LA8
"Epigenetics Writers and Erasers of Histones H2A, H2B, and H4",PRMT6 (Me2a),,Q96LA8
"Epigenetics Writers and Erasers of Histones H2A, H2B, and H4",PRMT6 (Me2a),,Q96LA8
"Epigenetics Writers and Erasers of Histones H2A, H2B, and H4","Ring1A,B",,Q06587
"Epigenetics Writers and Erasers of Histones H2A, H2B, and H4",RNF20,,C9J0A5
"Epigenetics Writers and Erasers of Histones H2A, H2B, and H4",RNF40,,H3BP71
"Epigenetics Writers and Erasers of Histones H2A, H2B, and H4",SET8/KMT5A (Me1),,P48163
"Epigenetics Writers and Erasers of Histones H2A, H2B, and H4",SirT1,Q96EB6,
"Epigenetics Writers and Erasers of Histones H2A, H2B, and H4",SirT2,Q8IXJ6,
"Epigenetics Writers and Erasers of Histones H2A, H2B, and H4",SirT6,,M0QXA0
"Epigenetics Writers and Erasers of Histones H2A, H2B, and H4","SUV420H1/KMT5B (Me2,3)",,P23368
"Epigenetics Writers and Erasers of Histones H2A, H2B, and H4","SUV420H2/KMT5C (Me2,3)",,P23368
"Epigenetics Writers and Erasers of Histones H2A, H2B, and H4",Tip60/KAT5,,E9PJI1
"Epigenetics Writers and Erasers of Histones H2A, H2B, and H4",Tip60/KAT5,,E9PJI1
"Epigenetics Writers and Erasers of Histones H2A, H2B, and H4",Tip60/KAT5,,E9PJI1
"Epigenetics Writers and Erasers of Histones H2A, H2B, and H4",Tip60/KAT5,,E9PJI1
"Epigenetics Writers and Erasers of Histones H2A, H2B, and H4",Tip60/KAT5,,E9PJI1
"Epigenetics Writers and Erasers of Histones H2A, H2B, and H4",Tip60/KAT5,,E9PJI1
Epigenetics Writers and Erasers of Histones H3,"AOF1/KDM1B (Me1,2)",,P48163
Epigenetics Writers and Erasers of Histones H3,"AOF1/KDM1B (Me1,2)",,P48163
Epigenetics Writers and Erasers of Histones H3,"ASH1L/KMT2H (Me1,2)",,P48163
Epigenetics Writers and Erasers of Histones H3,"ASH1L/KMT2H (Me1,2,3)",,P48163
Epigenetics Writers and Erasers of Histones H3,Aurora A,,
Epigenetics Writers and Erasers of Histones H3,Aurora A,,
Epigenetics Writers and Erasers of Histones H3,Aurora B,,Q16157; Q16446
Epigenetics Writers and Erasers of Histones H3,CARM1 (Me2a),,K7EIQ8
Epigenetics Writers and Erasers of Histones H3,CARM1 (Me2a),,K7EIQ8
Epigenetics Writers and Erasers of Histones H3,CBP/KAT3A,,Q92793; Q9NWQ8
Epigenetics Writers and Erasers of Histones H3,CBP/KAT3A,,Q92793; Q9NWQ8
Epigenetics Writers and Erasers of Histones H3,CBP/KAT3A,,Q92793; Q9NWQ8
Epigenetics Writers and Erasers of Histones H3,CBP/KAT3A,,Q92793; Q9NWQ8
Epigenetics Writers and Erasers of Histones H3,CBP/KAT3A,,Q92793; Q9NWQ8
Epigenetics Writers and Erasers of Histones H3,CBP/KAT3A,,Q92793; Q9NWQ8
Epigenetics Writers and Erasers of Histones H3,CBP/KAT3A,,Q92793; Q9NWQ8
Epigenetics Writers and Erasers of Histones H3,CHK1,,O14757
Epigenetics Writers and Erasers of Histones H3,"CLLD8/KMT1F (Me1,2)",,P48163
Epigenetics Writers and Erasers of Histones H3,CLOCK/KAT13D,,C9JK03
Epigenetics Writers and Erasers of Histones H3,DAPK3,,M0QYW5
Epigenetics Writers and Erasers of Histones H3,"DOT1L/KMT4 (Me1,2,3)",,P48163
Epigenetics Writers and Erasers of Histones H3,"EHMT1/KMT1D (Me1,2)",,P48163
Epigenetics Writers and Erasers of Histones H3,ELP3,,B4DKA4
Epigenetics Writers and Erasers of Histones H3,ELP3,,B4DKA4
Epigenetics Writers and Erasers of Histones H3,ELP3,,B4DKA4
Epigenetics Writers and Erasers of Histones H3,"ESET (Me1,2)",,P48163
Epigenetics Writers and Erasers of Histones H3,"EZH1 (Me1,2)",,K7EIH5
Epigenetics Writers and Erasers of Histones H3,"EZH2 (Me1,2,3)",,E9PDH6
Epigenetics Writers and Erasers of Histones H3,FBXL10/KDM2B (Me2),,P23368
Epigenetics Writers and Erasers of Histones H3,FBXL11/KDM2B (Me2),,P23368
Epigenetics Writers and Erasers of Histones H3,"G9a/EHMT2 (Me1,2)",,P48163
Epigenetics Writers and Erasers of Histones H3,"G9a/EHMT2 (Me1,2)",,P48163
Epigenetics Writers and Erasers of Histones H3,GCN5L2/KAT2A,,K7EPC4
Epigenetics Writers and Erasers of Histones H3,GCN5L2/KAT2A,,K7EPC4
Epigenetics Writers and Erasers of Histones H3,GCN5L2/KAT2A,,K7EPC4
Epigenetics Writers and Erasers of Histones H3,GCN5L2/KAT2A,,K7EPC4
Epigenetics Writers and Erasers of Histones H3,GCN5L2/KAT2A,,K7EPC4
Epigenetics Writers and Erasers of Histones H3,GCN5L2/KAT2A,,K7EPC4
Epigenetics Writers and Erasers of Histones H3,HDAC1,,Q13547
Epigenetics Writers and Erasers of Histones H3,HDAC2,,E5RFI6
Epigenetics Writers and Erasers of Histones H3,"JARID1A/KDM5A (Me2,3)",,P23368
Epigenetics Writers and Erasers of Histones H3,"JARID1B/KDM5B (Me2,3)",,P23368
Epigenetics Writers and Erasers of Histones H3,"JARID1C/KDM5C (Me2,3)",,P23368
Epigenetics Writers and Erasers of Histones H3,"JARID1D/KDM5D (Me2,3)",,P23368
Epigenetics Writers and Erasers of Histones H3,"JHDM1D/KDM7A (Me1,2)",,P48163
Epigenetics Writers and Erasers of Histones H3,"JMJD1A/KDM3A (Me1,2)",,P48163
Epigenetics Writers and Erasers of Histones H3,"JMJD1B/KDM3B (Me1,2)",,P48163
Epigenetics Writers and Erasers of Histones H3,"JMJD1C/KDM3C (Me1,2)",,P48163
Epigenetics Writers and Erasers of Histones H3,"JMJD2A/KDM4A (Me2,3)",,P23368
Epigenetics Writers and Erasers of Histones H3,"JMJD2A/KDM4A (Me2,3)",,P23368
Epigenetics Writers and Erasers of Histones H3,"JMJD2A/KDM4A (Me2,3)",,P23368
Epigenetics Writers and Erasers of Histones H3,"JMJD2B/KDM4B (Me2,3)",,P23368
Epigenetics Writers and Erasers of Histones H3,"JMJD2B/KDM4B (Me2,3)",,P23368
Epigenetics Writers and Erasers of Histones H3,"JMJD2B/KDM4B (Me2,3)",,P23368
Epigenetics Writers and Erasers of Histones H3,"JMJD2C/KDM4C (Me2,3)",,P23368
Epigenetics Writers and Erasers of Histones H3,"JMJD2C/KDM4C (Me2,3)",,P23368
Epigenetics Writers and Erasers of Histones H3,"JMJD2C/KDM4C (Me2,3)",,P23368
Epigenetics Writers and Erasers of Histones H3,"JMJD2D/KDM4D (Me2,3)",,P23368
Epigenetics Writers and Erasers of Histones H3,"JMJD2D/KDM4D (Me2,3)",,P23368
Epigenetics Writers and Erasers of Histones H3,"JMJD2E/KDM4DL (Me2,3)",,P23368
Epigenetics Writers and Erasers of Histones H3,"JMJD3/KDM6B (Me 2,3)",,I3L0Z0
Epigenetics Writers and Erasers of Histones H3,"KDM4E (Me2,3)",,B2RXH2
Epigenetics Writers and Erasers of Histones H3,"LSD1/KDM1A (Me1,2)",,P48163
Epigenetics Writers and Erasers of Histones H3,"LSD1/KDM1A (Me1,2)",,P48163
Epigenetics Writers and Erasers of Histones H3,"MLL1/KMT2A (Me1,2,3)",,P48163
Epigenetics Writers and Erasers of Histones H3,"MLL2/KMT2B (Me1,2,3)",,P48163
Epigenetics Writers and Erasers of Histones H3,MLL3/KMT2C (Me1),,P48163
Epigenetics Writers and Erasers of Histones H3,MLL4/KMT2D (Me1),,P48163
Epigenetics Writers and Erasers of Histones H3,MORF/KAT6B,,Q8WYB5
Epigenetics Writers and Erasers of Histones H3,MOZ/KAT6A,,A5PLL3
Epigenetics Writers and Erasers of Histones H3,MOZ/KAT6A,,A5PLL3
Epigenetics Writers and Erasers of Histones H3,"MSK1,2",,O75582
Epigenetics Writers and Erasers of Histones H3,"MSK1,2",,O75582
Epigenetics Writers and Erasers of Histones H3,MYST2/KAT7,,B4DGH8
Epigenetics Writers and Erasers of Histones H3,MYST2/KAT7,,B4DGH8
Epigenetics Writers and Erasers of Histones H3,"NSD1/KMT3B (Me1,2)",,P48163
Epigenetics Writers and Erasers of Histones H3,"NSD2/KMT3G (Me1,2)",,P48163
Epigenetics Writers and Erasers of Histones H3,"NSD3/KMT3F (Me1,2)",,P48163
Epigenetics Writers and Erasers of Histones H3,p300/KAT3B,,Q09472
Epigenetics Writers and Erasers of Histones H3,p300/KAT3B,,Q09472
Epigenetics Writers and Erasers of Histones H3,p300/KAT3B,,Q09472
Epigenetics Writers and Erasers of Histones H3,p300/KAT3B,,Q09472
Epigenetics Writers and Erasers of Histones H3,p300/KAT3B,,Q09472
Epigenetics Writers and Erasers of Histones H3,p300/KAT3B,,Q09472
Epigenetics Writers and Erasers of Histones H3,p300/KAT3B,,Q09472
Epigenetics Writers and Erasers of Histones H3,PCAF/KAT2B,,Q92831
Epigenetics Writers and Erasers of Histones H3,PCAF/KAT2B,,Q92831
Epigenetics Writers and Erasers of Histones H3,PCAF/KAT2B,,Q92831
Epigenetics Writers and Erasers of Histones H3,PCAF/KAT2B,,Q92831
Epigenetics Writers and Erasers of Histones H3,PCAF/KAT2B,,Q92831
Epigenetics Writers and Erasers of Histones H3,"PHF8/KDM7B (Me1,2)",,P48163
Epigenetics Writers and Erasers of Histones H3,"PHF8/KDM7B (Me2,3)",,P23368
Epigenetics Writers and Erasers of Histones H3,PKCB1,,
Epigenetics Writers and Erasers of Histones H3,PRDM16/KMT8F (Me1),,P48163
Epigenetics Writers and Erasers of Histones H3,"PRDM2/KMT8A (Me1,2,3)",,P48163
Epigenetics Writers and Erasers of Histones H3,PRDM3/KMT8E (Me1),,P48163
Epigenetics Writers and Erasers of Histones H3,PRDM8/KMT8D (Me1),,P48163
Epigenetics Writers and Erasers of Histones H3,PRDM9/KMT8B (Me2),,P23368
Epigenetics Writers and Erasers of Histones H3,PRK1,,Q16512
Epigenetics Writers and Erasers of Histones H3,PRMT1 (Me2a),,E9PIE2
Epigenetics Writers and Erasers of Histones H3,PRMT5 (Me2s),,C9JSX3
Epigenetics Writers and Erasers of Histones H3,Sas3/KAT6,,
Epigenetics Writers and Erasers of Histones H3,"SET1A/B (Me1,2,3)",,P48163
Epigenetics Writers and Erasers of Histones H3,"SET7/KMT7 (Me1,2,3)",,P48163
Epigenetics Writers and Erasers of Histones H3,SETD2/KMT3A (Me3),,E9PKA0
Epigenetics Writers and Erasers of Histones H3,SirT1,,B0QZ35
Epigenetics Writers and Erasers of Histones H3,SirT1,,B0QZ35
Epigenetics Writers and Erasers of Histones H3,SirT1,,B0QZ35
Epigenetics Writers and Erasers of Histones H3,SirT2,,B5MCS1
Epigenetics Writers and Erasers of Histones H3,SirT2,,B5MCS1
Epigenetics Writers and Erasers of Histones H3,SirT2,,B5MCS1
Epigenetics Writers and Erasers of Histones H3,SirT6,,M0QXA0
Epigenetics Writers and Erasers of Histones H3,SirT6,,M0QXA0
Epigenetics Writers and Erasers of Histones H3,SirT7,,I3L2A4
Epigenetics Writers and Erasers of Histones H3,"SMYD2/KMT2C (Me1,2)",,P48163
Epigenetics Writers and Erasers of Histones H3,SRC1/NCOA1,,B5MCN7
Epigenetics Writers and Erasers of Histones H3,Survivin,P63165; P61956; P55854; Q6EEV6,
Epigenetics Writers and Erasers of Histones H3,"SUV39H1/KMT1A (Me1,2)",,P48163
Epigenetics Writers and Erasers of Histones H3,"SUV39H1/KMT1A (Me2,3)",,P23368
Epigenetics Writers and Erasers of Histones H3,"SUV39H2/KMT1B (Me1,2)",,P48163
Epigenetics Writers and Erasers of Histones H3,TAF1/KAT4,,H0Y8N6
Epigenetics Writers and Erasers of Histones H3,TFIIIC90/KAT12,,
Epigenetics Writers and Erasers of Histones H3,Tip60/KAT5,,E9PJI1
Epigenetics Writers and Erasers of Histones H3,"UTX/KDM6A (Me2,3)",,P23368
ErbB-HER Signaling,AIP4,,
ErbB-HER Signaling,Akt,P31749; P31751; Q9Y243,
ErbB-HER Signaling,ARF6,P62330,
ErbB-HER Signaling,BDP1,,A6H8Y1
ErbB-HER Signaling,c-Abl,,P00519
ErbB-HER Signaling,Calcineurin,Q08209; P16298; P48454; P63098; Q96LZ3,
ErbB-HER Signaling,Calmodulin,P0DP23,
ErbB-HER Signaling,CaMK,Q9UQM7; Q13554; Q13557; Q13555; Q16566; Q14012; Q6P2M8; Q8IU85; Q96NX5,
ErbB-HER Signaling,Caveolin,Q03135; P51636; P56539,
ErbB-HER Signaling,Cbl,P22681; Q13191; Q9ULV8,
ErbB-HER Signaling,cdc2,P06493,
ErbB-HER Signaling,cdc42,P60953-1,
ErbB-HER Signaling,CREB,P16220,
ErbB-HER Signaling,Crk,P46108,
ErbB-HER Signaling,CXCR4,P61073,
ErbB-HER Signaling,DNA-PK,,
ErbB-HER Signaling,Dok,Q99704; O60496; Q7L591; Q6PKX4; Q18PE1,
ErbB-HER Signaling,E-Cadherin,,
ErbB-HER Signaling,E2F,Q01094; Q14209; O00716; Q16254; Q15329; O75461; Q96AV8; A0AVK6,
ErbB-HER Signaling,EGFR/ErbB-1,,C9JYS6
ErbB-HER Signaling,EGFR/ErbB-1,,C9JYS6
ErbB-HER Signaling,EGFR/ErbB1,,C9JYS6
ErbB-HER Signaling,EGFR/ErbB1,,C9JYS6
ErbB-HER Signaling,EGFR/ErbB1,,C9JYS6
ErbB-HER Signaling,Elk,P19419,
ErbB-HER Signaling,ERK5,Q13164,
ErbB-HER Signaling,FAK,Q05397,
ErbB-HER Signaling,Fos,P01100,
ErbB-HER Signaling,Gab1,Q13480,
ErbB-HER Signaling,GAB2,Q9UQC2,
ErbB-HER Signaling,GEP100,Q6DN90,
ErbB-HER Signaling,GRB2,P62993,
ErbB-HER Signaling,GRB2,P62993,
ErbB-HER Signaling,HER2/ErbB2,,B4DTR1
ErbB-HER Signaling,HER2/ErbB2,,B4DTR1
ErbB-HER Signaling,HER2/ErbB2,,B4DTR1
ErbB-HER Signaling,HER2/ErbB2,,B4DTR1
ErbB-HER Signaling,HER2/ICD,Q15303,
ErbB-HER Signaling,HER3/ErbB3,,B3KWG5
ErbB-HER Signaling,HER4,Q15303,
ErbB-HER Signaling,HER4,Q15303,
ErbB-HER Signaling,HER4/ErbB4,Q15303,
ErbB-HER Signaling,HER4/ErbB4,Q15303,
ErbB-HER Signaling,HER4/ErbB4,Q15303,
ErbB-HER Signaling,HRS,O14964,
ErbB-HER Signaling,ICD,Q15303,
ErbB-HER Signaling,ICD,Q15303,
ErbB-HER Signaling,Importin β1,,
ErbB-HER Signaling,Jak,P23458; O60674; P52333,
ErbB-HER Signaling,JNK,P45983; P45984; P53779,
ErbB-HER Signaling,Jun,,P05412
ErbB-HER Signaling,MAPK,P27361; P28482; Q16659; P31152; Q8TD08,
ErbB-HER Signaling,MEF2,,Q02078
ErbB-HER Signaling,MEF2,,Q02078
ErbB-HER Signaling,MEK,,B4DFY5; M0R1B6
ErbB-HER Signaling,MEK5,Q13163,
ErbB-HER Signaling,MEKK1,Q13233,
ErbB-HER Signaling,MEKK2/3,,Q9Y2U5
ErbB-HER Signaling,MIG6,Q9UJM3,
ErbB-HER Signaling,mTOR,P42345,
ErbB-HER Signaling,Muc1,P15941,
ErbB-HER Signaling,N-CoR,,
ErbB-HER Signaling,Nck1,P16333,
ErbB-HER Signaling,Nemo,,Q9Y6K9
ErbB-HER Signaling,Nup358,P49792,
ErbB-HER Signaling,p130 Cas,P56945,
ErbB-HER Signaling,p70S6K,,K7EIM2; E9PIP7
ErbB-HER Signaling,PAK1,Q13153,
ErbB-HER Signaling,Paxillin,P49023-2,
ErbB-HER Signaling,PCNA,P12004,
ErbB-HER Signaling,PI3K,O00443; O00750; O75747; P42338; O00459; Q99570,
ErbB-HER Signaling,PKC,P41743; Q05513,
ErbB-HER Signaling,PLC,Q9NQ66; Q00722; Q01970; Q15147; P51178; Q8N3E9; Q9BRC7; Q9P212; P19174; P16885; Q4KWH8; Q15111; Q9UPR0; O75038; Q86YW0,
ErbB-HER Signaling,PSD95,P78352,
ErbB-HER Signaling,Rac1,P63000,
ErbB-HER Signaling,Raf,P15056,
ErbB-HER Signaling,Ras,P01112; P01116; P01111; P10301,
ErbB-HER Signaling,Shc,P29353; P98077; Q92529; Q6S5L8,
ErbB-HER Signaling,Shc,P29353; P98077; Q92529; Q6S5L8,
ErbB-HER Signaling,SHP-2,,
ErbB-HER Signaling,SOS,,
ErbB-HER Signaling,Src,P12931,
ErbB-HER Signaling,Stat,P42224; P40763; P42229; P51692,
ErbB-HER Signaling,Stat,P42224; P40763; P42229; P51692,
ErbB-HER Signaling,Stat,P42224; P40763; P42229; P51692,
ErbB-HER Signaling,Stat,P42224; P40763; P42229; P51692,
ErbB-HER Signaling,Syk,P43405,
ErbB-HER Signaling,TAB2,Q9NYJ8,
ErbB-HER Signaling,TACE,P78536,
ErbB-HER Signaling,TNS3,Q68CZ2,
ErbB-HER Signaling,TNS4,Q8IZW8,
ErbB-HER Signaling,TSAd,Q9NP31,
ErbB-HER Signaling,Vav1,P15498,
ErbB-HER Signaling,Yes,P07947,
ErbB-HER Signaling,β-Cat,,P04040
ErbB-HER Signaling,γ-Sec,,
ESC Pluripotency and Differentiation,Akt,P31749; P31751; Q9Y243,
ESC Pluripotency and Differentiation,APC,P25054,
ESC Pluripotency and Differentiation,Axin,O15169; Q9Y2T1,
ESC Pluripotency and Differentiation,BMP,P13497; O95393; O95972; P12643; P12645; P12644; P22003; P22004; P18075; Q7Z5Y6; P34820; Q9UK05; P43026; P55107,
ESC Pluripotency and Differentiation,Erk1/2,,P27361
ESC Pluripotency and Differentiation,Erk1/2,,P27361
ESC Pluripotency and Differentiation,FGFR,P22455,
ESC Pluripotency and Differentiation,Frizzled,Q9UP38; Q9ULW2; Q14332; Q9NPG1; Q9ULV1; Q13467; O60353; O75084; Q9H461; O00144,
ESC Pluripotency and Differentiation,GSK-3,,A8MT37; P49841
ESC Pluripotency and Differentiation,Gαq/o,,
ESC Pluripotency and Differentiation,IGF-IR,,
ESC Pluripotency and Differentiation,LRP,Q07954; P98164; O75074; O75096; O75197; O75581; Q14114; Q7Z4F1; Q86VZ4; Q9Y561; Q9NZR2; Q92673,
ESC Pluripotency and Differentiation,MEK1/2,,B4DFY5
ESC Pluripotency and Differentiation,Nanog,Q9H9S0,
ESC Pluripotency and Differentiation,NICD,P46531; Q04721; Q9UM47; Q99466,
ESC Pluripotency and Differentiation,NICD,P46531; Q04721; Q9UM47; Q99466,
ESC Pluripotency and Differentiation,Notch,P46531; Q04721; Q9UM47; Q99466,
ESC Pluripotency and Differentiation,Oct-4,,
ESC Pluripotency and Differentiation,PI3K,O00443; O00750; O75747; P42338; O00459; Q99570,
ESC Pluripotency and Differentiation,Polycomb,,
ESC Pluripotency and Differentiation,PP2A,P67775; P62714,
ESC Pluripotency and Differentiation,Raf,,P10398; H7C4S5; H7C155
ESC Pluripotency and Differentiation,Ras,,P01112; G3V4K2; P01111
ESC Pluripotency and Differentiation,SARA,O95405,
ESC Pluripotency and Differentiation,Smad1/5/9,,D6RAY1
ESC Pluripotency and Differentiation,Smad1/5/9,,D6RAY1
ESC Pluripotency and Differentiation,Smad1/5/9,,D6RAY1
ESC Pluripotency and Differentiation,Smad1/5/9,,D6RAY1
ESC Pluripotency and Differentiation,Smad1/5/9,,D6RAY1
ESC Pluripotency and Differentiation,Smad2/3,,B7Z5N5
ESC Pluripotency and Differentiation,Smad2/3,,B7Z5N5
ESC Pluripotency and Differentiation,Smad2/3,,B7Z5N5
ESC Pluripotency and Differentiation,Smad2/3,,B7Z5N5
ESC Pluripotency and Differentiation,Smad2/3,,B7Z5N5
ESC Pluripotency and Differentiation,Smad4,Q13485,
ESC Pluripotency and Differentiation,Smad4,Q13485,
ESC Pluripotency and Differentiation,Smad4,Q13485,
ESC Pluripotency and Differentiation,Sox2,P48431,
ESC Pluripotency and Differentiation,TCFs,,
ESC Pluripotency and Differentiation,Wnt,P04628; P09544; Q93097; P56703; P56704; P56705; P41221; Q9H1J7; O00755; P56706; Q9H1J5; Q93098; O14904; O14905; Q9GZT5; O96014; Q9UBV4,
ESC Pluripotency and Differentiation,β-catenin,,
ESC Pluripotency and Differentiation,β-catenin,,
ESC Pluripotency and Differentiation,β-catenin,,
ESC Pluripotency and Differentiation,γ-Secretase,,
Examples of Crosstalk Between Post-Translational Modifications,14-3-3,,
Examples of Crosstalk Between Post-Translational Modifications,Aurora B,,Q16157; Q16446
Examples of Crosstalk Between Post-Translational Modifications,BRD4,O60885,
Examples of Crosstalk Between Post-Translational Modifications,Calcineurin,Q08209; P16298; P48454; P63098; Q96LZ3,
Examples of Crosstalk Between Post-Translational Modifications,CBP/p300,,Q09472
Examples of Crosstalk Between Post-Translational Modifications,Chk2,O96017,
Examples of Crosstalk Between Post-Translational Modifications,GCN5,Q92830,
Examples of Crosstalk Between Post-Translational Modifications,H3,P68431; Q16695,
Examples of Crosstalk Between Post-Translational Modifications,H3,P68431; Q16695,
Examples of Crosstalk Between Post-Translational Modifications,H3,P68431; Q16695,
Examples of Crosstalk Between Post-Translational Modifications,H4,P62805; Q99525; Q6DRA9,
Examples of Crosstalk Between Post-Translational Modifications,HATs,Q92830; O14929; Q9H7Z6; O95251; Q92794; Q8WYB5; O60502; Q09472; Q92831; Q16576; Q92993; Q92793; O15516; Q9Y6Q9; Q6ZRS2,
Examples of Crosstalk Between Post-Translational Modifications,Histone H3,P68431; Q16695,
Examples of Crosstalk Between Post-Translational Modifications,HP1,P45973; P83916; Q13185,
Examples of Crosstalk Between Post-Translational Modifications,HP1,P45973; P83916; Q13185,
Examples of Crosstalk Between Post-Translational Modifications,HP1,P45973; P83916; Q13185,
Examples of Crosstalk Between Post-Translational Modifications,MDM2,Q00987,
Examples of Crosstalk Between Post-Translational Modifications,MDM2,Q00987,
Examples of Crosstalk Between Post-Translational Modifications,MEF2A,Q02078,
Examples of Crosstalk Between Post-Translational Modifications,MEF2A,Q02078,
Examples of Crosstalk Between Post-Translational Modifications,MOF,Q9H7Z6,
Examples of Crosstalk Between Post-Translational Modifications,P-TEFb,,
Examples of Crosstalk Between Post-Translational Modifications,p53,P04637,
Examples of Crosstalk Between Post-Translational Modifications,p53,P04637,
Examples of Crosstalk Between Post-Translational Modifications,p53,P04637,
Examples of Crosstalk Between Post-Translational Modifications,PIAS1,O75925,
Examples of Crosstalk Between Post-Translational Modifications,Pim-1,,
Examples of Crosstalk Between Post-Translational Modifications,Ras,,P01112; G3V4K2; P01111
Examples of Crosstalk Between Post-Translational Modifications,RNA Pol II,,Q8N0V5
Examples of Crosstalk Between Post-Translational Modifications,Set7/9,,Q8WTS6
Examples of Crosstalk Between Post-Translational Modifications,TIP60,Q92993,
G Protein-Coupled Receptors Signaling to MAPK-Erk,AC,,
G Protein-Coupled Receptors Signaling to MAPK-Erk,B-Raf,,
G Protein-Coupled Receptors Signaling to MAPK-Erk,B-Raf,,
G Protein-Coupled Receptors Signaling to MAPK-Erk,c-Raf,,P10398; H7C4S5; H7C155
G Protein-Coupled Receptors Signaling to MAPK-Erk,c-Raf,,P10398; H7C4S5; H7C155
G Protein-Coupled Receptors Signaling to MAPK-Erk,c-Raf,,P10398; H7C4S5; H7C155
G Protein-Coupled Receptors Signaling to MAPK-Erk,C-TAK1,,
G Protein-Coupled Receptors Signaling to MAPK-Erk,"CaMKII,-IV",,
G Protein-Coupled Receptors Signaling to MAPK-Erk,cdc25,P30307,
G Protein-Coupled Receptors Signaling to MAPK-Erk,cPLA2,,P47712
G Protein-Coupled Receptors Signaling to MAPK-Erk,DUSP6,,F8VW29
G Protein-Coupled Receptors Signaling to MAPK-Erk,Dynamin,Q05193; P50570; Q9UQ16,
G Protein-Coupled Receptors Signaling to MAPK-Erk,EPAC,G5E870,
G Protein-Coupled Receptors Signaling to MAPK-Erk,Erk,,P28482; A1QJE5
G Protein-Coupled Receptors Signaling to MAPK-Erk,Erk1/2,,P27361
G Protein-Coupled Receptors Signaling to MAPK-Erk,Erk1/2,,P27361
G Protein-Coupled Receptors Signaling to MAPK-Erk,Erk1/2,,P27361
G Protein-Coupled Receptors Signaling to MAPK-Erk,FAK,Q05397,
G Protein-Coupled Receptors Signaling to MAPK-Erk,FoxO3,O43524,
G Protein-Coupled Receptors Signaling to MAPK-Erk,Giβγ,,
G Protein-Coupled Receptors Signaling to MAPK-Erk,GRB2,P62993,
G Protein-Coupled Receptors Signaling to MAPK-Erk,GRK2,P25098,
G Protein-Coupled Receptors Signaling to MAPK-Erk,GTP,,
G Protein-Coupled Receptors Signaling to MAPK-Erk,Gαq,,
G Protein-Coupled Receptors Signaling to MAPK-Erk,IMP,Q7Z569,
G Protein-Coupled Receptors Signaling to MAPK-Erk,JNK3,P53779,
G Protein-Coupled Receptors Signaling to MAPK-Erk,KSR,Q8IVT5; Q6VAB6,
G Protein-Coupled Receptors Signaling to MAPK-Erk,MAPKAPK2,,P49137
G Protein-Coupled Receptors Signaling to MAPK-Erk,MEK,,B4DFY5; M0R1B6
G Protein-Coupled Receptors Signaling to MAPK-Erk,MEK1/2,,B4DFY5
G Protein-Coupled Receptors Signaling to MAPK-Erk,MP,,
G Protein-Coupled Receptors Signaling to MAPK-Erk,MSK1/2,,O75582
G Protein-Coupled Receptors Signaling to MAPK-Erk,p90RSK,Q15418; Q15349,
G Protein-Coupled Receptors Signaling to MAPK-Erk,p90RSK,Q15418; Q15349,
G Protein-Coupled Receptors Signaling to MAPK-Erk,p90RSK,Q15418; Q15349,
G Protein-Coupled Receptors Signaling to MAPK-Erk,PEA-15,,
G Protein-Coupled Receptors Signaling to MAPK-Erk,PI3Kγ,,C9J951; C9J345; B7ZM44; E9PDN7; B3KWZ7; E9PFP1; Q5T4P3
G Protein-Coupled Receptors Signaling to MAPK-Erk,PKA,P17612; P22694; P22612; P10644; P31321; P13861; P31323,
G Protein-Coupled Receptors Signaling to MAPK-Erk,PKC,P05129,
G Protein-Coupled Receptors Signaling to MAPK-Erk,PKC,P05129,
G Protein-Coupled Receptors Signaling to MAPK-Erk,PLCβ,,
G Protein-Coupled Receptors Signaling to MAPK-Erk,PLCβ,,
G Protein-Coupled Receptors Signaling to MAPK-Erk,PYK2,Q14289,
G Protein-Coupled Receptors Signaling to MAPK-Erk,RACK1,P63244,
G Protein-Coupled Receptors Signaling to MAPK-Erk,Rap1,,Q9NYB0
G Protein-Coupled Receptors Signaling to MAPK-Erk,Ras,P01112; P01116; P01111; P10301,
G Protein-Coupled Receptors Signaling to MAPK-Erk,RasGAP,,Q15283
G Protein-Coupled Receptors Signaling to MAPK-Erk,RasGEF SOS,,
G Protein-Coupled Receptors Signaling to MAPK-Erk,RasGRF,,
G Protein-Coupled Receptors Signaling to MAPK-Erk,RasGRP,,O95267
G Protein-Coupled Receptors Signaling to MAPK-Erk,Receptor,,Q9UE35
G Protein-Coupled Receptors Signaling to MAPK-Erk,Receptor,,Q9UE35
G Protein-Coupled Receptors Signaling to MAPK-Erk,Receptor,,Q9UE35
G Protein-Coupled Receptors Signaling to MAPK-Erk,RGS,,Q99697
G Protein-Coupled Receptors Signaling to MAPK-Erk,RGS,,Q99697
G Protein-Coupled Receptors Signaling to MAPK-Erk,Src,P12931,
G Protein-Coupled Receptors Signaling to MAPK-Erk,Src,P12931,
G Protein-Coupled Receptors Signaling to MAPK-Erk,Src,P12931,
G Protein-Coupled Receptors Signaling to MAPK-Erk,Src,P12931,
G Protein-Coupled Receptors Signaling to MAPK-Erk,Src-like,,
G Protein-Coupled Receptors Signaling to MAPK-Erk,Synapsins,,
G Protein-Coupled Receptors Signaling to MAPK-Erk,SynGAP,,
G Protein-Coupled Receptors Signaling to MAPK-Erk,TH,,E7EQI0
G Protein-Coupled Receptors Signaling to MAPK-Erk,β-Arrestin,,
G Protein-Coupled Receptors Signaling to MAPK-Erk,β-Arrestin1,,
G1-S Checkpoint,Abl,P00519,
G1-S Checkpoint,Akt,P31749; P31751; Q9Y243,
G1-S Checkpoint,ATM/ATR,,E9PIN0
G1-S Checkpoint,BMI1,P35226,
G1-S Checkpoint,"cdc2, c-Myc, p107,",,P06493
G1-S Checkpoint,cdc25A,P30304,
G1-S Checkpoint,CDK2,P24941,
G1-S Checkpoint,CDK4/6,,F8VTV8
G1-S Checkpoint,Chk1/2,,O14757
G1-S Checkpoint,Cip1,,P38936; Q9BXP2
G1-S Checkpoint,CUL1,,Q13616
G1-S Checkpoint,CUL1,,Q13616
G1-S Checkpoint,Cyclin D,,
G1-S Checkpoint,Cyclin E,P24864,
G1-S Checkpoint,DP-1,,
G1-S Checkpoint,DP-1,,
G1-S Checkpoint,E2F,Q01094; Q14209; O00716; Q16254; Q15329; O75461; Q96AV8; A0AVK6,
G1-S Checkpoint,E2F,Q01094; Q14209; O00716; Q16254; Q15329; O75461; Q96AV8; A0AVK6,
G1-S Checkpoint,FoxO1,Q12778,
G1-S Checkpoint,FoxO1/3,Q12778,
G1-S Checkpoint,GSK-3β,,A8MT37; P49841
G1-S Checkpoint,HDAC,Q13547; Q969S8; Q96DB2; Q92769; O15379; P56524; Q9UQL6; Q9UBN7; Q8WUI4; Q9BY41; Q9UKV0,
G1-S Checkpoint,Myc,,H0YBG3
G1-S Checkpoint,Myc,,H0YBG3
G1-S Checkpoint,Myc,,H0YBG3
G1-S Checkpoint,Myc,,H0YBG3
G1-S Checkpoint,Myc,,H0YBG3
G1-S Checkpoint,ON,,P09486
G1-S Checkpoint,p15 INK4B,,
G1-S Checkpoint,p16 INK4A,,
G1-S Checkpoint,p18 INK4C,P42773,
G1-S Checkpoint,p19 INK4D,,
G1-S Checkpoint,p27 Kip1,P46527,
G1-S Checkpoint,p53,P04637,
G1-S Checkpoint,"PCNA, H2A, etc.",,P12004
G1-S Checkpoint,"RanGAP, TK, DHFR,",,B4DM58
G1-S Checkpoint,Rb,,P06400
G1-S Checkpoint,Rb,,P06400
G1-S Checkpoint,RBX1,,P62877
G1-S Checkpoint,RBX1,,P62877
G1-S Checkpoint,Skp1,,E5RGM3
G1-S Checkpoint,Skp1,,E5RGM3
G1-S Checkpoint,Smad3,P84022,
G1-S Checkpoint,Smad4,Q13485,
G1-S Checkpoint,Suv39H1,O43463,
G2-M DNA Damage Checkpoint,14-3-3,,
G2-M DNA Damage Checkpoint,14-3-3σ,,
G2-M DNA Damage Checkpoint,ATM/ATR,,E9PIN0
G2-M DNA Damage Checkpoint,AurA,,O14965
G2-M DNA Damage Checkpoint,Bora,Q6PGQ7,
G2-M DNA Damage Checkpoint,BRCA1,P38398,
G2-M DNA Damage Checkpoint,BRCA1,P38398,
G2-M DNA Damage Checkpoint,BRCA1,P38398,
G2-M DNA Damage Checkpoint,c-Abl,,P00519
G2-M DNA Damage Checkpoint,cdc2,,P06493
G2-M DNA Damage Checkpoint,cdc25,,Q13972
G2-M DNA Damage Checkpoint,cdc25A,P30304,
G2-M DNA Damage Checkpoint,CDK7,P50613,
G2-M DNA Damage Checkpoint,Chk1,O14757,
G2-M DNA Damage Checkpoint,Chk2,O96017,
G2-M DNA Damage Checkpoint,CUL1,,Q13616
G2-M DNA Damage Checkpoint,CUL1,,Q13616
G2-M DNA Damage Checkpoint,Cyclin B,P14635; O95067; Q8WWL7,
G2-M DNA Damage Checkpoint,DNA-PK,,
G2-M DNA Damage Checkpoint,FANCD2,Q9BXW9,
G2-M DNA Damage Checkpoint,GADD45,P24522,
G2-M DNA Damage Checkpoint,HIPK2,Q9H2X6,
G2-M DNA Damage Checkpoint,MDM2,,A7UKX8
G2-M DNA Damage Checkpoint,MDM2,,A7UKX8
G2-M DNA Damage Checkpoint,MDM4,O15151,
G2-M DNA Damage Checkpoint,Mre11,P49959,
G2-M DNA Damage Checkpoint,Myt1,Q99640,
G2-M DNA Damage Checkpoint,NBS1,O60934,
G2-M DNA Damage Checkpoint,p19Arf,,Q8N726
G2-M DNA Damage Checkpoint,p21 cip1,P38936,
G2-M DNA Damage Checkpoint,p300/PCAF,,Q09472
G2-M DNA Damage Checkpoint,p53,P04637,
G2-M DNA Damage Checkpoint,p53,P04637,
G2-M DNA Damage Checkpoint,p90RSK,Q15418,
G2-M DNA Damage Checkpoint,PLK1,P53350,
G2-M DNA Damage Checkpoint,POT1,Q9NUX5,
G2-M DNA Damage Checkpoint,Rad50,Q92878,
G2-M DNA Damage Checkpoint,Rad51,Q06609,
G2-M DNA Damage Checkpoint,Rad52,P43351,
G2-M DNA Damage Checkpoint,RBX1,,P62877
G2-M DNA Damage Checkpoint,RBX1,,P62877
G2-M DNA Damage Checkpoint,Reprimo,Q9NS64,
G2-M DNA Damage Checkpoint,Skp1,,E5RGM3
G2-M DNA Damage Checkpoint,Skp1,,E5RGM3
G2-M DNA Damage Checkpoint,Topo II,,Q8N0V5
G2-M DNA Damage Checkpoint,TRF2,Q15554,
G2-M DNA Damage Checkpoint,TRIP12,Q14669,
G2-M DNA Damage Checkpoint,Wee1,P30291,
G2-M DNA Damage Checkpoint,WIP1,O15297,
G2-M DNA Damage Checkpoint,WIP1,O15297,
Genetics of Alzheimers Disease,ABCA1,O95477,
Genetics of Alzheimers Disease,ABCA7,Q8IZY2,
Genetics of Alzheimers Disease,ADAM10,O14672,
Genetics of Alzheimers Disease,ADAM17,P78536,
Genetics of Alzheimers Disease,ADAMTS1,Q9UHI8,
Genetics of Alzheimers Disease,APOE4,P02649,
Genetics of Alzheimers Disease,APP,P05067,
Genetics of Alzheimers Disease,BIN1,O00499,
Genetics of Alzheimers Disease,CASS4,Q9NQ75,
Genetics of Alzheimers Disease,CD2AP,Q9Y5K6,
Genetics of Alzheimers Disease,CD33,P20138,
Genetics of Alzheimers Disease,CLU,P10909,
Genetics of Alzheimers Disease,CR1,P17927,
Genetics of Alzheimers Disease,INPP5D (SHIP1),,H0Y5Q9
Genetics of Alzheimers Disease,MEF2C,Q06413,
Genetics of Alzheimers Disease,MS4A4E,Q96PG1,
Genetics of Alzheimers Disease,MS4A6A,Q9H2W1,
Genetics of Alzheimers Disease,PICALM,Q13492,
Genetics of Alzheimers Disease,PLCg,P19174; P16885,
Genetics of Alzheimers Disease,PSEN1,P49768,
Genetics of Alzheimers Disease,PSEN2,P49810,
Genetics of Alzheimers Disease,RIN3,Q8TB24,
Genetics of Alzheimers Disease,SORL1,Q92673,
Genetics of Alzheimers Disease,TREM2,Q9NZC2,
Genetics of Alzheimers Disease,TSPAN14,Q8NG11,
Glutamine Metabolism,Akt,P31749; P31751; Q9Y243,
Glutamine Metabolism,AMPK,Q13131; P54646; Q9Y478; O43741; P54619; Q9UGJ0; Q9UGI9,
Glutamine Metabolism,ASCT2/SLC1A5,,M0QX44
Glutamine Metabolism,c-Myc,,H0YBG3
Glutamine Metabolism,c-Myc,,H0YBG3
Glutamine Metabolism,CAD,P00519,
Glutamine Metabolism,GDH,,O95479
Glutamine Metabolism,GFAT,,Q06210
Glutamine Metabolism,GLS,P10071,
Glutamine Metabolism,HIF-1,,A8MYV6; A6NGV6
Glutamine Metabolism,HIF-1α,,A8MYV6; A6NGV6
Glutamine Metabolism,HK,,
Glutamine Metabolism,IDH1,,C9J4N6
Glutamine Metabolism,IDH2,P48735,
Glutamine Metabolism,LKB1,Q15831,
Glutamine Metabolism,ME,,
Glutamine Metabolism,PFK,,
Glutamine Metabolism,PKM-2,,
Glutamine Metabolism,Ras,P01112; P01116; P01111; P10301,
Glutamine Metabolism,Ras,P01112; P01116; P01111; P10301,
Glutamine Metabolism,Ras,P01112; P01116; P01111; P10301,
Glutamine Metabolism,SirT4,Q9NTG7,
Glutamine Metabolism,SLC7A5/LAT1,,Q01650
Glutamine Metabolism,TA,,O14656
Hedgehog Signaling,CDON/BOC,,E9PN78
Hedgehog Signaling,CDON/BOC,,E9PN78
Hedgehog Signaling,CK1,P48729; P49674; Q9HCP0; P78368; Q9Y6M4,
Hedgehog Signaling,Dhh,O43323,
Hedgehog Signaling,DISP1,,Q96F81
Hedgehog Signaling,Gai,,
Hedgehog Signaling,GLI1/2-Act,,E9PIB9
Hedgehog Signaling,GLI1/2-Act,,E9PIB9
Hedgehog Signaling,GLI1/2-Act,,E9PIB9
Hedgehog Signaling,GLI1/2/3,,E9PIB9
Hedgehog Signaling,GLI1/2/3,,E9PIB9
Hedgehog Signaling,GLI1/2/3,,E9PIB9
Hedgehog Signaling,GLI2/3-R,,F2Z2B4
Hedgehog Signaling,GLI3-R,,
Hedgehog Signaling,GSK-3,,A8MT37; P49841
Hedgehog Signaling,Hh,,
Hedgehog Signaling,HhN,,
Hedgehog Signaling,HhN,,
Hedgehog Signaling,HhN,,
Hedgehog Signaling,Ihh,Q14623,
Hedgehog Signaling,KCTD11,Q693B1,
Hedgehog Signaling,KIF7,,F8WD21
Hedgehog Signaling,KIF7,,F8WD21
Hedgehog Signaling,PKA,P17612; P22694; P22612; P10644; P31321; P13861; P31323,
Hedgehog Signaling,PTCH1,Q13635,
Hedgehog Signaling,PTCH1,Q13635,
Hedgehog Signaling,SCUBE2,,H0YD28
Hedgehog Signaling,Shh,Q15465,
Hedgehog Signaling,Skn,Q5VTY9,
Hedgehog Signaling,SMO,Q99835,
Hedgehog Signaling,SMO,Q99835,
Hedgehog Signaling,SUFU,Q9UMX1,
Hedgehog Signaling,SUFU,Q9UMX1,
Hedgehog Signaling,SUFU,Q9UMX1,
Hedgehog Signaling,β-Arrestin,,
Hedgehog Signaling,β-TrCP,,
Hippo Signaling ON-OFF,14-3-3,,
Hippo Signaling ON-OFF,14-3-3,,
Hippo Signaling ON-OFF,14-3-3,,
Hippo Signaling ON-OFF,ABL,,P00519
Hippo Signaling ON-OFF,Ajuba/LIM,,G3V481
Hippo Signaling ON-OFF,Ajuba/LIM,,G3V481
Hippo Signaling ON-OFF,AMOT,Q4VCS5,
Hippo Signaling ON-OFF,AMOT,Q4VCS5,
Hippo Signaling ON-OFF,AMOT,Q4VCS5,
Hippo Signaling ON-OFF,AMOT,Q4VCS5,
Hippo Signaling ON-OFF,AMPK,,P54646; Q9Y478
Hippo Signaling ON-OFF,aPKC,,J3KN97; H3BV73; H7BZ60; C9J9P1; C9JR22; Q04759; P41743; D6RAN5
Hippo Signaling ON-OFF,CK1,P48729; P49674; Q9HCP0; P78368; Q9Y6M4,
Hippo Signaling ON-OFF,Crb,,
Hippo Signaling ON-OFF,Crb,,
Hippo Signaling ON-OFF,EGR-1,,
Hippo Signaling ON-OFF,EGR-1,,
Hippo Signaling ON-OFF,ERBB4,,E9PDR1
Hippo Signaling ON-OFF,ERBB4,,E9PDR1
Hippo Signaling ON-OFF,FRMD6,,G3V2L4
Hippo Signaling ON-OFF,FRMD6,,G3V2L4
Hippo Signaling ON-OFF,Gα12/13,,
Hippo Signaling ON-OFF,Gαi/o,,
Hippo Signaling ON-OFF,Gαq/11,,
Hippo Signaling ON-OFF,Gαs,,
Hippo Signaling ON-OFF,KIBRA,Q8IX03,
Hippo Signaling ON-OFF,KIBRA,Q8IX03,
Hippo Signaling ON-OFF,LATS1/2,,H0YG09
Hippo Signaling ON-OFF,LATS1/2,,H0YG09
Hippo Signaling ON-OFF,MAPK,,
Hippo Signaling ON-OFF,MAPK4Ks,,
Hippo Signaling ON-OFF,MARK4,,K7EK17
Hippo Signaling ON-OFF,MOB1,Q9H8S9; Q7L9L4,
Hippo Signaling ON-OFF,MOB1,Q9H8S9; Q7L9L4,
Hippo Signaling ON-OFF,MST1/2,,G3XAK1
Hippo Signaling ON-OFF,MST1/2,,G3XAK1
Hippo Signaling ON-OFF,NF2,,P35240
Hippo Signaling ON-OFF,NF2,,P35240
Hippo Signaling ON-OFF,NF2,,P35240
Hippo Signaling ON-OFF,NF2,,P35240
Hippo Signaling ON-OFF,NF2,,P35240
Hippo Signaling ON-OFF,PAR,,
Hippo Signaling ON-OFF,PDK1,,C9IYB4
Hippo Signaling ON-OFF,PI3K,O00443; O00750; O75747; P42338; O00459; Q99570,
Hippo Signaling ON-OFF,PRP4K,,H0YDJ3
Hippo Signaling ON-OFF,PTPN14,,E2J9M0
Hippo Signaling ON-OFF,PTPN14,,E2J9M0
Hippo Signaling ON-OFF,Ras,,P01112; G3V4K2; P01111
Hippo Signaling ON-OFF,RASSF,Q9NS23; P50749; Q8WWW0,
Hippo Signaling ON-OFF,Rho,,P08100
Hippo Signaling ON-OFF,Rho,,P08100
Hippo Signaling ON-OFF,RUNX,,
Hippo Signaling ON-OFF,RUNX,,
Hippo Signaling ON-OFF,SAV1,Q9H4B6,
Hippo Signaling ON-OFF,SAV1,Q9H4B6,
Hippo Signaling ON-OFF,SAV1,Q9H4B6,
Hippo Signaling ON-OFF,SCF,,P21583
Hippo Signaling ON-OFF,SLMAP,,H7BZK0
Hippo Signaling ON-OFF,SLMAP,,H7BZK0
Hippo Signaling ON-OFF,SMADs,,
Hippo Signaling ON-OFF,SMADs,,
Hippo Signaling ON-OFF,SRC,,P12931
Hippo Signaling ON-OFF,STRIPAK,,
Hippo Signaling ON-OFF,STRIPAK,,
Hippo Signaling ON-OFF,TAZ,,C9J699
Hippo Signaling ON-OFF,TAZ,,C9J699
Hippo Signaling ON-OFF,TAZ,,C9J699
Hippo Signaling ON-OFF,TBX5,,Q99593
Hippo Signaling ON-OFF,TBX5,,Q99593
Hippo Signaling ON-OFF,TEADs,,
Hippo Signaling ON-OFF,TEADs,,
Hippo Signaling ON-OFF,YAP,,
Hippo Signaling ON-OFF,YAP,,
Hippo Signaling ON-OFF,YAP/TAZ,,C9J699
Hippo Signaling ON-OFF,YAP/TAZ,,C9J699
Hippo Signaling ON-OFF,YAP/TAZ,,C9J699
Hippo Signaling ON-OFF,YAP/TAZ,,C9J699
Hippo Signaling ON-OFF,YAP/TAZ,,C9J699
Hippo Signaling ON-OFF,YAP/TAZ,,C9J699
Hippo Signaling ON-OFF,YAP/TAZ,,C9J699
Hippo Signaling ON-OFF,YAP/TAZ,,C9J699
Hippo Signaling ON-OFF,YAP/TAZ,,C9J699
Hippo Signaling ON-OFF,YAP/TAZ,,C9J699
Hippo Signaling ON-OFF,YAP/TAZ,,C9J699
Hippo Signaling ON-OFF,YAP/TAZ,,C9J699
Hippo Signaling ON-OFF,YAP/TAZ,,C9J699
Hippo Signaling ON-OFF,YAP/TAZ,,C9J699
Hippo Signaling ON-OFF,YAP/TAZ,,C9J699
Hippo Signaling ON-OFF,YES1,,J3QRU1
Hippo Signaling ON-OFF,ZO-2,,
Hippo Signaling ON-OFF,ZO-2,,
Hippo Signaling ON-OFF,α-Catenin,,
Hippo Signaling ON-OFF,α-Catenin,,
Histone Lysine Methylation,BPTF,Q12830,
Histone Lysine Methylation,BPTF,Q12830,
Histone Lysine Methylation,HP1,P45973; P83916; Q13185,
Histone Lysine Methylation,HP1,P45973; P83916; Q13185,
Histone Lysine Methylation,HP1,P45973; P83916; Q13185,
Histone Lysine Methylation,HP1,P45973; P83916; Q13185,
Histone Lysine Methylation,Inactive X Chromosome,,P28074
Histone Lysine Methylation,NURF,P28370-1; Q09028; Q16576; Q12830,
Histone Lysine Methylation,NURF,P28370-1; Q09028; Q16576; Q12830,
Histone Lysine Methylation,PC,,E9PRE7
Histone Lysine Methylation,PRC1,,G3V3N7
Histone Lysine Methylation,SUV 39h,,P19526
Histone Lysine Methylation,SUV 39h,,P19526
Histone Lysine Methylation,SUV 39h,,P19526
Histone Lysine Methylation,SUV 39h,,P19526
Hypoxia Signaling,4E-BP1,,
Hypoxia Signaling,Akt,P31749; P31751; Q9Y243,
Hypoxia Signaling,AMPK,Q13131; P54646; Q9Y478; O43741; P54619; Q9UGJ0; Q9UGI9,
Hypoxia Signaling,ANGP2,,O15123
Hypoxia Signaling,ARD1A,P41227; Q9BSU3,
Hypoxia Signaling,eIF-4E,,
Hypoxia Signaling,eNOS,P29474,
Hypoxia Signaling,Erk,,P28482; A1QJE5
Hypoxia Signaling,FIH,,
Hypoxia Signaling,GFR,Q6DN90,
Hypoxia Signaling,GSK-3β,,A8MT37; P49841
Hypoxia Signaling,HIF-α,,
Hypoxia Signaling,HIF-α,,
Hypoxia Signaling,HIF-α,,
Hypoxia Signaling,HIF-α,,
Hypoxia Signaling,HIF-α,,
Hypoxia Signaling,HIF-α,,
Hypoxia Signaling,HIF-β,,
Hypoxia Signaling,IKK,O15111; O14920; Q14164; Q9Y6K9,
Hypoxia Signaling,IL-6R,,
Hypoxia Signaling,Jak,P23458; O60674; P52333,
Hypoxia Signaling,MNK,Q9BUB5; Q9HBH9,
Hypoxia Signaling,mTOR,P42345,
Hypoxia Signaling,NF-kB,,
Hypoxia Signaling,p300/CBP,,Q09472
Hypoxia Signaling,p300/CBP,,Q09472
Hypoxia Signaling,p53,P04637,
Hypoxia Signaling,p70S6K,,K7EIM2; E9PIP7
Hypoxia Signaling,PDGF,,
Hypoxia Signaling,PGF,,G3XA84
Hypoxia Signaling,PHDs,,
Hypoxia Signaling,PHDs,,
Hypoxia Signaling,PI3K,O00443; O00750; O75747; P42338; O00459; Q99570,
Hypoxia Signaling,Raf,P15056,
Hypoxia Signaling,Ras,P01112; P01116; P01111; P10301,
Hypoxia Signaling,REDD1,,Q9NX09
Hypoxia Signaling,SDF1,,P48061
Hypoxia Signaling,SirT1,Q96EB6,
Hypoxia Signaling,SirT6,,M0QXA0
Hypoxia Signaling,Stat3,P40763,
Hypoxia Signaling,TCR,,
Hypoxia Signaling,TF,,C9JB55
Hypoxia Signaling,TLR,,
Hypoxia Signaling,VEGF,,P15692
Hypoxia Signaling,β-catenin,,
Immune Checkpoint Signaling in the TME,Akt,P31749; P31751; Q9Y243,
Immune Checkpoint Signaling in the TME,Arginase,P62330,
Immune Checkpoint Signaling in the TME,Arginase,P62330,
Immune Checkpoint Signaling in the TME,Arginase,P62330,
Immune Checkpoint Signaling in the TME,Jak,P23458; O60674; P52333,
Immune Checkpoint Signaling in the TME,Jak,P23458; O60674; P52333,
Immune Checkpoint Signaling in the TME,MAPK,P27361; P28482; Q16659; P31152; Q8TD08,
Immune Checkpoint Signaling in the TME,NF-κB,,Q16157; Q16446
Immune Checkpoint Signaling in the TME,Stat1,P42224,
Immune Checkpoint Signaling in the TME,Stat3,P40763,
Immune Checkpoint Signaling in the TME,Stat3,P40763,
Inflammasome Signaling,AIM2,Q86X55,
Inflammasome Signaling,ASC,O60343,
Inflammasome Signaling,ASC,O60343,
Inflammasome Signaling,ASC,O60343,
Inflammasome Signaling,ASC,O60343,
Inflammasome Signaling,Caspase-1,,
Inflammasome Signaling,Cathepsins,P07858,
Inflammasome Signaling,Gasdermin,,
Inflammasome Signaling,IKBα,,
Inflammasome Signaling,IKK β,,
Inflammasome Signaling,IKKα,,
Inflammasome Signaling,IL-18,,
Inflammasome Signaling,IL-1β,,
Inflammasome Signaling,MyD88,Q99836,
Inflammasome Signaling,NAIPs,P11229; P08172; P20309; P08173; P08912; P02708; Q9GZZ6; Q15822; P32297; P43681; P30532; Q15825; P36544; Q9UGM1; P11230; P17787; Q05901; P30926; Q07001; Q04844; P07510,
Inflammasome Signaling,NEK7,P46934-4,
Inflammasome Signaling,NEMO,,Q9Y6K9
Inflammasome Signaling,NLRC4,Q86SQ0,
Inflammasome Signaling,NLRP1,,I3L0S2
Inflammasome Signaling,NLRP3,Q96P20,
Inflammasome Signaling,NLRP3,Q96P20,
Inflammasome Signaling,NOX2,P46531; Q04721; Q9UM47; Q99466,
Inflammasome Signaling,P2X7,P46527,
Inflammasome Signaling,p65/ReLA NF-KB,,E9PI38
Inflammasome Signaling,p65/ReLA NF-KB,,E9PI38
Inflammasome Signaling,Pro-caspase-1,,
Inflammasome Signaling,Pro-caspase-1,,
Inflammasome Signaling,Pro-caspase-1,,
Inflammasome Signaling,Pro-caspase-1,,
Inflammasome Signaling,Pro-IL-18,,
Inflammasome Signaling,Pro-IL-1β,,
Inflammasome Signaling,TLR4,O00206,
Inflammasome Signaling,TNF-α,,P01375
Inflammasome Signaling,TNFR,P19438,
Inflammasome Signaling,TRAF,P19438; P20333,
Inflammasome Signaling,TRIF,Q8IUC6,
Inhibition of Apoptosis,A20,P21580,
Inhibition of Apoptosis,Akt,P31749; P31751; Q9Y243,
Inhibition of Apoptosis,Akt,P31749; P31751; Q9Y243,
Inhibition of Apoptosis,Apaf-1,,
Inhibition of Apoptosis,Bad,Q92934,
Inhibition of Apoptosis,Bak,Q16611,
Inhibition of Apoptosis,Bax,Q07812,
Inhibition of Apoptosis,Bax,Q07812,
Inhibition of Apoptosis,Bax,Q07812,
Inhibition of Apoptosis,Bcl-2,,
Inhibition of Apoptosis,Bcl-xL,,
Inhibition of Apoptosis,BID,P55957,
Inhibition of Apoptosis,Bim,O43521,
Inhibition of Apoptosis,Bim,O43521,
Inhibition of Apoptosis,Bim,O43521,
Inhibition of Apoptosis,"Casp-3,-6,-7",,
Inhibition of Apoptosis,Casp-8,,
Inhibition of Apoptosis,Casp-9,,
Inhibition of Apoptosis,CDC37,Q16543,
Inhibition of Apoptosis,cIAP,Q13490; Q13489,
Inhibition of Apoptosis,CREB,P16220,
Inhibition of Apoptosis,CREB,P16220,
Inhibition of Apoptosis,CYLD,Q9NQC7,
Inhibition of Apoptosis,Cyto c,,
Inhibition of Apoptosis,Erk1/2,,P27361
Inhibition of Apoptosis,FADD,Q13158,
Inhibition of Apoptosis,FAS,,K9J972
Inhibition of Apoptosis,FLIP,O15519,
Inhibition of Apoptosis,FoxO1,Q12778,
Inhibition of Apoptosis,FoxO1,Q12778,
Inhibition of Apoptosis,FoxO1,Q12778,
Inhibition of Apoptosis,GSK-3,,A8MT37; P49841
Inhibition of Apoptosis,HECTH9,Q7Z6Z7,
Inhibition of Apoptosis,HSP27,P04792,
Inhibition of Apoptosis,HSP27,P04792,
Inhibition of Apoptosis,HSP27,P04792,
Inhibition of Apoptosis,HSP70,P0DMV8,
Inhibition of Apoptosis,HSP70,P0DMV8,
Inhibition of Apoptosis,HSP70,P0DMV8,
Inhibition of Apoptosis,HSP90,P07900,
Inhibition of Apoptosis,HSP90,P07900,
Inhibition of Apoptosis,HSP90,P07900,
Inhibition of Apoptosis,HSP90,P07900,
Inhibition of Apoptosis,HSP90,P07900,
Inhibition of Apoptosis,IKB,,
Inhibition of Apoptosis,IKB,,
Inhibition of Apoptosis,IKKα,,
Inhibition of Apoptosis,IKKβ,,
Inhibition of Apoptosis,IKKβ,,
Inhibition of Apoptosis,IKKγ,,
Inhibition of Apoptosis,IKKγ,,
Inhibition of Apoptosis,Jak,P23458; O60674; P52333,
Inhibition of Apoptosis,JNK,P45983; P45984; P53779,
Inhibition of Apoptosis,Mcl-1,,
Inhibition of Apoptosis,NF-KB,,
Inhibition of Apoptosis,NF-KB,,
Inhibition of Apoptosis,NF-KB,,
Inhibition of Apoptosis,NIK,Q99558,
Inhibition of Apoptosis,p70S6K,P23443; Q9UBS0,
Inhibition of Apoptosis,p90RSK,Q15418; Q15349,
Inhibition of Apoptosis,PDK1,O15530,
Inhibition of Apoptosis,PI3K,O00443; O00750; O75747; P42338; O00459; Q99570,
Inhibition of Apoptosis,PKA,P17612; P22694; P22612; P10644; P31321; P13861; P31323,
Inhibition of Apoptosis,PKC,P05129,
Inhibition of Apoptosis,PTEN,P60484,
Inhibition of Apoptosis,Raf,P15056,
Inhibition of Apoptosis,Ras,P01112; P01116; P01111; P10301,
Inhibition of Apoptosis,RIP1,Q13546,
Inhibition of Apoptosis,Smac/Diablo,,F5GX50
Inhibition of Apoptosis,Src,P12931,
Inhibition of Apoptosis,Stat1,P42224,
Inhibition of Apoptosis,Stat1,P42224,
Inhibition of Apoptosis,Stat3,P40763,
Inhibition of Apoptosis,Stat3,P40763,
Inhibition of Apoptosis,TAB,Q15750; Q9NYJ8; Q8N5C8,
Inhibition of Apoptosis,TAK1,O43318,
Inhibition of Apoptosis,tBID,P55957,
Inhibition of Apoptosis,TNF-α,,P01375
Inhibition of Apoptosis,TRADD,Q15628,
Inhibition of Apoptosis,TRAF2,Q12933; Q9Y4K3,
Inhibition of Apoptosis,XIAP,P98170,
Insulin Receptor Signaling,14-3-3,,
Insulin Receptor Signaling,14-3-3,,
Insulin Receptor Signaling,4E-BP1,,
Insulin Receptor Signaling,Akt,,G3V2I6; A8MX96; F8VS91
Insulin Receptor Signaling,Akt2,,A8MX96
Insulin Receptor Signaling,Akt2,,A8MX96
Insulin Receptor Signaling,AMPK,Q13131; P54646; Q9Y478; O43741; P54619; Q9UGJ0; Q9UGI9,
Insulin Receptor Signaling,APS,,O14492; P07288
Insulin Receptor Signaling,AS160,O60343,
Insulin Receptor Signaling,ATP-Citrate lyase,,
Insulin Receptor Signaling,Bad,Q92934,
Insulin Receptor Signaling,c-Raf,,P10398; H7C4S5; H7C155
Insulin Receptor Signaling,C3G,,
Insulin Receptor Signaling,CAP,,Q01518
Insulin Receptor Signaling,Cav,,Q03135
Insulin Receptor Signaling,Cbl,P22681; Q13191; Q9ULV8,
Insulin Receptor Signaling,CBP/p300,,Q09472
Insulin Receptor Signaling,CIP4/2,,Q15642
Insulin Receptor Signaling,Crkll,,
Insulin Receptor Signaling,Crkll,,
Insulin Receptor Signaling,DEPTOR,Q8TB45,
Insulin Receptor Signaling,DEPTOR,Q8TB45,
Insulin Receptor Signaling,EHBP1,,B5MC86
Insulin Receptor Signaling,EHD1,,C9IZH1
Insulin Receptor Signaling,eIF4E,P06730,
Insulin Receptor Signaling,ENaC,,
Insulin Receptor Signaling,Erk1/2,,P27361
Insulin Receptor Signaling,Erk1/2,,P27361
Insulin Receptor Signaling,Erk1/2,,P27361
Insulin Receptor Signaling,Flotillin,,
Insulin Receptor Signaling,FoxO1,Q12778,
Insulin Receptor Signaling,FoxO3,O43524,
Insulin Receptor Signaling,FoxO4,,P98177
Insulin Receptor Signaling,Fyn,P06241,
Insulin Receptor Signaling,Gab1,Q13480,
Insulin Receptor Signaling,GLUT4,,P14672
Insulin Receptor Signaling,GLUT4,,P14672
Insulin Receptor Signaling,GRB10,Q13322,
Insulin Receptor Signaling,GRB2,P62993,
Insulin Receptor Signaling,GS,,
Insulin Receptor Signaling,GSK-3,,A8MT37; P49841
Insulin Receptor Signaling,GβL,,
Insulin Receptor Signaling,GβL,,
Insulin Receptor Signaling,HSL,,
Insulin Receptor Signaling,IKK,O15111; O14920; Q14164; Q9Y6K9,
Insulin Receptor Signaling,iNOS,,
Insulin Receptor Signaling,IRS,,
Insulin Receptor Signaling,IRS-1,,P35568
Insulin Receptor Signaling,Jnk,P45983; P45984; P53779,
Insulin Receptor Signaling,Lipin1,Q14693,
Insulin Receptor Signaling,Lipin1,Q14693,
Insulin Receptor Signaling,LKB1,Q15831,
Insulin Receptor Signaling,LXRα,,
Insulin Receptor Signaling,MEK1/2,,B4DFY5
Insulin Receptor Signaling,mTOR,P42345,
Insulin Receptor Signaling,mTOR,P42345,
Insulin Receptor Signaling,Nck,,P16333
Insulin Receptor Signaling,p70 S6K,,K7EIM2; E9PIP7
Insulin Receptor Signaling,p85,,
Insulin Receptor Signaling,PDE3B,,Q13370
Insulin Receptor Signaling,PDK1,O15530,
Insulin Receptor Signaling,PDK1,O15530,
Insulin Receptor Signaling,PI3K,,C9J951; C9J345; B7ZM44; E9PDN7; B3KWZ7; E9PFP1; Q5T4P3
Insulin Receptor Signaling,PKA,P17612; P22694; P22612; P10644; P31321; P13861; P31323,
Insulin Receptor Signaling,PKC,,J3KN97; H3BV73; H7BZ60; C9J9P1; C9JR22; Q04759; P41743; D6RAN5
Insulin Receptor Signaling,PKC-/-,,J3KN97; H3BV73; H7BZ60; C9J9P1; C9JR22; Q04759; P41743; D6RAN5
Insulin Receptor Signaling,PKC-/-,,J3KN97; H3BV73; H7BZ60; C9J9P1; C9JR22; Q04759; P41743; D6RAN5
Insulin Receptor Signaling,PP1,P62136; P62140; P36873,
Insulin Receptor Signaling,PP2A,P67775; P62714,
Insulin Receptor Signaling,PRAS40,Q96B36-3,
Insulin Receptor Signaling,PRR5,,B1AHG3
Insulin Receptor Signaling,PTEN,P60484,
Insulin Receptor Signaling,PTP1B,P18031,
Insulin Receptor Signaling,Rac1,P63000,
Insulin Receptor Signaling,Raptor,Q8N122,
Insulin Receptor Signaling,Ras,P01112; P01116; P01111; P10301,
Insulin Receptor Signaling,Rheb,Q15382,
Insulin Receptor Signaling,Rictor,Q6R327,
Insulin Receptor Signaling,SGK,,O00141
Insulin Receptor Signaling,SGK,,O00141
Insulin Receptor Signaling,Shc,P29353; P98077; Q92529; Q6S5L8,
Insulin Receptor Signaling,SHIP,Q92835; O15357,
Insulin Receptor Signaling,SHP-2,,
Insulin Receptor Signaling,SIK2,,Q9H0K1
Insulin Receptor Signaling,Sin1,Q9BPZ7,
Insulin Receptor Signaling,SOCS3,O14543,
Insulin Receptor Signaling,SOS,,
Insulin Receptor Signaling,SREBP,,
Insulin Receptor Signaling,SREBP,,
Insulin Receptor Signaling,SREBP-1,,F6V242
Insulin Receptor Signaling,Synip,,
Insulin Receptor Signaling,TBC1D1,,B5MCJ2
Insulin Receptor Signaling,TC10,,P17081
Insulin Receptor Signaling,TNF,,P01375
Insulin Receptor Signaling,TNFR1,,P19438
Insulin Receptor Signaling,Torc2,,Q53ET0
Insulin Receptor Signaling,TSC1,Q92574,
Insulin Receptor Signaling,TSC2,P49815,
Insulin Receptor Signaling,USF,,P22415
Jak-Stat Signaling_IL-6 Receptor Family,Akt,P31749; P31751; Q9Y243,
Jak-Stat Signaling_IL-6 Receptor Family,Akt,P31749; P31751; Q9Y243,
Jak-Stat Signaling_IL-6 Receptor Family,E-Ras,,
Jak-Stat Signaling_IL-6 Receptor Family,EGF,P01133,
Jak-Stat Signaling_IL-6 Receptor Family,EGFR,,C9JYS6
Jak-Stat Signaling_IL-6 Receptor Family,Erk,,P28482; A1QJE5
Jak-Stat Signaling_IL-6 Receptor Family,Erk,,P28482; A1QJE5
Jak-Stat Signaling_IL-6 Receptor Family,Erk,,P28482; A1QJE5
Jak-Stat Signaling_IL-6 Receptor Family,Erk,,P28482; A1QJE5
Jak-Stat Signaling_IL-6 Receptor Family,gp130,P40189,
Jak-Stat Signaling_IL-6 Receptor Family,GRB2,P62993,
Jak-Stat Signaling_IL-6 Receptor Family,Jak,P23458; O60674; P52333,
Jak-Stat Signaling_IL-6 Receptor Family,Jak,P23458; O60674; P52333,
Jak-Stat Signaling_IL-6 Receptor Family,Mcl-1,,
Jak-Stat Signaling_IL-6 Receptor Family,MEK,,B4DFY5; M0R1B6
Jak-Stat Signaling_IL-6 Receptor Family,mTOR,P42345,
Jak-Stat Signaling_IL-6 Receptor Family,p120 ras-GAP,,P20936
Jak-Stat Signaling_IL-6 Receptor Family,PI3K,O00443; O00750; O75747; P42338; O00459; Q99570,
Jak-Stat Signaling_IL-6 Receptor Family,PI3K,O00443; O00750; O75747; P42338; O00459; Q99570,
Jak-Stat Signaling_IL-6 Receptor Family,PIAS,O75925; O75928; Q8N2W9; Q9Y6X2,
Jak-Stat Signaling_IL-6 Receptor Family,PTP,,
Jak-Stat Signaling_IL-6 Receptor Family,Raf,P15056,
Jak-Stat Signaling_IL-6 Receptor Family,Ras,P01112; P01116; P01111; P10301,
Jak-Stat Signaling_IL-6 Receptor Family,Shc,P29353; P98077; Q92529; Q6S5L8,
Jak-Stat Signaling_IL-6 Receptor Family,SHP-1,,
Jak-Stat Signaling_IL-6 Receptor Family,SHP-2,,
Jak-Stat Signaling_IL-6 Receptor Family,SOCS,,
Jak-Stat Signaling_IL-6 Receptor Family,SOCS3,O14543,
Jak-Stat Signaling_IL-6 Receptor Family,Src,P12931,
Jak-Stat Signaling_IL-6 Receptor Family,Stat,,P35610
Jak-Stat Signaling_IL-6 Receptor Family,Stat,,P35610
Jak-Stat Signaling_IL-6 Receptor Family,Stat3,P40763,
Jak-Stat Signaling_IL-6 Receptor Family,Stat3,P40763,
Jak-Stat Signaling_IL-6 Receptor Family,Stat3,P40763,
Jak-Stat Signaling_IL-6 Receptor Family,Stat3,P40763,
Jak-Stat Signaling_IL-6 Receptor Family,TF,,C9JB55
Jak-Stat Signaling_IL-6 Receptor Family,TF,,C9JB55
Lysomal Processing_interactive icons,CTSD,,C9JH19
Lysomal Processing_interactive icons,CTSD,,C9JH19
Lysomal Processing_interactive icons,CTSD,,C9JH19
Lysomal Processing_interactive icons,GCase,,
Lysomal Processing_interactive icons,GCase,,
Lysomal Processing_interactive icons,LRRK2,,C9JBF0
Lysomal Processing_interactive icons,LRRK2,,C9JBF0
Lysomal Processing_interactive icons,LRRK2,,C9JBF0
Lysomal Processing_interactive icons,LRRK2,,C9JBF0
Lysomal Processing_interactive icons,LRRK2,,C9JBF0
Lysomal Processing_interactive icons,PARK9,,Q9NQ11
Lysomal Processing_interactive icons,PARK9,,Q9NQ11
Lysomal Processing_interactive icons,Rab10,,P61026
Lysomal Processing_interactive icons,Rab5,,P20339
Lysomal Processing_interactive icons,Rab5,,P20339
Lysomal Processing_interactive icons,Rab5,,P20339
Lysomal Processing_interactive icons,Rab7,,P51149
Lysomal Processing_interactive icons,Rab7,,P51149
Lysomal Processing_interactive icons,Rab7L1,,O14966
Lysomal Processing_interactive icons,Rab8,,P61006
Lysomal Processing_interactive icons,VPS35,,H3BRJ7
Lysomal Processing_interactive icons,VPS35,,H3BRJ7
Lysomal Processing_interactive icons,VPS35,,H3BRJ7
Lysomal Processing_interactive icons,α-Syn,,O15061
m6A RNA Regulatory Diagram,ALKBH5,,K7ER58
m6A RNA Regulatory Diagram,CBLL1/HAKAI,,C9J2P9
m6A RNA Regulatory Diagram,eIF3,O75822; Q13347; O75821; O00303; P55884; Q14152; O75153; O15371; Q99613; B5ME19; P60228; Q9UBQ5; O15372,
m6A RNA Regulatory Diagram,FTO,,F8WCB8
m6A RNA Regulatory Diagram,HNRNPA2B1,P22626,
m6A RNA Regulatory Diagram,HNRNPA2B1,P22626,
m6A RNA Regulatory Diagram,HNRNPC,,B4DSU6
m6A RNA Regulatory Diagram,HNRNPG,,
m6A RNA Regulatory Diagram,IGF2BP1,,Q9NZI8
m6A RNA Regulatory Diagram,IGF2BP2,,F8W930
m6A RNA Regulatory Diagram,IGF2BP3,,F8WD15
m6A RNA Regulatory Diagram,METTL14,,D6RBL4
m6A RNA Regulatory Diagram,METTL16,,I3L362
m6A RNA Regulatory Diagram,METTL3,,B4DTN4
m6A RNA Regulatory Diagram,RBM15/RBM15B,,Q96T37
m6A RNA Regulatory Diagram,VIRMA,,H0YB68
m6A RNA Regulatory Diagram,WTAP,,Q15007
m6A RNA Regulatory Diagram,YTHDC1,,J3KRG5
m6A RNA Regulatory Diagram,YTHDC2,,D6R9T8
m6A RNA Regulatory Diagram,YTHDC2,,D6R9T8
m6A RNA Regulatory Diagram,YTHDF1,,Q5JXC6
m6A RNA Regulatory Diagram,YTHDF2,,Q9Y5A9
m6A RNA Regulatory Diagram,YTHDF3,,Q7Z739
m6A RNA Regulatory Diagram,YTHDF3,,Q7Z739
m6A RNA Regulatory Diagram,ZC3H13,,Q5T200
m6A RNA Regulatory Diagram,ZCCHC4,,H0Y8V8
MAPK-Erk in Growth and Differentation,14-3-3,,
MAPK-Erk in Growth and Differentation,[cAMP][Ca,,J3KNB4
MAPK-Erk in Growth and Differentation,AMPK,Q13131; P54646; Q9Y478; O43741; P54619; Q9UGJ0; Q9UGI9,
MAPK-Erk in Growth and Differentation,ATF1,P18846,
MAPK-Erk in Growth and Differentation,ATF4,P18848,
MAPK-Erk in Growth and Differentation,B-Raf,,
MAPK-Erk in Growth and Differentation,B-Raf,,
MAPK-Erk in Growth and Differentation,BAD,Q92934,
MAPK-Erk in Growth and Differentation,Bim,O43521,
MAPK-Erk in Growth and Differentation,BUB1,O43683,
MAPK-Erk in Growth and Differentation,c-Fos,,G3V289
MAPK-Erk in Growth and Differentation,c-Fos,,G3V289
MAPK-Erk in Growth and Differentation,C-Myc/N-Myc,,
MAPK-Erk in Growth and Differentation,c-Raf,,P10398; H7C4S5; H7C155
MAPK-Erk in Growth and Differentation,c-Raf,,P10398; H7C4S5; H7C155
MAPK-Erk in Growth and Differentation,C-TAK1,,
MAPK-Erk in Growth and Differentation,C/EBPβ,,
MAPK-Erk in Growth and Differentation,C3G,Q13905,
MAPK-Erk in Growth and Differentation,CAS,,P55060; P56945
MAPK-Erk in Growth and Differentation,cdc25,P30307,
MAPK-Erk in Growth and Differentation,cPLA2,,P47712
MAPK-Erk in Growth and Differentation,CREB,P16220,
MAPK-Erk in Growth and Differentation,CRK,,I3L297
MAPK-Erk in Growth and Differentation,DAPK,P53355,
MAPK-Erk in Growth and Differentation,eEF2K,O00418,
MAPK-Erk in Growth and Differentation,eIF4B,P23588,
MAPK-Erk in Growth and Differentation,Elk-1,,P19419
MAPK-Erk in Growth and Differentation,EPAC,G5E870,
MAPK-Erk in Growth and Differentation,ER,,
MAPK-Erk in Growth and Differentation,ER81,P50549,
MAPK-Erk in Growth and Differentation,Erk1,,P27361
MAPK-Erk in Growth and Differentation,Erk1,,P27361
MAPK-Erk in Growth and Differentation,Erk1/2,,P27361
MAPK-Erk in Growth and Differentation,Erk1/2,,P27361
MAPK-Erk in Growth and Differentation,ERα,,
MAPK-Erk in Growth and Differentation,Ets,P14921; P15036,
MAPK-Erk in Growth and Differentation,ETV1,P50549,
MAPK-Erk in Growth and Differentation,FAK,Q05397,
MAPK-Erk in Growth and Differentation,Filamin A,P21333,
MAPK-Erk in Growth and Differentation,FoxO3,O43524,
MAPK-Erk in Growth and Differentation,Fyn,P06241,
MAPK-Erk in Growth and Differentation,GRB2,P62993,
MAPK-Erk in Growth and Differentation,GRB2,P62993,
MAPK-Erk in Growth and Differentation,GSK-3,,A8MT37; P49841
MAPK-Erk in Growth and Differentation,H3 Histone,,
MAPK-Erk in Growth and Differentation,HMGN1,,A6NEL0
MAPK-Erk in Growth and Differentation,IKBα,,
MAPK-Erk in Growth and Differentation,IMP,Q7Z569,
MAPK-Erk in Growth and Differentation,KSR,,Q8IVT5
MAPK-Erk in Growth and Differentation,LAMTOR2,Q9Y2Q5,
MAPK-Erk in Growth and Differentation,LKB1,Q15831,
MAPK-Erk in Growth and Differentation,Mad1,Q05195,
MAPK-Erk in Growth and Differentation,MEK1,Q02750,
MAPK-Erk in Growth and Differentation,MEK1/2,Q02750,
MAPK-Erk in Growth and Differentation,METTL1,Q9UBP6,
MAPK-Erk in Growth and Differentation,MITF,O75030,
MAPK-Erk in Growth and Differentation,MKP-1/2,,
MAPK-Erk in Growth and Differentation,MKP-3,,
MAPK-Erk in Growth and Differentation,MNK1/2,,Q9BUB5
MAPK-Erk in Growth and Differentation,MP1,,Q5JRX3
MAPK-Erk in Growth and Differentation,MSK1/2,,O75582
MAPK-Erk in Growth and Differentation,Myt1,Q99640,
MAPK-Erk in Growth and Differentation,nNos,P29475,
MAPK-Erk in Growth and Differentation,Nur77,P22736,
MAPK-Erk in Growth and Differentation,p27 KIP1,P46527,
MAPK-Erk in Growth and Differentation,p90RSK,Q15418; Q15349,
MAPK-Erk in Growth and Differentation,p90RSK,Q15418; Q15349,
MAPK-Erk in Growth and Differentation,p90RSK,Q15418; Q15349,
MAPK-Erk in Growth and Differentation,PAK,Q13153; Q13177; O75914,
MAPK-Erk in Growth and Differentation,Pax,,
MAPK-Erk in Growth and Differentation,Pax6,P26367,
MAPK-Erk in Growth and Differentation,PEA-15,,
MAPK-Erk in Growth and Differentation,PI3K,O00443; O00750; O75747; P42338; O00459; Q99570,
MAPK-Erk in Growth and Differentation,PKA,P17612; P22694; P22612; P10644; P31321; P13861; P31323,
MAPK-Erk in Growth and Differentation,PKC,P05129,
MAPK-Erk in Growth and Differentation,PLCγ,,
MAPK-Erk in Growth and Differentation,PLD1,Q13393,
MAPK-Erk in Growth and Differentation,PP1/PP2At,,
MAPK-Erk in Growth and Differentation,PPARγ,,Q07869
MAPK-Erk in Growth and Differentation,PYK2,Q14289,
MAPK-Erk in Growth and Differentation,Rac,,P31749
MAPK-Erk in Growth and Differentation,RACK1,P63244,
MAPK-Erk in Growth and Differentation,Rap1,,Q9NYB0
MAPK-Erk in Growth and Differentation,Raptor,Q8N122,
MAPK-Erk in Growth and Differentation,Ras,P01112; P01116; P01111; P10301,
MAPK-Erk in Growth and Differentation,rpS6,,A2A3R5
MAPK-Erk in Growth and Differentation,Shc/FRS2/IRS,,F8VP54
MAPK-Erk in Growth and Differentation,SOS,,
MAPK-Erk in Growth and Differentation,SOS,,
MAPK-Erk in Growth and Differentation,SOS,,
MAPK-Erk in Growth and Differentation,Spred,Q7Z699; Q7Z698; Q2MJR0,
MAPK-Erk in Growth and Differentation,Spry,O43597; O43609; O43610; Q9C004,
MAPK-Erk in Growth and Differentation,Src,P12931,
MAPK-Erk in Growth and Differentation,SRF,P11831,
MAPK-Erk in Growth and Differentation,Stat1/3,,D2KFR9
MAPK-Erk in Growth and Differentation,Tal,,P37837; Q6UWE0
MAPK-Erk in Growth and Differentation,TCPβ,,
MAPK-Erk in Growth and Differentation,TIF1A,Q9NYV6,
MAPK-Erk in Growth and Differentation,TIF1A,Q9NYV6,
MAPK-Erk in Growth and Differentation,Tpl2/Cot1,,P10589
MAPK-Erk in Growth and Differentation,TSC2,P49815,
MAPK-Erk in Growth and Differentation,UBF,P17480,
MAPK-Erk in Growth and Differentation,WAVE-2,,
MAPK-Erk in Growth and Differentation,YB1,P67809,
Mechanisms of Fibrosis,4E-BP1/2,,Q13541; Q13542
Mechanisms of Fibrosis,Akt,P31749; P31751; Q9Y243,
Mechanisms of Fibrosis,APC,P25054,
Mechanisms of Fibrosis,ASK1,Q99683,
Mechanisms of Fibrosis,Axin,O15169; Q9Y2T1,
Mechanisms of Fibrosis,BTrCp,Q9Y297,
Mechanisms of Fibrosis,CBP,Q92793,
Mechanisms of Fibrosis,CBP,Q92793,
Mechanisms of Fibrosis,CK1,P48729; Q8N752,
Mechanisms of Fibrosis,CREB,P16220,
Mechanisms of Fibrosis,CTGF,P29279,
Mechanisms of Fibrosis,Dvl,O14640; O14641; Q92997,
Mechanisms of Fibrosis,Erk1/2,,P27361
Mechanisms of Fibrosis,FAK,Q05397,
Mechanisms of Fibrosis,GRB2,P62993,
Mechanisms of Fibrosis,GSK-3,,A8MT37; P49841
Mechanisms of Fibrosis,JNK,P45983; P45984; P53779,
Mechanisms of Fibrosis,Lef1/Tcf1,,D6RAB1
Mechanisms of Fibrosis,LOX/LOXL,,B0AZT2
Mechanisms of Fibrosis,LRP5/6,,E9PHY1
Mechanisms of Fibrosis,MKK3/6,,E9PMA8
Mechanisms of Fibrosis,MKK4,P45985,
Mechanisms of Fibrosis,MMP-13,,
Mechanisms of Fibrosis,MMP-2,,
Mechanisms of Fibrosis,MMP-8,,
Mechanisms of Fibrosis,MMP-9,,
Mechanisms of Fibrosis,MRTF,Q969V6; Q9ULH7,
Mechanisms of Fibrosis,mTOR,P42345,
Mechanisms of Fibrosis,p300,Q09472,
Mechanisms of Fibrosis,p38,Q16539; Q15759; P53778; O15264,
Mechanisms of Fibrosis,p70 S6K,P23443,
Mechanisms of Fibrosis,Paxillin,P49023,
Mechanisms of Fibrosis,PI3K,O00443; O00750; O75747; P42338; O00459; Q99570,
Mechanisms of Fibrosis,PP2A,P67775; P62714,
Mechanisms of Fibrosis,Ras,P01112; P01116; P01111; P10301,
Mechanisms of Fibrosis,Rho,P61586; P62745; O94844; Q9BYZ6; O94955; P08134; O00212; P61587; Q9HBH0; P84095; Q15669; Q9H4E5; P17081; Q8IXI2; Q8IXI1; Q7L0Q8; Q96L33; Q92730; P52198,
Mechanisms of Fibrosis,ROCK,Q13464; O75116,
Mechanisms of Fibrosis,RUNX,Q13950; Q13761,
Mechanisms of Fibrosis,RUNX,Q13950; Q13761,
Mechanisms of Fibrosis,SARA,O95405,
Mechanisms of Fibrosis,Shc,P29353,
Mechanisms of Fibrosis,Smad2/3,,B7Z5N5
Mechanisms of Fibrosis,Smad2/3,,B7Z5N5
Mechanisms of Fibrosis,Smad2/3,,B7Z5N5
Mechanisms of Fibrosis,Smad2/3,,B7Z5N5
Mechanisms of Fibrosis,Smad2/3,,B7Z5N5
Mechanisms of Fibrosis,Smad2/3,,B7Z5N5
Mechanisms of Fibrosis,Smad4,Q13485,
Mechanisms of Fibrosis,Smad4,Q13485,
Mechanisms of Fibrosis,Smad4,Q13485,
Mechanisms of Fibrosis,Smad7,O15105,
Mechanisms of Fibrosis,Smurf1/2,,Q9HCE7
Mechanisms of Fibrosis,SOS,Q07889; Q07890,
Mechanisms of Fibrosis,SRF,P11831,
Mechanisms of Fibrosis,TAK1/MLK3/MEKK1,,O43318
Mechanisms of Fibrosis,Talin,Q9Y490; Q9Y4G6,
Mechanisms of Fibrosis,TAZ,Q9GZV5,
Mechanisms of Fibrosis,TAZ,Q9GZV5,
Mechanisms of Fibrosis,TEAD,P28347; Q15562; Q99594; Q15561,
Mechanisms of Fibrosis,TEAD,P28347; Q15562; Q99594; Q15561,
Mechanisms of Fibrosis,Tenascin-C,,
Mechanisms of Fibrosis,TF,,C9JB55
Mechanisms of Fibrosis,TF,,C9JB55
Mechanisms of Fibrosis,TIMP,P01033; P16035; P35625,
Mechanisms of Fibrosis,Vinculin,P18206,
Mechanisms of Fibrosis,Wnt,P04628; P09544; Q93097; P56703; P56704; P56705; P41221; Q9H1J7; O00755; P56706; Q9H1J5; Q93098; O14904; O14905; Q9GZT5; O96014; Q9UBV4,
Mechanisms of Fibrosis,YAP,P46937,
Mechanisms of Fibrosis,YAP,P46937,
Mechanisms of Fibrosis,β-Catenin,,
Mechanisms of Fibrosis,β-catenin,,
Mechanisms of Fibrosis,β-catenin,,
Microglia in Neurodegeneration,mTOR,,P42345
Microglia in Neurodegeneration,Syk,,P43405
Mitochondrial Control of Apoptosis,14-3-3,,
Mitochondrial Control of Apoptosis,14-3-3,,
Mitochondrial Control of Apoptosis,AIF,O95831,
Mitochondrial Control of Apoptosis,Akt,P31749; P31751; Q9Y243,
Mitochondrial Control of Apoptosis,Apaf-1,,
Mitochondrial Control of Apoptosis,ARD1,,P36406; P41227; Q12972
Mitochondrial Control of Apoptosis,Arts,O43236-1,
Mitochondrial Control of Apoptosis,ATM/ATR,,E9PIN0
Mitochondrial Control of Apoptosis,Bad,Q92934,
Mitochondrial Control of Apoptosis,Bad,Q92934,
Mitochondrial Control of Apoptosis,Bad,Q92934,
Mitochondrial Control of Apoptosis,Bak,Q16611,
Mitochondrial Control of Apoptosis,Bak,Q16611,
Mitochondrial Control of Apoptosis,Bax,Q07812,
Mitochondrial Control of Apoptosis,Bax,Q07812,
Mitochondrial Control of Apoptosis,Bax,Q07812,
Mitochondrial Control of Apoptosis,Bcl-2,,
Mitochondrial Control of Apoptosis,Bcl-2,,
Mitochondrial Control of Apoptosis,Bcl-2,,
Mitochondrial Control of Apoptosis,Bcl-2,,
Mitochondrial Control of Apoptosis,Bcl-xL,,
Mitochondrial Control of Apoptosis,Bcl-xL,,
Mitochondrial Control of Apoptosis,BID,P55957,
Mitochondrial Control of Apoptosis,Bim,O43521,
Mitochondrial Control of Apoptosis,Bim,O43521,
Mitochondrial Control of Apoptosis,Bmf,,H0YK50
Mitochondrial Control of Apoptosis,Bmf,,H0YK50
Mitochondrial Control of Apoptosis,Calcineurin,Q08209; P16298; P48454,
Mitochondrial Control of Apoptosis,CaMKII,Q9UQM7; Q13554; Q13557; Q13555,
Mitochondrial Control of Apoptosis,Casp-2,,
Mitochondrial Control of Apoptosis,Casp-3,,
Mitochondrial Control of Apoptosis,"Casp-8,-10",,
Mitochondrial Control of Apoptosis,Casp-9,,
Mitochondrial Control of Apoptosis,Custom Ellipse,,
Mitochondrial Control of Apoptosis,Cyto c,,
Mitochondrial Control of Apoptosis,DLC2,Q96FJ2,
Mitochondrial Control of Apoptosis,Endo G,,Q14249
Mitochondrial Control of Apoptosis,Erk1/2,,P27361
Mitochondrial Control of Apoptosis,FADD,Q13158,
Mitochondrial Control of Apoptosis,HECTH9,Q7Z6Z7,
Mitochondrial Control of Apoptosis,HECTH9,Q7Z6Z7,
Mitochondrial Control of Apoptosis,Hrk,,K7EJY7
Mitochondrial Control of Apoptosis,Hrk,,K7EJY7
Mitochondrial Control of Apoptosis,HSP60,P10809,
Mitochondrial Control of Apoptosis,HtrA2,O43464,
Mitochondrial Control of Apoptosis,ING2,Q9H160,
Mitochondrial Control of Apoptosis,JNK,P45983; P45984; P53779,
Mitochondrial Control of Apoptosis,JNK,P45983; P45984; P53779,
Mitochondrial Control of Apoptosis,LC8,P63167,
Mitochondrial Control of Apoptosis,Mcl-1,,
Mitochondrial Control of Apoptosis,NatA,,
Mitochondrial Control of Apoptosis,Noxa,Q13794,
Mitochondrial Control of Apoptosis,p53,P04637,
Mitochondrial Control of Apoptosis,p70 S6K,P23443; Q9UBS0,
Mitochondrial Control of Apoptosis,p90RSK,Q15418; Q15349,
Mitochondrial Control of Apoptosis,PI3K,O00443; O00750; O75747; P42338; O00459; Q99570,
Mitochondrial Control of Apoptosis,PIDD,Q9HB75,
Mitochondrial Control of Apoptosis,PKA,P17612; P22694; P22612; P10644; P31321; P13861; P31323,
Mitochondrial Control of Apoptosis,PKC,P05129,
Mitochondrial Control of Apoptosis,Puma,Q9BXH1,
Mitochondrial Control of Apoptosis,RAIDD,P78560,
Mitochondrial Control of Apoptosis,SirT2,Q8IXJ6,
Mitochondrial Control of Apoptosis,Smac/Diablo,,F5GX50
Mitochondrial Control of Apoptosis,tBID,P55957,
Mitochondrial Control of Apoptosis,tBID,P55957,
Mitochondrial Control of Apoptosis,XIAP,P98170,
Mitochondrial Dysfunction_interactive icons,AMPK,,P54646; Q9Y478
Mitochondrial Dysfunction_interactive icons,BCL2L13,,E9PDD6
Mitochondrial Dysfunction_interactive icons,BNIP3,,B4DHJ7
Mitochondrial Dysfunction_interactive icons,BNP3L,,
Mitochondrial Dysfunction_interactive icons,CaMK,,Q13555; Q16566
Mitochondrial Dysfunction_interactive icons,Cardiolipin,,
Mitochondrial Dysfunction_interactive icons,Cardiolipin,,
Mitochondrial Dysfunction_interactive icons,CDK,,
Mitochondrial Dysfunction_interactive icons,DRP1,,O00429; O43583; P46939
Mitochondrial Dysfunction_interactive icons,DRP1,,O00429; O43583; P46939
Mitochondrial Dysfunction_interactive icons,ERK,,P28482; A1QJE5
Mitochondrial Dysfunction_interactive icons,FIS1,,C9JXH1
Mitochondrial Dysfunction_interactive icons,FKBP8,,M0R1Q0
Mitochondrial Dysfunction_interactive icons,FUNDC1,,Q8IVP5
Mitochondrial Dysfunction_interactive icons,LC3,,
Mitochondrial Dysfunction_interactive icons,LC3,,
Mitochondrial Dysfunction_interactive icons,LC3,,
Mitochondrial Dysfunction_interactive icons,LC3,,
Mitochondrial Dysfunction_interactive icons,LC3,,
Mitochondrial Dysfunction_interactive icons,LC3,,
Mitochondrial Dysfunction_interactive icons,LC3,,
Mitochondrial Dysfunction_interactive icons,LC3,,
Mitochondrial Dysfunction_interactive icons,LC3,,
Mitochondrial Dysfunction_interactive icons,LC3,,
Mitochondrial Dysfunction_interactive icons,MFF,,C9J846
Mitochondrial Dysfunction_interactive icons,MFN1,,C9JQT7
Mitochondrial Dysfunction_interactive icons,MFN2,,O95140
Mitochondrial Dysfunction_interactive icons,MILTON,,
Mitochondrial Dysfunction_interactive icons,MILTON,,
Mitochondrial Dysfunction_interactive icons,MIRO,,
Mitochondrial Dysfunction_interactive icons,MIRO,,
Mitochondrial Dysfunction_interactive icons,NDP52,,Q13137
Mitochondrial Dysfunction_interactive icons,OMA1,,H7BZX2
Mitochondrial Dysfunction_interactive icons,OPA1,,C9JMB8
Mitochondrial Dysfunction_interactive icons,OPA1,,C9JMB8
Mitochondrial Dysfunction_interactive icons,OPTN,,H7C1H4
Mitochondrial Dysfunction_interactive icons,p38,,B4E0K5
Mitochondrial Dysfunction_interactive icons,p62,,
Mitochondrial Dysfunction_interactive icons,PARIS,,Q6NUN9
Mitochondrial Dysfunction_interactive icons,PARIS,,Q6NUN9
Mitochondrial Dysfunction_interactive icons,Parkin,,
Mitochondrial Dysfunction_interactive icons,PARL,,C9JNP8
Mitochondrial Dysfunction_interactive icons,PGC-1,,D6RBF3; H0Y713
Mitochondrial Dysfunction_interactive icons,PIN,,
Mitochondrial Dysfunction_interactive icons,PINK1,,Q9BXM7
Mitochondrial Dysfunction_interactive icons,PINK1,,Q9BXM7
Mitochondrial Dysfunction_interactive icons,PINK1,,Q9BXM7
Mitochondrial Dysfunction_interactive icons,PINK1,,Q9BXM7
Mitochondrial Dysfunction_interactive icons,PKA,,
Mitochondrial Dysfunction_interactive icons,Prohibitin2,,
Mitochondrial Dysfunction_interactive icons,TBK1,,F5GZI4
Mitochondrial Dysfunction_interactive icons,TBK1,,F5GZI4
Mitochondrial Dysfunction_interactive icons,TBK1,,F5GZI4
Mitochondrial Dysfunction_interactive icons,TIM,,Q12774; Q9UNS1
Mitochondrial Dysfunction_interactive icons,TOM,,
Mitochondrial Dysfunction_interactive icons,TOM,,
Mitochondrial Dysfunction_interactive icons,ULK1,,O75385
Molecular and Cellular Biology of Alzheimer’s Disease,Akt,,G3V2I6; A8MX96; F8VS91
Molecular and Cellular Biology of Alzheimer’s Disease,Calpain,,
Molecular and Cellular Biology of Alzheimer’s Disease,"Casp-3,-9",,
Molecular and Cellular Biology of Alzheimer’s Disease,CDK5,,Q00535
Molecular and Cellular Biology of Alzheimer’s Disease,DR6,,O75509
Molecular and Cellular Biology of Alzheimer’s Disease,GSK-3α/β,,A8MT37; P49841
Molecular and Cellular Biology of Alzheimer’s Disease,p25,,
Molecular and Cellular Biology of Alzheimer’s Disease,p35,,
Molecular and Cellular Biology of Alzheimer’s Disease,Tau,,P10636
Molecular and Cellular Biology of Alzheimer’s Disease,α-Secretase,,
Molecular and Cellular Biology of Alzheimer’s Disease,β-Secretase,,
Molecular and Cellular Biology of Alzheimer’s Disease,γ-Secretase,,
Molecular and Cellular Biology of Alzheimer’s Disease,γ-Secretase,,
mTOR Signaling,4E-BP1/2,,Q13541; Q13542
mTOR Signaling,Akt,P31749; P31751; Q9Y243,
mTOR Signaling,AMPK,Q13131; P54646; Q9Y478; O43741; P54619; Q9UGJ0; Q9UGI9,
mTOR Signaling,Atg13,O75143,
mTOR Signaling,DEPDC5,,C9JGS4
mTOR Signaling,DEPTOR,Q8TB45,
mTOR Signaling,DEPTOR,Q8TB45,
mTOR Signaling,Dvl,O14640; O14641; Q92997,
mTOR Signaling,eIF4G,Q04637,
mTOR Signaling,Erk,,P28482; A1QJE5
mTOR Signaling,FIP200,Q8TDY2,
mTOR Signaling,FKBP12,P62942,
mTOR Signaling,FLCN,,C9J4C4
mTOR Signaling,FNIP1/2,,J3KNG8
mTOR Signaling,Frizzled,Q9UP38; Q9ULW2; Q14332; Q9NPG1; Q9ULV1; Q13467; O60353; O75084; Q9H461; O00144,
mTOR Signaling,GRB10,Q13322,
mTOR Signaling,GSK-3,,A8MT37; P49841
mTOR Signaling,Gαq/o,,
mTOR Signaling,GβL,,
mTOR Signaling,GβL,,
mTOR Signaling,HIF-1,,A8MYV6; A6NGV6
mTOR Signaling,IRS-1,,P35568
mTOR Signaling,LAMTOR,,F5GX19; Q9Y2Q5; Q9UHA4; C9JXA7; E9PLX3
mTOR Signaling,Lipin 1,,C9IYP2
mTOR Signaling,LKB1,Q15831,
mTOR Signaling,LRP,Q07954; P98164; O75074; O75096; O75197; O75581; Q14114; Q7Z4F1; Q86VZ4; Q9Y561; Q9NZR2; Q92673,
mTOR Signaling,Mios,,C9JAQ1
mTOR Signaling,mTOR,P42345,
mTOR Signaling,mTOR,P42345,
mTOR Signaling,Nprl2,,F2Z2R8
mTOR Signaling,Nprl3,,B1B1F5
mTOR Signaling,p53,P04637,
mTOR Signaling,p70S6K,,K7EIM2; E9PIP7
mTOR Signaling,PDK1,O15530,
mTOR Signaling,PGC-1,,D6RBF3; H0Y713
mTOR Signaling,PI3K,O00443; O00750; O75747; P42338; O00459; Q99570,
mTOR Signaling,PKCα,,J3KN97; H3BV73; H7BZ60; C9J9P1; C9JR22; Q04759; P41743; D6RAN5
mTOR Signaling,PPAR,,Q07869
mTOR Signaling,PPARα,,Q07869
mTOR Signaling,PRAS40,Q96B36-3,
mTOR Signaling,PRR5,,B1AHG3
mTOR Signaling,PTEN,P60484,
mTOR Signaling,Rag A/B,,Q7L523; Q5VZM0
mTOR Signaling,Rag C/D,,Q9HB90; Q9NQL2
mTOR Signaling,Raptor,Q8N122,
mTOR Signaling,Ras,,P01112; G3V4K2; P01111
mTOR Signaling,REDD1/2,,Q9NX09
mTOR Signaling,Rheb,Q15382,
mTOR Signaling,Rictor,Q6R327,
mTOR Signaling,RSK,Q15418; Q15349,
mTOR Signaling,Sec13,,A8MXL6
mTOR Signaling,Seh1L,,K7ELV2
mTOR Signaling,Sestrin-1/2,,Q9Y6P5; P58004
mTOR Signaling,SGK1,O00141,
mTOR Signaling,Sin1,Q9BPZ7,
mTOR Signaling,SKAR,Q9BY77,
mTOR Signaling,SREBP-1,,F6V242
mTOR Signaling,TBC1D7,,B4DK47
mTOR Signaling,TFEB,P19484,
mTOR Signaling,TSC1,Q92574,
mTOR Signaling,TSC2,P49815,
mTOR Signaling,ULK,,O75385; K7EIU2; H3BMW8
mTOR Signaling,WDR24,,Q96S15
mTOR Signaling,WDR59,,B7Z7V6
mTOR Signaling,Wnt,P04628; P09544; Q93097; P56703; P56704; P56705; P41221; Q9H1J7; O00755; P56706; Q9H1J5; Q93098; O14904; O14905; Q9GZT5; O96014; Q9UBV4,
Necrotic Cell Death,A20,P21580,
Necrotic Cell Death,A20,P21580,
Necrotic Cell Death,ABIN,P05067,
Necrotic Cell Death,ASC,O60343,
Necrotic Cell Death,Caspase 1,,
Necrotic Cell Death,Caspase 8,,
Necrotic Cell Death,Caspase4/5/11,,
Necrotic Cell Death,Cathepsin B,P55211,
Necrotic Cell Death,CDC37,Q16543,
Necrotic Cell Death,CIAP1/2,,
Necrotic Cell Death,CYLD,Q9NQC7,
Necrotic Cell Death,FADD,Q13158,
Necrotic Cell Death,FADD,Q13158,
Necrotic Cell Death,FLIP,O15519,
Necrotic Cell Death,GSDMD,,E9PIB2
Necrotic Cell Death,GSDMD,,E9PIB2
Necrotic Cell Death,GSDMD,,E9PIB2
Necrotic Cell Death,Hsp90,P07900; P08238,
Necrotic Cell Death,IKKα,,
Necrotic Cell Death,IKKα/β,,
Necrotic Cell Death,IKKβ,,
Necrotic Cell Death,IKKγ/Nemo,,Q9Y6K9
Necrotic Cell Death,IKβα,,D6RAH1
Necrotic Cell Death,IL-18,,
Necrotic Cell Death,IL-1β,,
Necrotic Cell Death,Iκβα,,
Necrotic Cell Death,LUBAC,,
Necrotic Cell Death,MLKL,Q8NB16,
Necrotic Cell Death,MLKL,Q8NB16,
Necrotic Cell Death,Myd88,Q99836,
Necrotic Cell Death,NFκβ,,
Necrotic Cell Death,NFκβ,,
Necrotic Cell Death,NFκβ,,
Necrotic Cell Death,NFκβ,,
Necrotic Cell Death,NLRPs/AIM2/NLRC4/NALP1,,O14862
Necrotic Cell Death,Pellino,,
Necrotic Cell Death,Pellino,,
Necrotic Cell Death,PPM1B,,B8ZZF0
Necrotic Cell Death,Pro-caspase 8,,
Necrotic Cell Death,Pro-Caspase1,,
Necrotic Cell Death,Pro-caspase4/5/11,,
Necrotic Cell Death,Pro-IL-18,,
Necrotic Cell Death,Pro-IL-18,,
Necrotic Cell Death,Pro-IL-1β,,
Necrotic Cell Death,Pro-IL-1β,,
Necrotic Cell Death,RIG-I,,
Necrotic Cell Death,RIPK1,Q9Y572,
Necrotic Cell Death,RIPK1,Q9Y572,
Necrotic Cell Death,RIPK1,Q9Y572,
Necrotic Cell Death,RIPK1,Q9Y572,
Necrotic Cell Death,RIPK1,Q9Y572,
Necrotic Cell Death,RIPK1,Q9Y572,
Necrotic Cell Death,RIPK1,Q9Y572,
Necrotic Cell Death,RIPK1/RIPK3,Q9Y572,
Necrotic Cell Death,RIPK3,Q9Y572,
Necrotic Cell Death,RIPK3,Q9Y572,
Necrotic Cell Death,RIPK3,Q9Y572,
Necrotic Cell Death,RIPK3,Q9Y572,
Necrotic Cell Death,TAB1/2,,Q15750
Necrotic Cell Death,TAB1/2,,Q15750
Necrotic Cell Death,TAK1,O43318,
Necrotic Cell Death,TAK1,O43318,
Necrotic Cell Death,TBK1,Q9UHD2,
Necrotic Cell Death,TBK1,Q9UHD2,
Necrotic Cell Death,TLR4,O00206,
Necrotic Cell Death,TRADD,Q15628,
Necrotic Cell Death,TRAF2,Q12933; Q9Y4K3,
Necrotic Cell Death,TRIF,Q8IUC6,
Necrotic Cell Death,TRIF,Q8IUC6,
Necrotic Cell Death,ZBP1,P33151; Q9NPG4,
Neuronal Activity-dependent APP Processing,α-Secretase (ADAM 10/17),,
Neuronal Activity-dependent APP Processing,β-Secretase (BACE1/2),,E9PJG7
Neuronal Activity-dependent APP Processing,γ-Secretase,,
Neuronal Activity-dependent APP Processing,γ-Secretase,,
NF-kB Signaling,A20,P21580,
NF-kB Signaling,Akt,P31749; P31751; Q9Y243,
NF-kB Signaling,ATM,Q13315,
NF-kB Signaling,Bcl-3,,
NF-kB Signaling,BCR,P11274,
NF-kB Signaling,c-IAP1/2,,
NF-kB Signaling,c-IAP1/2,,
NF-kB Signaling,CBP/p300,,Q09472
NF-kB Signaling,CK2,P68400; P19784; P67870,
NF-kB Signaling,CK2,P68400; P19784; P67870,
NF-kB Signaling,Cot,P41279,
NF-kB Signaling,CYLD,Q9NQC7,
NF-kB Signaling,CYLD,Q9NQC7,
NF-kB Signaling,ELKS,Q8IUD2; O15083,
NF-kB Signaling,GSK-3,,A8MT37; P49841
NF-kB Signaling,H3,P68431,
NF-kB Signaling,HDAC,Q13547; Q969S8; Q96DB2; Q92769; O15379; P56524; Q9UQL6; Q9UBN7; Q8WUI4; Q9BY41; Q9UKV0,
NF-kB Signaling,HOIL1,Q96EP0,
NF-kB Signaling,HOIP,Q96EP0,
NF-kB Signaling,I B-,,Q16157; Q16446
NF-kB Signaling,IkBα,,
NF-kB Signaling,IKBα/β/θ,,
NF-kB Signaling,IKBα/β/θ,,
NF-kB Signaling,IKBα/θ,,
NF-kB Signaling,IkBζ,,
NF-kB Signaling,IKKα,,
NF-kB Signaling,IKKα,,
NF-kB Signaling,IKKα,,
NF-kB Signaling,IKKα,,
NF-kB Signaling,IKKα,,
NF-kB Signaling,IKKα,,
NF-kB Signaling,IKKα,,
NF-kB Signaling,IKKβ,,
NF-kB Signaling,IKKγ/NEMO,,Q9Y6K9
NF-kB Signaling,IKKγ/NEMO,,Q9Y6K9
NF-kB Signaling,IKKγ/NEMO,,Q9Y6K9
NF-kB Signaling,IL-1R,,
NF-kB Signaling,IRAK1/4,,D3YTB5
NF-kB Signaling,ITCH,,Q96J02
NF-kB Signaling,JNK,P45983; P45984; P53779,
NF-kB Signaling,MSK1,O75582,
NF-kB Signaling,MyD88,Q99836,
NF-kB Signaling,NAK,Q9UHD2,
NF-kB Signaling,NAP1,Q8N5C8,
NF-kB Signaling,NF-KB p50/52,,
NF-kB Signaling,NF-KB p50/52,,
NF-kB Signaling,NF-KB p50/52,,
NF-kB Signaling,NF-kB1,,
NF-kB Signaling,NF-KB1 p50,,
NF-kB Signaling,NF-kB2 p100,,
NF-kB Signaling,NF-κB2,,
NF-kB Signaling,NF-κB2 p52,,
NF-kB Signaling,NF-κB2 p52,,
NF-kB Signaling,NIK,Q99558,
NF-kB Signaling,p38,Q16539,
NF-kB Signaling,p65/,,E9PI38
NF-kB Signaling,p65/RelA,,E9PI38
NF-kB Signaling,p65/RelA,,E9PI38
NF-kB Signaling,PARP1,P09874,
NF-kB Signaling,PCAF,Q92831,
NF-kB Signaling,PDK1,O15530,
NF-kB Signaling,Pellino,,
NF-kB Signaling,PI3K,O00443; O00750; O75747; P42338; O00459; Q99570,
NF-kB Signaling,PIASg,Q8N2W9,
NF-kB Signaling,PKA C,P17612,
NF-kB Signaling,PKC,Q05513,
NF-kB Signaling,Ras,P01112; P01116; P01111; P10301,
NF-kB Signaling,RelA/cRel,,E9PI38
NF-kB Signaling,RelA/cRel,,E9PI38
NF-kB Signaling,RelB,Q01201,
NF-kB Signaling,RelB,Q01201,
NF-kB Signaling,RelB,Q01201,
NF-kB Signaling,RIP,O43353; Q13546; Q9Y572,
NF-kB Signaling,RSK1,Q15418,
NF-kB Signaling,SHARPIN,Q9H0F6,
NF-kB Signaling,TAB1/2,,Q15750
NF-kB Signaling,TAK1,O43318,
NF-kB Signaling,Tax,Q02246,
NF-kB Signaling,TAX1BP1,,B8ZZD4
NF-kB Signaling,TCR,,
NF-kB Signaling,TLRs,Q15399,
NF-kB Signaling,TNF,,P01375
NF-kB Signaling,TRADD,Q15628,
NF-kB Signaling,TRAF2,Q12933; O00463,
NF-kB Signaling,TRAF2/5,Q12933; O00463,
NF-kB Signaling,TRAF2/6,Q12933; O00463,
NF-kB Signaling,TRAF3,Q13114,
NF-kB Signaling,TRAF6,Q9Y4K3,
NF-kB Signaling,TRAF6,Q9Y4K3,
NF-kB Signaling,ubc13,P61088,
NF-kB Signaling,Ubc13,P61088,
NF-kB Signaling,UEV1A,,
NF-kB Signaling,β-TrCP,,
NF-kB Signaling,β-TrCP,,
Notch Signaling,ADAM/TACE,,P78536
Notch Signaling,CIR,Q86X95,
Notch Signaling,CSL,Q06330,
Notch Signaling,CSL,Q06330,
Notch Signaling,CtBP1,Q13363,
Notch Signaling,Deltex,Q86Y01; Q86UW9; Q8N9I9; Q9Y2E6,
Notch Signaling,Epsin,Q9Y6I3; O95208,
Notch Signaling,FBX7,Q9Y3I1,
Notch Signaling,Fringe,Q8NES3; O00587; Q9Y644,
Notch Signaling,Furin,P09958,
Notch Signaling,HAT,Q92830; O14929; Q9H7Z6; O95251; Q92794; Q8WYB5; O60502; Q09472; Q92831; Q16576; Q92993; Q92793; O15516; Q9Y6Q9; Q6ZRS2,
Notch Signaling,HDAC,Q13547; Q969S8; Q96DB2; Q92769; O15379; P56524; Q9UQL6; Q9UBN7; Q8WUI4; Q9BY41; Q9UKV0,
Notch Signaling,KDM5A,,E7EV89
Notch Signaling,KDM5A,,E7EV89
Notch Signaling,MAML,Q92585; Q8IZL2; Q96JK9,
Notch Signaling,NEDD4,P46934-4,
Notch Signaling,Neur or Mib,,O14594
Notch Signaling,NUMB,P49757,
Notch Signaling,O-Fut,,
Notch Signaling,Receptor,,Q9UE35
Notch Signaling,SHARP,Q96T58,
Notch Signaling,SKIP,Q13573,
Notch Signaling,SKIP,Q13573,
Notch Signaling,SMRT,Q9Y618,
Notch Signaling,α-Adaptin,,
Nuclear Receptor,CBP/p300,,Q09472
Nuclear Receptor,CBP/p300,,Q09472
Nuclear Receptor,CBP/p300,,Q09472
Nuclear Receptor,HDAC Complex,,
Nuclear Receptor,HDAC Complex,,
Nuclear Receptor,HSP90,,
Nuclear Receptor,HSP90,,
Nuclear Receptor,NcoR1,,C9JAP0
Nuclear Receptor,NcoR1,,C9JAP0
Nuclear Receptor,NR,,
Nuclear Receptor,NR,,
Nuclear Receptor,NR,,
Nuclear Receptor,NR,,
Nuclear Receptor,NR,,
Nuclear Receptor,NR,,
Nuclear Receptor,NR,,
Nuclear Receptor,PCAF,,Q92831
Nuclear Receptor,PCAF,,Q92831
Nuclear Receptor,PCAF,,Q92831
Nuclear Receptor,POLII,,
Nuclear Receptor,PRMT/CARM,,
Nuclear Receptor,PRMT/CARM,,
Nuclear Receptor,PRMT/CARM,,
Nuclear Receptor,RNA POLII,,
Nuclear Receptor,SBP,,Q13228
Nuclear Receptor,SMRT,,
Nuclear Receptor,SMRT,,
Nuclear Receptor,SRC1/2,,P12931; Q15788
Nuclear Receptor,SRC1/2,,P12931; Q15788
Nuclear Receptor,SRC1/2,,P12931; Q15788
Nuclear Receptor,TBP,,H0Y6D8
Nuclear Receptor,TBP,,H0Y6D8
Nuclear Receptor,TBP,,H0Y6D8
Nuclear Receptor,TFIIB,,Q00403
Nuclear Receptor,TFIIB,,Q00403
Nuclear Receptor,TFIIB,,Q00403
p38 MAPK Activation,ASK1/2,,Q99683
p38 MAPK Activation,ATF-2,,B8ZZU6
p38 MAPK Activation,ATF1,P18846,
p38 MAPK Activation,CHOP,P35638,
p38 MAPK Activation,cPLA2,,P47712
p38 MAPK Activation,CREB,P16220,
p38 MAPK Activation,DAXX,Q9UER7,
p38 MAPK Activation,DLK,Q12852,
p38 MAPK Activation,DUSPs,,P28562; Q05923; Q13115; Q16690; F8VW29; H7C4Z0; Q13202; Q99956; Q9Y6W6; F5H5X4
p38 MAPK Activation,EEA1,Q15075,
p38 MAPK Activation,eEF2K,O00418,
p38 MAPK Activation,Elk-1,,P19419
p38 MAPK Activation,ER81,P50549,
p38 MAPK Activation,ETS1,P14921,
p38 MAPK Activation,Gao,,
p38 MAPK Activation,Histone H3,P68431,
p38 MAPK Activation,HMGN1,,A6NEL0
p38 MAPK Activation,HSP27,P04792,
p38 MAPK Activation,MAPKAPK-2,,P49137
p38 MAPK Activation,MAPKAPK-2,,P49137
p38 MAPK Activation,MAPKAPK-3,,C9J8E1
p38 MAPK Activation,MAPKAPK-3,,C9J8E1
p38 MAPK Activation,Max,P61244,
p38 MAPK Activation,MEF2,,Q02078
p38 MAPK Activation,MEKK1-4,,Q13233; Q9Y2U5; J3KRN4; F5H1X6
p38 MAPK Activation,MKK3/6,,E9PMA8
p38 MAPK Activation,MKK4,,J3QLE2
p38 MAPK Activation,MLK2/3,,Q02779
p38 MAPK Activation,MNK1/2,,Q9BUB5
p38 MAPK Activation,MSK1/2,,O75582
p38 MAPK Activation,Myc,P01106; P04198,
p38 MAPK Activation,NF-KB p65,,E9PI38
p38 MAPK Activation,p38 MAPK,Q16539,
p38 MAPK Activation,p38 MAPK,Q16539,
p38 MAPK Activation,p53,P04637,
p38 MAPK Activation,p90RSK,Q15418; Q15349,
p38 MAPK Activation,Pax6,P26367,
p38 MAPK Activation,PRAK,,F8VRP2
p38 MAPK Activation,PRAK,,F8VRP2
p38 MAPK Activation,RARα,,A8MUP8; D6RBI3; H3BMH6
p38 MAPK Activation,Rho-GDI,,J3KRE2; F5H2R5; A2ID99
p38 MAPK Activation,RIP,O43353; Q13546; Q9Y572,
p38 MAPK Activation,Stat1,P42224,
p38 MAPK Activation,TAB1,Q15750,
p38 MAPK Activation,TAK1,O43318,
p38 MAPK Activation,TAO1/2/3,,J3QS76; Q9UL54; F5GWV8
p38 MAPK Activation,Tau,P10636,
p38 MAPK Activation,TRADD,Q15628,
p38 MAPK Activation,TRAF2,Q12933,
Phosphoinositide Signaling,Akt,P31749; P31751; Q9Y243,
Phosphoinositide Signaling,AP2,,
Phosphoinositide Signaling,ATG6,Q9H1Y0,
Phosphoinositide Signaling,Cofilin,P23528; Q9Y281,
Phosphoinositide Signaling,DEPTOR,Q8TB45,
Phosphoinositide Signaling,DEPTOR,Q8TB45,
Phosphoinositide Signaling,Gα,,
Phosphoinositide Signaling,GβL,,
Phosphoinositide Signaling,GβL,,
Phosphoinositide Signaling,INPP4,,
Phosphoinositide Signaling,LC3,Q9H492; Q9GZQ8; Q9BXW4,
Phosphoinositide Signaling,MTMR,Q13043; Q13188,
Phosphoinositide Signaling,MTMR,Q13043; Q13188,
Phosphoinositide Signaling,mTOR,P42345,
Phosphoinositide Signaling,mTOR,P42345,
Phosphoinositide Signaling,PDK1,O15530,
Phosphoinositide Signaling,PI3K I,,C9J951; C9J345; B7ZM44; E9PDN7; B3KWZ7; E9PFP1; Q5T4P3
Phosphoinositide Signaling,"PI3K I,II",,Q8N0V5
Phosphoinositide Signaling,"PI3K II,III",,Q8N0V5
Phosphoinositide Signaling,PI3K III,,C9J951; C9J345; B7ZM44; E9PDN7; B3KWZ7; E9PFP1; Q5T4P3
Phosphoinositide Signaling,PI4K,P42338,
Phosphoinositide Signaling,PI4K II,P42338,
Phosphoinositide Signaling,"PI4K II,III",P42338,
Phosphoinositide Signaling,PI5K,Q9Y2I7; Q99755; O14986; P48426; P78356; Q8TBX8; O60331,
Phosphoinositide Signaling,PIK FYVE,,C9JL08
Phosphoinositide Signaling,PIK FYVE,,C9JL08
Phosphoinositide Signaling,PIP5K I,,
Phosphoinositide Signaling,PKC Family,,J3KN97; H3BV73; H7BZ60; C9J9P1; C9JR22; Q04759; P41743; D6RAN5
Phosphoinositide Signaling,PLCβ,,
Phosphoinositide Signaling,PLCγ,,
Phosphoinositide Signaling,PRR5,,B1AHG3
Phosphoinositide Signaling,PTEN,P60484,
Phosphoinositide Signaling,Rac/Rho/cdc42,,P08100
Phosphoinositide Signaling,Raptor,Q8N122,
Phosphoinositide Signaling,Rictor,Q6R327,
Phosphoinositide Signaling,Sac 3,,Q96PN6
Phosphoinositide Signaling,Sac1,P23443; Q9UBS0,
Phosphoinositide Signaling,"SHIP1,2",,Q92835
Phosphoinositide Signaling,Sin1,Q9BPZ7,
Phosphoinositide Signaling,"SJN1,2/OCRL/Type IV 5-ptase",,Q01968
Phospholipase Signaling,CaMKII,Q9UQM7; Q13554; Q13557; Q13555,
Phospholipase Signaling,cPLA2,,P47712
Phospholipase Signaling,cPLA2,,P47712
Phospholipase Signaling,EGFR,,C9JYS6
Phospholipase Signaling,Gα GTP,,
Phospholipase Signaling,Gβγ,,
Phospholipase Signaling,Mnk1,Q9BUB5,
Phospholipase Signaling,p38 MAPK,,B4E0K5
Phospholipase Signaling,PKC,,J3KN97; H3BV73; H7BZ60; C9J9P1; C9JR22; Q04759; P41743; D6RAN5
Phospholipase Signaling,PLCβ3,,
Phospholipase Signaling,PLCγ1,,
PI3 Kinase-Akt Signaling,14-3-3,,
PI3 Kinase-Akt Signaling,4E-BP1,,
PI3 Kinase-Akt Signaling,Akt,P31749; P31751; Q9Y243,
PI3 Kinase-Akt Signaling,Akt,P31749; P31751; Q9Y243,
PI3 Kinase-Akt Signaling,AS160,O60343,
PI3 Kinase-Akt Signaling,Ataxin-1,,
PI3 Kinase-Akt Signaling,ATG13,O75143,
PI3 Kinase-Akt Signaling,ATM/ATR,,E9PIN0
PI3 Kinase-Akt Signaling,ATP-Citrate Lyase,,
PI3 Kinase-Akt Signaling,Bad,Q92934,
PI3 Kinase-Akt Signaling,Bax,Q07812,
PI3 Kinase-Akt Signaling,BCAP,Q6ZUJ8,
PI3 Kinase-Akt Signaling,Bcl-2,,
PI3 Kinase-Akt Signaling,Bim,O43521,
PI3 Kinase-Akt Signaling,CD19,P15391,
PI3 Kinase-Akt Signaling,CDK2,P24941,
PI3 Kinase-Akt Signaling,CTMP,Q5T1C6,
PI3 Kinase-Akt Signaling,Cyclin A,,
PI3 Kinase-Akt Signaling,Cyclin D1,P24385,
PI3 Kinase-Akt Signaling,DEPTOR,Q8TB45,
PI3 Kinase-Akt Signaling,DEPTOR,Q8TB45,
PI3 Kinase-Akt Signaling,DNA-PK,,
PI3 Kinase-Akt Signaling,eNOS,P29474,
PI3 Kinase-Akt Signaling,FAK,Q05397,
PI3 Kinase-Akt Signaling,FoxO1,Q12778,
PI3 Kinase-Akt Signaling,Gab1,Q13480,
PI3 Kinase-Akt Signaling,Gab2,Q9UQC2,
PI3 Kinase-Akt Signaling,GABAAR,,
PI3 Kinase-Akt Signaling,GS,,
PI3 Kinase-Akt Signaling,GSK-3,,A8MT37; P49841
PI3 Kinase-Akt Signaling,Gα GTP,,
PI3 Kinase-Akt Signaling,GβL,,
PI3 Kinase-Akt Signaling,GβL,,
PI3 Kinase-Akt Signaling,Gβγ,,
PI3 Kinase-Akt Signaling,HexokinaseII,,
PI3 Kinase-Akt Signaling,Huntingtin,P42858,
PI3 Kinase-Akt Signaling,IKKα,,
PI3 Kinase-Akt Signaling,ILK,Q13418,
PI3 Kinase-Akt Signaling,Integrin,P56199; O75578; Q9UKX5; P17301; P08514; P26006-1; P13612; P08648; P23229; Q13683; P53708; Q13797; Q13349; P38570; P20701; P11215; P06756; P20702; P05556; P05107; P05106; P16144; P18084; P18564; P26010; P26012,
PI3 Kinase-Akt Signaling,IRS-1,,P35568
PI3 Kinase-Akt Signaling,Jak1,P23458,
PI3 Kinase-Akt Signaling,Lamin A,,
PI3 Kinase-Akt Signaling,Lyn,P07948,
PI3 Kinase-Akt Signaling,MDM2,Q00987,
PI3 Kinase-Akt Signaling,mTOR,P42345,
PI3 Kinase-Akt Signaling,mTOR,P42345,
PI3 Kinase-Akt Signaling,Myt1,Q99640,
PI3 Kinase-Akt Signaling,NEDD1-4,,
PI3 Kinase-Akt Signaling,p21 Warf1/Cip1,,P38936; Q9BXP2
PI3 Kinase-Akt Signaling,p27 Kip1,,P46527
PI3 Kinase-Akt Signaling,p47phox,,
PI3 Kinase-Akt Signaling,p53,P04637,
PI3 Kinase-Akt Signaling,p70 S6K,,K7EIM2; E9PIP7
PI3 Kinase-Akt Signaling,Paxillin,P49023-2,
PI3 Kinase-Akt Signaling,PDCD4,Q53EL6,
PI3 Kinase-Akt Signaling,PDK1,O15530,
PI3 Kinase-Akt Signaling,PDK1,O15530,
PI3 Kinase-Akt Signaling,PFKFB2,,F6RAZ1
PI3 Kinase-Akt Signaling,PHLPP1/2,,K7EP91
PI3 Kinase-Akt Signaling,PI3K,O00443; O00750; O75747; P42338; O00459; Q99570,
PI3 Kinase-Akt Signaling,PI3K,O00443; O00750; O75747; P42338; O00459; Q99570,
PI3 Kinase-Akt Signaling,PI3K,O00443; O00750; O75747; P42338; O00459; Q99570,
PI3 Kinase-Akt Signaling,PI3K,O00443; O00750; O75747; P42338; O00459; Q99570,
PI3 Kinase-Akt Signaling,PI3K,O00443; O00750; O75747; P42338; O00459; Q99570,
PI3 Kinase-Akt Signaling,PIP5K,Q9Y2I7; Q99755; O14986; P48426; P78356; Q8TBX8; O60331,
PI3 Kinase-Akt Signaling,PP2A,P67775; P62714,
PI3 Kinase-Akt Signaling,PRAS40,Q96B36-3,
PI3 Kinase-Akt Signaling,PRR5,,B1AHG3
PI3 Kinase-Akt Signaling,PTEN,P60484,
PI3 Kinase-Akt Signaling,PTEN,P60484,
PI3 Kinase-Akt Signaling,Raptor,Q8N122,
PI3 Kinase-Akt Signaling,Rictor,Q6R327,
PI3 Kinase-Akt Signaling,S6,,
PI3 Kinase-Akt Signaling,SCF,P63208; Q13616; Q13618; Q13619; Q13309,
PI3 Kinase-Akt Signaling,Sin1,Q9BPZ7,
PI3 Kinase-Akt Signaling,Skp2,,D6R9R7
PI3 Kinase-Akt Signaling,Syk,P43405,
PI3 Kinase-Akt Signaling,TBK1,Q9UHD2,
PI3 Kinase-Akt Signaling,Tpl2,P41279,
PI3 Kinase-Akt Signaling,TRAF6,Q9Y4K3,
PI3 Kinase-Akt Signaling,TSC1,Q92574,
PI3 Kinase-Akt Signaling,TSC2,P49815,
PI3 Kinase-Akt Signaling,Wee1,P30291,
PI3 Kinase-Akt Signaling,XIAP,P98170,
Post-Synaptic Signaling,AMPAR,P42261; P42262; P42263; P48058,
Post-Synaptic Signaling,AMPAR,P42261; P42262; P42263; P48058,
Post-Synaptic Signaling,Ankyrin G,,
Post-Synaptic Signaling,Calcineurin,Q08209; P16298; P48454; P63098; Q96LZ3,
Post-Synaptic Signaling,CaMKII,Q9UQM7; Q13554; Q13557; Q13555,
Post-Synaptic Signaling,CaMKII,Q9UQM7; Q13554; Q13557; Q13555,
Post-Synaptic Signaling,CaMKII,Q9UQM7; Q13554; Q13557; Q13555,
Post-Synaptic Signaling,Cdc42,P60953-1,
Post-Synaptic Signaling,Collybistin,,
Post-Synaptic Signaling,Collybistin,,
Post-Synaptic Signaling,DHHC-12,,
Post-Synaptic Signaling,Dystrobrevin,,
Post-Synaptic Signaling,Dystrophin,,
Post-Synaptic Signaling,Eph,,P21709
Post-Synaptic Signaling,EphR,,
Post-Synaptic Signaling,FYN,P06241,
Post-Synaptic Signaling,GABAR,,
Post-Synaptic Signaling,GABAR,,
Post-Synaptic Signaling,GABAR,,
Post-Synaptic Signaling,GABARAP,,H6UMI1
Post-Synaptic Signaling,GKAP,,O14490
Post-Synaptic Signaling,GKAP,,O14490
Post-Synaptic Signaling,GKAP,,O14490
Post-Synaptic Signaling,GLYR,,
Post-Synaptic Signaling,GRASP,,Q7Z6J2
Post-Synaptic Signaling,GRIP1,,F5H3F9
Post-Synaptic Signaling,Homer,,
Post-Synaptic Signaling,Homer,,
Post-Synaptic Signaling,Homer,,
Post-Synaptic Signaling,Homer,,
Post-Synaptic Signaling,IP3R,,
Post-Synaptic Signaling,JNK,P45983; P45984; P53779,
Post-Synaptic Signaling,MDGA1,,D6RFG6
Post-Synaptic Signaling,Mena/VASP,Q8N8S7,
Post-Synaptic Signaling,mGluR,,P00390
Post-Synaptic Signaling,N-Cadherin,,
Post-Synaptic Signaling,N-Cadherin,,
Post-Synaptic Signaling,Neurexin,,
Post-Synaptic Signaling,Neurexin,,
Post-Synaptic Signaling,Neurexin,,
Post-Synaptic Signaling,Neuroligin 1/3,,
Post-Synaptic Signaling,Neuroligin 2,,
Post-Synaptic Signaling,Neuroligin 2,,
Post-Synaptic Signaling,Neuroligin 3/4,,
Post-Synaptic Signaling,NMDAR,Q05586; Q12879; Q13224; Q14957; O15399; O60391; Q7Z429; Q8TCU5,
Post-Synaptic Signaling,NMDAR,Q05586; Q12879; Q13224; Q14957; O15399; O60391; Q7Z429; Q8TCU5,
Post-Synaptic Signaling,PICK1,,E7EX80
Post-Synaptic Signaling,PKC,P41743; Q05513,
Post-Synaptic Signaling,PKC,P41743; Q05513,
Post-Synaptic Signaling,PKG,,
Post-Synaptic Signaling,PP1,P62136; P62140; P36873,
Post-Synaptic Signaling,PP2B,,
Post-Synaptic Signaling,Profilin,P07737; P35080,
Post-Synaptic Signaling,PSD-95,,
Post-Synaptic Signaling,PSD-95,,
Post-Synaptic Signaling,PSD-95,,
Post-Synaptic Signaling,PTPδ,,
Post-Synaptic Signaling,SHANK,O60880,
Post-Synaptic Signaling,SHANK,O60880,
Post-Synaptic Signaling,SHANK,O60880,
Post-Synaptic Signaling,SLITRK3,,C9K0R4
Post-Synaptic Signaling,SynGAP,Q96PV0,
Post-Synaptic Signaling,Syntrophin,,
Post-Synaptic Signaling,TARP,,A2JGV3
Post-Synaptic Signaling,TARP,,A2JGV3
Post-Synaptic Signaling,β-Catenin,,
Protein Acetylation,AceCS1,Q9NR19,
Protein Acetylation,AceCS1,Q9NR19,
Protein Acetylation,ATM,Q13315,
Protein Acetylation,BRCA1,,C6YB45
Protein Acetylation,CBP/p300,,Q09472
Protein Acetylation,CBP/p300,,Q09472
Protein Acetylation,GCN5L2,Q92830,
Protein Acetylation,GCN5L2,Q92830,
Protein Acetylation,HDAC,Q13547; Q969S8; Q96DB2; Q92769; O15379; P56524; Q9UQL6; Q9UBN7; Q8WUI4; Q9BY41; Q9UKV0,
Protein Acetylation,Idh2,P48735,
Protein Acetylation,Idh2,P48735,
Protein Acetylation,NcoR1,,C9JAP0
Protein Acetylation,NuRD,O94776; Q9UBB5; O95983; Q12873-3; Q14839; Q13547; Q92769; Q09028; Q16576,
Protein Acetylation,p53,P04637,
Protein Acetylation,PCAF,Q92831,
Protein Acetylation,PCAF,Q92831,
Protein Acetylation,PEPCK,,
Protein Acetylation,PEPCK,,
Protein Acetylation,PGC-1-,,D6RBF3; H0Y713
Protein Acetylation,PGC-1α,,D6RBF3; H0Y713
Protein Acetylation,Rb,,P06400
Protein Acetylation,RNA Pol II,,Q8N0V5
Protein Acetylation,Sin3,,
Protein Acetylation,SirT1,Q96EB6,
Protein Acetylation,SirT1,Q96EB6,
Protein Acetylation,SirT3,Q9NTG7,
Protein Acetylation,Sirtuins,,
Protein Acetylation,SRC-3,,
Protein Acetylation,SRC-3,,
Protein Acetylation,TBP,P20226,
Protein Acetylation,TF,,C9JB55
Protein Acetylation,TF,,C9JB55
Protein Acetylation,TFIIA,P52655; Q9UNN4; P52657,
Protein Acetylation,TFIIB,,Q00403
Protein Acetylation,TFIID,P21675; Q12962; Q15544; Q16514; Q15543; Q5VWG9; O14981; Q8IZX4; Q6P1X5; O00268; Q92750; Q15542; P49848; Q15545; Q5H9L4; Q9HBM6; Q16594; Q7Z7C8; P20226,
Protein Acetylation,TFIIE,P29083; P29084,
Protein Acetylation,TFIIF,,
Protein Acetylation,TFIIH,P50613; P18074; P32780; Q13888; Q92759; Q6ZYL4; P19447,
Protein Acetylation,Tip60,Q92993,
Protein Acetylation,Tip60,Q92993,
Protein Acetylation,Tip60,Q92993,
Protein Acetylation,α-Importin,,
Protein Kinase C Signaling,Akt/PKB,,G3V2I6; A8MX96; F8VS91
Protein Kinase C Signaling,MARCKs,P29966,
Protein Kinase C Signaling,p70S6K,P23443,
Protein Kinase C Signaling,PDK1,O15530,
Protein Kinase C Signaling,PI3K,O00443; O00750; O75747; P42338; O00459; Q99570,
Protein Kinase C Signaling,PKCα/βII,Q05513; Q05655; Q04759; Q15139,
Protein Kinase C Signaling,PKCδ,Q05513; Q05655; Q04759; Q15139,
Protein Kinase C Signaling,PKCζ/λ,Q05513; Q05655; Q04759; Q15139,
Protein Kinase C Signaling,PKCθ,Q05513; Q05655; Q04759; Q15139,
Protein Kinase C Signaling,PKCμ,Q05513; Q05655; Q04759; Q15139,
Regulation of Actin Dynamics,14-3-3ζ,,
Regulation of Actin Dynamics,ADF,P60981; P06396; P23528; Q9Y281; P07737; P35080; Q8WZ42,
Regulation of Actin Dynamics,Arp2/3,,P61160; Q9UKU9
Regulation of Actin Dynamics,Arp2/3,,P61160; Q9UKU9
Regulation of Actin Dynamics,Calcineurin,Q08209; P16298; P48454,
Regulation of Actin Dynamics,CaM,P27482; P0DP23; Q14012; Q6P2M8; Q8IU85; Q96NX5; Q9UQM7; Q13554; Q13557; Q13555; Q96S95; Q16566; Q8N5S9; Q96RR4; Q32MK0; P20273; P12830; Q4KMG0; P13688; Q8NHU2; O15075; Q8N568; Q9C098; P16422; P01768; O00522; P50895; P32004; P13591; O15394; Q92823; P54750; Q01064; Q14123; P49593; Q08209; P16298; P48454; O95807; Q8NCB2; P19320,
Regulation of Actin Dynamics,CaM,P27482; P0DP23; Q14012; Q6P2M8; Q8IU85; Q96NX5; Q9UQM7; Q13554; Q13557; Q13555; Q96S95; Q16566; Q8N5S9; Q96RR4; Q32MK0; P20273; P12830; Q4KMG0; P13688; Q8NHU2; O15075; Q8N568; Q9C098; P16422; P01768; O00522; P50895; P32004; P13591; O15394; Q92823; P54750; Q01064; Q14123; P49593; Q08209; P16298; P48454; O95807; Q8NCB2; P19320,
Regulation of Actin Dynamics,CapZ,P52907; P47755; Q96KX2; P47756-1; Q6JBY9,
Regulation of Actin Dynamics,cdc42,P60953,
Regulation of Actin Dynamics,CIN,Q96GD0,
Regulation of Actin Dynamics,Cofilin,P23528; Q9Y281,
Regulation of Actin Dynamics,Cofilin,P23528; Q9Y281,
Regulation of Actin Dynamics,Cortactin,Q14247,
Regulation of Actin Dynamics,Crk,P46108,
Regulation of Actin Dynamics,Ena,Q8N8S7,
Regulation of Actin Dynamics,FAK,Q05397,
Regulation of Actin Dynamics,Fascin,Q16658,
Regulation of Actin Dynamics,Filamin,P21333; O75369; Q14315,
Regulation of Actin Dynamics,Filamin,P21333; O75369; Q14315,
Regulation of Actin Dynamics,G13,,Q99941
Regulation of Actin Dynamics,GEF,Q86X27; Q13905; Q8WZA2; Q8TEU7; Q8N9B8; Q13972; O95267; Q7LDG7-2; Q9UGK8; Q76NI1,
Regulation of Actin Dynamics,Gelsolin,P06396,
Regulation of Actin Dynamics,GIT1/2,,E7EVC2
Regulation of Actin Dynamics,Gq,,
Regulation of Actin Dynamics,GRB2,P62993,
Regulation of Actin Dynamics,GRB2,P62993,
Regulation of Actin Dynamics,Gs,,
Regulation of Actin Dynamics,Gα,P63096; P50148; P63092; Q14344,
Regulation of Actin Dynamics,Hsp90,P07900,
Regulation of Actin Dynamics,LIMK,P53667; P53671,
Regulation of Actin Dynamics,mDIA,O60610,
Regulation of Actin Dynamics,mDIA,O60610,
Regulation of Actin Dynamics,MEK,P36507,
Regulation of Actin Dynamics,MEKK,Q99683; P41279; Q12852; O43283; Q6ZN16; Q13233; Q9Y2U5; Q99759; Q9Y6R4; O95382; P80192; Q02779; Q16584; Q99558; O43318; Q7L7X3; Q9UL54; Q9H2K8,
Regulation of Actin Dynamics,MEKK,Q99683; P41279; Q12852; O43283; Q6ZN16; Q13233; Q9Y2U5; Q99759; Q9Y6R4; O95382; P80192; Q02779; Q16584; Q99558; O43318; Q7L7X3; Q9UL54; Q9H2K8,
Regulation of Actin Dynamics,Mical,Q8TDZ2; O94851; Q7RTP6,
Regulation of Actin Dynamics,MLC,P24844,
Regulation of Actin Dynamics,MLCK,Q9H1R3,
Regulation of Actin Dynamics,MLCK,Q9H1R3,
Regulation of Actin Dynamics,MYPT1,O14974,
Regulation of Actin Dynamics,Nck,P16333,
Regulation of Actin Dynamics,p130,P56945,
Regulation of Actin Dynamics,PAK1,Q13153,
Regulation of Actin Dynamics,PAK1,Q13153,
Regulation of Actin Dynamics,PAK1,Q13153,
Regulation of Actin Dynamics,Paxillin,P49023,
Regulation of Actin Dynamics,PI3K,O00443; O00750; O75747; P42338; O00459; Q99570,
Regulation of Actin Dynamics,PI3K,O00443; O00750; O75747; P42338; O00459; Q99570,
Regulation of Actin Dynamics,PI3K,O00443; O00750; O75747; P42338; O00459; Q99570,
Regulation of Actin Dynamics,PI3K,O00443; O00750; O75747; P42338; O00459; Q99570,
Regulation of Actin Dynamics,PI3Kα,O00443; O00750; O75747; P42338; O00459; Q99570,
Regulation of Actin Dynamics,PI5K,Q99755; O14986; O60331,
Regulation of Actin Dynamics,PIX,Q15052; Q14155,
Regulation of Actin Dynamics,PIX,Q15052; Q14155,
Regulation of Actin Dynamics,PKA,P17612; P22694; P22612; P10644; P31321; P13861; P31323,
Regulation of Actin Dynamics,PKCα,,J3KN97; H3BV73; H7BZ60; C9J9P1; C9JR22; Q04759; P41743; D6RAN5
Regulation of Actin Dynamics,PKD1,Q15139,
Regulation of Actin Dynamics,PLCβ,,
Regulation of Actin Dynamics,PLCγ,,
Regulation of Actin Dynamics,PlexinA,Q9UIW2; O75051; P51805; Q9HCM2,
Regulation of Actin Dynamics,Profilin,P07737; P35080,
Regulation of Actin Dynamics,Rac,P63000; P15153; P60763,
Regulation of Actin Dynamics,Ras,P01112; P01116; P01111; P10301,
Regulation of Actin Dynamics,Rho,P61586,
Regulation of Actin Dynamics,RhoGEF,Q92888,
Regulation of Actin Dynamics,ROCK,Q13464; O75116,
Regulation of Actin Dynamics,ROCK,Q13464; O75116,
Regulation of Actin Dynamics,Sema1a,,
Regulation of Actin Dynamics,Src,P12931,
Regulation of Actin Dynamics,SSH,Q8WYL5; Q76I76; Q8TE77,
Regulation of Actin Dynamics,TIAM1,Q13009,
Regulation of Actin Dynamics,Tmod,P28289; Q9NZR1; Q9NYL9; Q9NZQ9,
Regulation of Actin Dynamics,Tropomyosins,P09493; P07951; P06753,
Regulation of Actin Dynamics,VASP,P50552,
Regulation of Actin Dynamics,Vav,P15498; P52735; Q9UKW4,
Regulation of Actin Dynamics,WASP,P42768,
Regulation of Actin Dynamics,WASP,P42768,
Regulation of Actin Dynamics,WAVE,Q92558; Q9Y6W5,
Regulation of Apoptosis,14-3-3,,
Regulation of Apoptosis,AIF,O95831,
Regulation of Apoptosis,AIF,O95831,
Regulation of Apoptosis,Akt,P31749; P31751; Q9Y243,
Regulation of Apoptosis,Apaf-1,,
Regulation of Apoptosis,APP,P05067,
Regulation of Apoptosis,Arts,O43236-1,
Regulation of Apoptosis,ASK1,Q99683,
Regulation of Apoptosis,ATM/ATR,,E9PIN0
Regulation of Apoptosis,Bad,Q92934,
Regulation of Apoptosis,Bak,Q16611,
Regulation of Apoptosis,Bax,Q07812,
Regulation of Apoptosis,Bcl-2,,
Regulation of Apoptosis,Bcl-xL,,
Regulation of Apoptosis,BID,P55957,
Regulation of Apoptosis,Bim,O43521,
Regulation of Apoptosis,c-IAP,,
Regulation of Apoptosis,c-IAP,,
Regulation of Apoptosis,c-Jun,,P05412
Regulation of Apoptosis,Calpain,P07384; P17655; P04632,
Regulation of Apoptosis,Casp-12,,
Regulation of Apoptosis,Casp-2,,
Regulation of Apoptosis,"Casp-3,-6,-7",,
Regulation of Apoptosis,"Casp-8,-10",,
Regulation of Apoptosis,Casp-9,,
Regulation of Apoptosis,Casp-9,,
Regulation of Apoptosis,cdc2,P06493,
Regulation of Apoptosis,Chk1/2,,O14757
Regulation of Apoptosis,CYLD,Q9NQC7,
Regulation of Apoptosis,Cyto c,,
Regulation of Apoptosis,DFF40,O76075,
Regulation of Apoptosis,DFF40,O76075,
Regulation of Apoptosis,DFF45,O00273,
Regulation of Apoptosis,Endo G,,Q14249
Regulation of Apoptosis,Endo G,,Q14249
Regulation of Apoptosis,Erk1/2,,P27361
Regulation of Apoptosis,FADD,Q13158,
Regulation of Apoptosis,FADD,Q13158,
Regulation of Apoptosis,FADD,Q13158,
Regulation of Apoptosis,FLIP,O15519,
Regulation of Apoptosis,FoxO1,Q12778,
Regulation of Apoptosis,FoxO1,Q12778,
Regulation of Apoptosis,HECTH9,Q7Z6Z7,
Regulation of Apoptosis,HtrA2,O43464,
Regulation of Apoptosis,IKBα,,
Regulation of Apoptosis,IKBα,,
Regulation of Apoptosis,IKKα,,
Regulation of Apoptosis,IKKβ,,
Regulation of Apoptosis,IKKγ,,
Regulation of Apoptosis,Itch,Q96J02,
Regulation of Apoptosis,JNK,P45983; P45984; P53779,
Regulation of Apoptosis,JNK,P45983; P45984; P53779,
Regulation of Apoptosis,JNK,P45983; P45984; P53779,
Regulation of Apoptosis,Lamin A/C,,
Regulation of Apoptosis,NF-KB,,
Regulation of Apoptosis,NF-KB,,
Regulation of Apoptosis,NF-KB,,
Regulation of Apoptosis,NIK,Q99558,
Regulation of Apoptosis,Noxa,Q13794,
Regulation of Apoptosis,p53,P04637,
Regulation of Apoptosis,p53,P04637,
Regulation of Apoptosis,p53,P04637,
Regulation of Apoptosis,p53,P04637,
Regulation of Apoptosis,p90RSK,Q15418; Q15349,
Regulation of Apoptosis,PARP,P09874,
Regulation of Apoptosis,PI3K,O00443; O00750; O75747; P42338; O00459; Q99570,
Regulation of Apoptosis,PIDD,Q9HB75,
Regulation of Apoptosis,PKC,P05129,
Regulation of Apoptosis,Puma,Q9BXH1,
Regulation of Apoptosis,RAIDD,P78560,
Regulation of Apoptosis,RIP,,P52594; Q13546; Q86UA6; Q9Y4B6
Regulation of Apoptosis,RIP,,P52594; Q13546; Q86UA6; Q9Y4B6
Regulation of Apoptosis,RIP,,P52594; Q13546; Q86UA6; Q9Y4B6
Regulation of Apoptosis,RIP1,Q13546,
Regulation of Apoptosis,ROCK,Q13464; O75116,
Regulation of Apoptosis,SirT2,Q8IXJ6,
Regulation of Apoptosis,Smac/Diablo,,F5GX50
Regulation of Apoptosis,TAK1,O43318,
Regulation of Apoptosis,tBID,P55957,
Regulation of Apoptosis,TRADD,Q15628,
Regulation of Apoptosis,TRADD,Q15628,
Regulation of Apoptosis,TRADD,Q15628,
Regulation of Apoptosis,TRAF2,Q12933; Q9Y4K3,
Regulation of Apoptosis,TRAF2,Q12933; Q9Y4K3,
Regulation of Apoptosis,TRAF2,Q12933; Q9Y4K3,
Regulation of Apoptosis,XIAP,P98170,
Regulation of eIF2,40S,,
Regulation of eIF2,43S,,
Regulation of eIF2,Akt,P31749; P31751; Q9Y243,
Regulation of eIF2,BiP,P11021,
Regulation of eIF2,CreP,,
Regulation of eIF2,eIF1,P41567,
Regulation of eIF2,eIF1A,P41567,
Regulation of eIF2,eIF2 γ,,O60841
Regulation of eIF2,eIF2 γ,,O60841
Regulation of eIF2,eIF2 γ,,O60841
Regulation of eIF2,eIF2 γ,,O60841
Regulation of eIF2,eIF2B,P20042,
Regulation of eIF2,eIF2B,P20042,
Regulation of eIF2,eIF2B,P20042,
Regulation of eIF2,eIF3,O75822; Q13347; O75821; O00303; P55884; Q14152; O75153; O15371; Q99613; P60228; B0BNA7; Q9UBQ5; Q7L2H7; O15372,
Regulation of eIF2,eIF5,P55010; P63241; O60841,
Regulation of eIF2,eIF5,P55010; P63241; O60841,
Regulation of eIF2,eIF5,P55010; P63241; O60841,
Regulation of eIF2,eIF5,P55010; P63241; O60841,
Regulation of eIF2,GADD34,O75807,
Regulation of eIF2,GCN2,Q9P2K8,
Regulation of eIF2,GCN2,Q9P2K8,
Regulation of eIF2,GSK-3β,,A8MT37; P49841
Regulation of eIF2,HRI,,Q9BQI3
Regulation of eIF2,HRI,,Q9BQI3
Regulation of eIF2,NCK,P16333,
Regulation of eIF2,PERK,Q9BQI3,
Regulation of eIF2,PERK,Q9BQI3,
Regulation of eIF2,PKR,P19525,
Regulation of eIF2,PKR,P19525,
Regulation of eIF2,PP1,P62136; P62140; P36873,
Regulation of eIF2,PP1,P62136; P62140; P36873,
Regulation of eIF2,PTEN,P60484,
Regulation of eIF2,SirT1,Q96EB6,
Regulation of eIF2,SirT1,Q96EB6,
Regulation of eIF4E and p70 S6 Kinase,43S,,
Regulation of eIF4E and p70 S6 Kinase,48S,,
Regulation of eIF4E and p70 S6 Kinase,4E-BP1,,
Regulation of eIF4E and p70 S6 Kinase,4E-BP1,,
Regulation of eIF4E and p70 S6 Kinase,Akt,P31749; P31751; Q9Y243,
Regulation of eIF4E and p70 S6 Kinase,AMPK,Q13131; P54646,
Regulation of eIF4E and p70 S6 Kinase,DEPTOR,Q8TB45,
Regulation of eIF4E and p70 S6 Kinase,DEPTOR,Q8TB45,
Regulation of eIF4E and p70 S6 Kinase,Dvl,O14640; O14641; Q92997,
Regulation of eIF4E and p70 S6 Kinase,eEF2,,M0R0I6
Regulation of eIF4E and p70 S6 Kinase,eEF2K,O00418,
Regulation of eIF4E and p70 S6 Kinase,eIF4B,P23588,
Regulation of eIF4E and p70 S6 Kinase,eIF4E,P06730,
Regulation of eIF4E and p70 S6 Kinase,eIF4E,P06730,
Regulation of eIF4E and p70 S6 Kinase,eIF4F,Q14240; P06730; Q04637,
Regulation of eIF4E and p70 S6 Kinase,eIF4G,Q04637,
Regulation of eIF4E and p70 S6 Kinase,eIF4H,Q15056,
Regulation of eIF4E and p70 S6 Kinase,elF4A,,
Regulation of eIF4E and p70 S6 Kinase,Erk,,P28482; A1QJE5
Regulation of eIF4E and p70 S6 Kinase,FKBP12,P62942,
Regulation of eIF4E and p70 S6 Kinase,Frizzled,Q9UP38; Q9ULW2; Q14332; Q9NPG1; Q9ULV1; Q13467; O60353; O75084; Q9H461; O00144,
Regulation of eIF4E and p70 S6 Kinase,GRB10,Q13322,
Regulation of eIF4E and p70 S6 Kinase,GSK-3,,A8MT37; P49841
Regulation of eIF4E and p70 S6 Kinase,Gαq/o,,
Regulation of eIF4E and p70 S6 Kinase,GβL,,
Regulation of eIF4E and p70 S6 Kinase,GβL,,
Regulation of eIF4E and p70 S6 Kinase,IRS-1,,P35568
Regulation of eIF4E and p70 S6 Kinase,LKB1,Q15831,
Regulation of eIF4E and p70 S6 Kinase,LRP,Q07954; P98164; O75074; O75096; O75197; O75581; Q14114; Q7Z4F1; Q86VZ4; Q9Y561; Q9NZR2; Q92673,
Regulation of eIF4E and p70 S6 Kinase,MNK,Q9BUB5; Q9HBH9,
Regulation of eIF4E and p70 S6 Kinase,mTOR,P42345,
Regulation of eIF4E and p70 S6 Kinase,mTOR,P42345,
Regulation of eIF4E and p70 S6 Kinase,p38 MAPK,,B4E0K5
Regulation of eIF4E and p70 S6 Kinase,p70 S6K,P23443,
Regulation of eIF4E and p70 S6 Kinase,p90RSK,Q15418; Q15349,
Regulation of eIF4E and p70 S6 Kinase,PABP,P11940,
Regulation of eIF4E and p70 S6 Kinase,PABP,P11940,
Regulation of eIF4E and p70 S6 Kinase,PAIP1,Q9H074,
Regulation of eIF4E and p70 S6 Kinase,PAIP2,Q9BPZ3,
Regulation of eIF4E and p70 S6 Kinase,PDCD4,Q53EL6,
Regulation of eIF4E and p70 S6 Kinase,PDK1,O15530,
Regulation of eIF4E and p70 S6 Kinase,PI3K,O00443; O00750; O75747; P42338; O00459; Q99570,
Regulation of eIF4E and p70 S6 Kinase,PRAS40,Q96B36-3,
Regulation of eIF4E and p70 S6 Kinase,PRR5,P85299,
Regulation of eIF4E and p70 S6 Kinase,PTEN,P60484,
Regulation of eIF4E and p70 S6 Kinase,RagA/B,,Q7L523; Q5VZM0
Regulation of eIF4E and p70 S6 Kinase,RagC/D,,Q9HB90; Q9NQL2
Regulation of eIF4E and p70 S6 Kinase,Raptor,Q8N122,
Regulation of eIF4E and p70 S6 Kinase,Rictor,Q6R327,
Regulation of eIF4E and p70 S6 Kinase,S6,,
Regulation of eIF4E and p70 S6 Kinase,Sin1,Q9BPZ7,
Regulation of eIF4E and p70 S6 Kinase,TBC1D7,,B4DK47
Regulation of eIF4E and p70 S6 Kinase,TSC1,Q92574,
Regulation of eIF4E and p70 S6 Kinase,TSC2,P49815,
Regulation of eIF4E and p70 S6 Kinase,Wnt,P04628; P09544; Q93097; P56703; P56704; P56705; P41221; Q9H1J7; O00755; P56706; Q9H1J5; Q93098; O14904; O14905; Q9GZT5; O96014; Q9UBV4,
Regulation of Microtubule Dynamics,Akt,P31749; P31751; Q9Y243,
Regulation of Microtubule Dynamics,APC,P25054,
Regulation of Microtubule Dynamics,APC,P25054,
Regulation of Microtubule Dynamics,aPKC,Q05513; P41743,
Regulation of Microtubule Dynamics,Aurora B,Q96GD4,
Regulation of Microtubule Dynamics,c-Abl,,P00519
Regulation of Microtubule Dynamics,CaMK,Q9UQM7; Q13554; Q13557; Q13555; Q16566; Q14012; Q6P2M8; Q8IU85; Q96NX5,
Regulation of Microtubule Dynamics,cdc42,P60953,
Regulation of Microtubule Dynamics,Cdk1,P06493,
Regulation of Microtubule Dynamics,CLASP,Q8N2M8,
Regulation of Microtubule Dynamics,CLASP,Q8N2M8,
Regulation of Microtubule Dynamics,CLIP,P30622; P01189; O75122,
Regulation of Microtubule Dynamics,CLIP,P30622; P01189; O75122,
Regulation of Microtubule Dynamics,CLIP,P30622; P01189; O75122,
Regulation of Microtubule Dynamics,CLIP,P30622; P01189; O75122,
Regulation of Microtubule Dynamics,Cofilin,P23528; Q9Y281,
Regulation of Microtubule Dynamics,CRMP2,Q16555,
Regulation of Microtubule Dynamics,Dvl,O14640; O14641; Q92997,
Regulation of Microtubule Dynamics,EB1,Q15691,
Regulation of Microtubule Dynamics,EB1,Q15691,
Regulation of Microtubule Dynamics,EB1,Q15691,
Regulation of Microtubule Dynamics,Erk,P27361; P28482,
Regulation of Microtubule Dynamics,Erk,P27361; P28482,
Regulation of Microtubule Dynamics,Ga,P29992; P19086; P63096; P09471; P50148,
Regulation of Microtubule Dynamics,GSK-3β,,A8MT37; P49841
Regulation of Microtubule Dynamics,Gαq/o,,
Regulation of Microtubule Dynamics,ICIS,,
Regulation of Microtubule Dynamics,LIMK,P53667,
Regulation of Microtubule Dynamics,LL5β,,
Regulation of Microtubule Dynamics,LRP,Q07954; P98164; O75074; O75096; O75197; O75581; Q14114; Q7Z4F1; Q86VZ4; Q9Y561; Q9NZR2; Q92673,
Regulation of Microtubule Dynamics,MAP1b,Q9H492; Q9GZQ8; Q9BXW4,
Regulation of Microtubule Dynamics,MAP1b,Q9H492; Q9GZQ8; Q9BXW4,
Regulation of Microtubule Dynamics,MAPKAPK,Q15418; Q15349,
Regulation of Microtubule Dynamics,MARK,P27448; Q9P0L2; Q7KZI7; Q96L34,
Regulation of Microtubule Dynamics,MARK2,Q7KZI7,
Regulation of Microtubule Dynamics,MCAK,Q99661,
Regulation of Microtubule Dynamics,mDIA,O60610,
Regulation of Microtubule Dynamics,mDIA,O60610,
Regulation of Microtubule Dynamics,mDIA1,O60610,
Regulation of Microtubule Dynamics,PAK,Q13153; Q13177; O75914,
Regulation of Microtubule Dynamics,Par1,P27448,
Regulation of Microtubule Dynamics,Par3,Q8TEW0; Q8TEW8,
Regulation of Microtubule Dynamics,Par6,Q9NPB6; Q9BYG5; Q9BYG4,
Regulation of Microtubule Dynamics,PI3K,O00443; O00750; O75747; P42338; O00459; Q99570,
Regulation of Microtubule Dynamics,PKA,P17612; P22694; P22612; P10644; P31321; P13861; P31323,
Regulation of Microtubule Dynamics,PTEN,P60484,
Regulation of Microtubule Dynamics,Rac1,P63000; P15153; P60763,
Regulation of Microtubule Dynamics,Rac1,P63000; P15153; P60763,
Regulation of Microtubule Dynamics,Rho,P60953; P63000; P15153; P60763; P61586; P62745; P08134,
Regulation of Microtubule Dynamics,Rho,P60953; P63000; P15153; P60763; P61586; P62745; P08134,
Regulation of Microtubule Dynamics,Rho,P60953; P63000; P15153; P60763; P61586; P62745; P08134,
Regulation of Microtubule Dynamics,Rho,P60953; P63000; P15153; P60763; P61586; P62745; P08134,
Regulation of Microtubule Dynamics,RhoGEF,Q92888; Q14155; Q15052; Q92974,
Regulation of Microtubule Dynamics,ROCK,Q13464; O75116,
Regulation of Microtubule Dynamics,Spred1,Q7Z699,
Regulation of Microtubule Dynamics,Src,P12931,
Regulation of Microtubule Dynamics,Stat3,P40763,
Regulation of Microtubule Dynamics,Stathmin,P16949; Q93045; Q9NZ72; Q9H169,
Regulation of Microtubule Dynamics,TAOK,Q7L7X3; Q9UL54; Q9H2K8,
Regulation of Microtubule Dynamics,Tau,P10636,
Regulation of Microtubule Dynamics,TESK,Q15569; Q96S53,
Regulation of Microtubule Dynamics,Tiam1,Q13009,
Regulation of Microtubule Dynamics,TPPP,O94811,
Regulation of Microtubule Dynamics,Trio,O75962,
Regulation of Microtubule Dynamics,Wnt,P04628; P09544; Q93097; P56703; P56704; P56705; P41221; Q9H1J7; O00755; P56706; Q9H1J5; Q93098; O14904; O14905; Q9GZT5; O96014; Q9UBV4,
Regulation of Microtubule Dynamics,XMAP215,Q14008,
RNA LifeCycle Diagram,4E-BP,,
RNA LifeCycle Diagram,4OS,,
RNA LifeCycle Diagram,ADAR,,A2IBT1
RNA LifeCycle Diagram,ADAR,,A2IBT1
RNA LifeCycle Diagram,ADAR,,A2IBT1
RNA LifeCycle Diagram,ALKBH5,,K7ER58
RNA LifeCycle Diagram,CF1,,
RNA LifeCycle Diagram,CFII,,
RNA LifeCycle Diagram,CPSF,,
RNA LifeCycle Diagram,CPSF,,
RNA LifeCycle Diagram,CPSF,,
RNA LifeCycle Diagram,CPSF,,
RNA LifeCycle Diagram,CPSF,,
RNA LifeCycle Diagram,CPSF,,
RNA LifeCycle Diagram,CSTF,,
RNA LifeCycle Diagram,CTD,,
RNA LifeCycle Diagram,DCP1,,P12821
RNA LifeCycle Diagram,DCP1,,P12821
RNA LifeCycle Diagram,DCP2,,B7Z3U5
RNA LifeCycle Diagram,DCP2,,B7Z3U5
RNA LifeCycle Diagram,DCP5,,
RNA LifeCycle Diagram,DDX3X,,F6S8Q4
RNA LifeCycle Diagram,DDX5,,J3KRZ1
RNA LifeCycle Diagram,DKC1,,C9IYT0
RNA LifeCycle Diagram,EDC3,,H3BMB8
RNA LifeCycle Diagram,EDC3,,H3BMB8
RNA LifeCycle Diagram,eIF3,,
RNA LifeCycle Diagram,eIF4A,,P60842
RNA LifeCycle Diagram,eIF4E,P06730,
RNA LifeCycle Diagram,eIF4G,,Q04637
RNA LifeCycle Diagram,EJC,,
RNA LifeCycle Diagram,ELAVL,,
RNA LifeCycle Diagram,FTO,,F8WCB8
RNA LifeCycle Diagram,HNRNP,,
RNA LifeCycle Diagram,LIN28A/B,,Q9H9Z2
RNA LifeCycle Diagram,LSM1-7,,
RNA LifeCycle Diagram,LSM1-7,,
RNA LifeCycle Diagram,LSM1-7,,
RNA LifeCycle Diagram,METTL14,,D6RBL4
RNA LifeCycle Diagram,METTL3,,B4DTN4
RNA LifeCycle Diagram,NCB,,
RNA LifeCycle Diagram,NCB,,
RNA LifeCycle Diagram,NCB,,
RNA LifeCycle Diagram,NCB,,
RNA LifeCycle Diagram,NCB,,
RNA LifeCycle Diagram,NCB,,
RNA LifeCycle Diagram,PABP,,P11940
RNA LifeCycle Diagram,PABP,,P11940
RNA LifeCycle Diagram,PABP,,P11940
RNA LifeCycle Diagram,PABP,,P11940
RNA LifeCycle Diagram,PAP,,P51003; Q06141
RNA LifeCycle Diagram,POL,,
RNA LifeCycle Diagram,POLII/POLR2,,P24928
RNA LifeCycle Diagram,POLII/POLR2,,P24928
RNA LifeCycle Diagram,POLII/POLR2,,P24928
RNA LifeCycle Diagram,PRC2,,
RNA LifeCycle Diagram,PUS1/3,,F5GXL3
RNA LifeCycle Diagram,RBM15,,Q96T37
RNA LifeCycle Diagram,RNGTT,,O60942
RNA LifeCycle Diagram,RNMT,,K7EP06
RNA LifeCycle Diagram,RPS28B,,
RNA LifeCycle Diagram,RPS28B,,
RNA LifeCycle Diagram,SR,,
RNA LifeCycle Diagram,SR,,
RNA LifeCycle Diagram,SR,,
RNA LifeCycle Diagram,SR,,
RNA LifeCycle Diagram,SR,,
RNA LifeCycle Diagram,SR,,
RNA LifeCycle Diagram,SR,,
RNA LifeCycle Diagram,SR,,
RNA LifeCycle Diagram,SR,,
RNA LifeCycle Diagram,SR,,
RNA LifeCycle Diagram,SR,,
RNA LifeCycle Diagram,TREX,,
RNA LifeCycle Diagram,TREX,,
RNA LifeCycle Diagram,TREX,,
RNA LifeCycle Diagram,TREX,,
RNA LifeCycle Diagram,U1,,
RNA LifeCycle Diagram,U1,,
RNA LifeCycle Diagram,U2/SF,,
RNA LifeCycle Diagram,U4/U5/U6,,
RNA LifeCycle Diagram,VIRMA,,H0YB68
RNA LifeCycle Diagram,WTAP,,Q15007
RNA LifeCycle Diagram,XM1,,
RNA LifeCycle Diagram,XRN1,,C9JCZ8
RNA LifeCycle Diagram,XRN1,,C9JCZ8
SAPK-JNK Signaling,14-3-3,,
SAPK-JNK Signaling,14-3-3,,
SAPK-JNK Signaling,14-3-3,,
SAPK-JNK Signaling,14-3-3,,
SAPK-JNK Signaling,ASK1,Q99683,
SAPK-JNK Signaling,ATF-2,,B8ZZU6
SAPK-JNK Signaling,Bax,Q07812,
SAPK-JNK Signaling,Bax,Q07812,
SAPK-JNK Signaling,c-Abl,,P00519
SAPK-JNK Signaling,c-Abl,,P00519
SAPK-JNK Signaling,c-Jun,,P05412
SAPK-JNK Signaling,Cdc42,P60953-1,
SAPK-JNK Signaling,Cdc42,P60953-1,
SAPK-JNK Signaling,CrkII,,
SAPK-JNK Signaling,CrkII,,
SAPK-JNK Signaling,CrkL,P46109,
SAPK-JNK Signaling,Daxx,Q9UER7,
SAPK-JNK Signaling,DUSPs,,P28562; Q05923; Q13115; Q16690; F8VW29; H7C4Z0; Q13202; Q99956; Q9Y6W6; F5H5X4
SAPK-JNK Signaling,Elk-1,,P19419
SAPK-JNK Signaling,GCK,Q12851,
SAPK-JNK Signaling,GRB2,P62993,
SAPK-JNK Signaling,Gα12/13,,
SAPK-JNK Signaling,Gβγ,,
SAPK-JNK Signaling,HPK1,,Q92918
SAPK-JNK Signaling,HSF1,Q00613,
SAPK-JNK Signaling,IRS-1,,P35568
SAPK-JNK Signaling,"JIP1,",,Q9UQF2
SAPK-JNK Signaling,JNK,P45983; P45984; P53779,
SAPK-JNK Signaling,JNK,P45983; P45984; P53779,
SAPK-JNK Signaling,JNK1/2/3,,P45983
SAPK-JNK Signaling,MAPKKKs,,
SAPK-JNK Signaling,MAPKKKs,,
SAPK-JNK Signaling,MKK4/7,,J3QLE2
SAPK-JNK Signaling,MLKs,,
SAPK-JNK Signaling,NFAT4,Q12968,
SAPK-JNK Signaling,NFATc1,,F5H4S8
SAPK-JNK Signaling,p53,P04637,
SAPK-JNK Signaling,PI3K,O00443; O00750; O75747; P42338; O00459; Q99570,
SAPK-JNK Signaling,PI3Kγ,O00443; O00750; O75747; P42338; O00459; Q99570,
SAPK-JNK Signaling,POSH,Q7Z6J0,
SAPK-JNK Signaling,Rac,,P31749
SAPK-JNK Signaling,Rac,,P31749
SAPK-JNK Signaling,Ras,P01112; P01116; P01111; P10301,
SAPK-JNK Signaling,Rho,,P08100
SAPK-JNK Signaling,RIP,O43353; Q13546; Q9Y572,
SAPK-JNK Signaling,Shc,P29353; P98077; Q92529; Q6S5L8,
SAPK-JNK Signaling,Smad4,Q13485,
SAPK-JNK Signaling,SOS,,
SAPK-JNK Signaling,Stat3,P40763,
SAPK-JNK Signaling,TAK1,O43318,
SAPK-JNK Signaling,TRADD,Q15628,
SAPK-JNK Signaling,TRAF2,Q12933,
Senescence Signaling,AKT,P31749; P31751; Q9Y243,
Senescence Signaling,AMPK,Q13131; P54646; Q9Y478; O43741; P54619; Q9UGJ0; Q9UGI9,
Senescence Signaling,ARF,,Q8N726
Senescence Signaling,ATM,Q13315,
Senescence Signaling,ATR,,D6RFJ6
Senescence Signaling,Bcl-2,,
Senescence Signaling,CDK,P60953-1,
Senescence Signaling,CXCL10,,P02778
Senescence Signaling,Cyclin,,
Senescence Signaling,E2F,Q01094; Q14209; O00716; Q16254; Q15329; O75461; Q96AV8; A0AVK6,
Senescence Signaling,ERK,P27361; P28482; Q16659; P31152; Q8TD08,
Senescence Signaling,ETS,P14921; P15036,
Senescence Signaling,H3K9Me2/3,,
Senescence Signaling,HMGB1,,P09429
Senescence Signaling,HP1,P45973; P83916; Q13185,
Senescence Signaling,IL-6/IL-1β,,
Senescence Signaling,LaminB1,,
Senescence Signaling,macro H2A 1.1/1.2,,
Senescence Signaling,MCP-1,,
Senescence Signaling,MDM2,Q00987,
Senescence Signaling,MEK,P36507,
Senescence Signaling,MMP3,,E9PKX2
Senescence Signaling,p15,,
Senescence Signaling,p16,P42771,
Senescence Signaling,p21,,
Senescence Signaling,p27,,P46527
Senescence Signaling,P38/MAPK,,B4E0K5
Senescence Signaling,p53,P04637,
Senescence Signaling,PAI-1,,
Senescence Signaling,PI3K,,C9J951; C9J345; B7ZM44; E9PDN7; B3KWZ7; E9PFP1; Q5T4P3
Senescence Signaling,pRB,,P06400
Senescence Signaling,pRB,,P06400
Senescence Signaling,PTEN,P60484,
Senescence Signaling,RAF,P15056,
Senescence Signaling,RANTES,,
Senescence Signaling,RAS,P01112; P01116; P01111; P10301,
Senescence Signaling,SA--GAL,,P22466
Senescence Signaling,SAHF,,
Senescence Signaling,SASP,,Q53RT3
Senescence Signaling,TNF-α,,P01375
Senescence Signaling,Y-H2A.X,,P28074
T Cell Receptor Signaling,Actinin,P12814; P35609; Q08043; O43707,
T Cell Receptor Signaling,ADAP,O15117,
T Cell Receptor Signaling,Akt,P31749; P31751; Q9Y243,
T Cell Receptor Signaling,Bcl10,O95999,
T Cell Receptor Signaling,c-Cbl,,P22681
T Cell Receptor Signaling,Calcineurin,Q08209; P16298; P48454,
T Cell Receptor Signaling,Calpain,P07384; P17655,
T Cell Receptor Signaling,CaM,,P0DP23
T Cell Receptor Signaling,CaMKIV,Q16566,
T Cell Receptor Signaling,Carma1,,Q9BXL7
T Cell Receptor Signaling,CD28,P10747,
T Cell Receptor Signaling,CD4,P01730,
T Cell Receptor Signaling,CD45,P08575,
T Cell Receptor Signaling,CREB,P16220,
T Cell Receptor Signaling,DEPTOR,Q8TB45,
T Cell Receptor Signaling,Dlgh1,Q12959,
T Cell Receptor Signaling,Erk1/2,,P27361
T Cell Receptor Signaling,Fos,P01100,
T Cell Receptor Signaling,GADD45α,,P24522
T Cell Receptor Signaling,GADS,,O75791
T Cell Receptor Signaling,GRB2,P62993,
T Cell Receptor Signaling,GβL,,
T Cell Receptor Signaling,HPK1,Q92918,
T Cell Receptor Signaling,IkB,P25963; Q15653; O00221; Q9BYH8,
T Cell Receptor Signaling,IkB,P25963; Q15653; O00221; Q9BYH8,
T Cell Receptor Signaling,IKKα,,
T Cell Receptor Signaling,IKKβ,,
T Cell Receptor Signaling,IKKγ,,
T Cell Receptor Signaling,IP3R,,
T Cell Receptor Signaling,Itk,,E5RFR5
T Cell Receptor Signaling,JNK,P45983; P45984; P53779,
T Cell Receptor Signaling,JNK2,P45984,
T Cell Receptor Signaling,Jun,,P05412
T Cell Receptor Signaling,LAT,O43561,
T Cell Receptor Signaling,Lck,P06239,
T Cell Receptor Signaling,MALT1,Q9UDY8,
T Cell Receptor Signaling,MEK1/2,,B4DFY5
T Cell Receptor Signaling,MEKK1,Q13233,
T Cell Receptor Signaling,MKK4/7,,J3QLE2
T Cell Receptor Signaling,MKK7,O14733,
T Cell Receptor Signaling,mTOR,P42345,
T Cell Receptor Signaling,NCK,,P16333
T Cell Receptor Signaling,NF-kB,,
T Cell Receptor Signaling,NF-κB,,Q16157; Q16446
T Cell Receptor Signaling,NFAT,Q13469; O95644; Q14934; Q12968; O94916; Q12906,
T Cell Receptor Signaling,NFAT,Q13469; O95644; Q14934; Q12968; O94916; Q12906,
T Cell Receptor Signaling,NFAT,Q13469; O95644; Q14934; Q12968; O94916; Q12906,
T Cell Receptor Signaling,p38 MAPK,Q16539; Q15759; P53778; O15264,
T Cell Receptor Signaling,PDK1,O15530,
T Cell Receptor Signaling,PI3K,O00443; O00750; O75747; P42338; O00459; Q99570,
T Cell Receptor Signaling,PKCζ,,J3KN97; H3BV73; H7BZ60; C9J9P1; C9JR22; Q04759; P41743; D6RAN5
T Cell Receptor Signaling,PLCγ1,,
T Cell Receptor Signaling,Rac/cdc42,,P60953
T Cell Receptor Signaling,Raf,P15056,
T Cell Receptor Signaling,Raptor,Q8N122,
T Cell Receptor Signaling,Ras,P01112; P01116; P01111; P10301,
T Cell Receptor Signaling,RasGRP,P20936; Q15283; Q14644; O43374,
T Cell Receptor Signaling,Rel,Q04206; Q04864; Q01201,
T Cell Receptor Signaling,Rel,Q04206; Q04864; Q01201,
T Cell Receptor Signaling,SLP-76,,
T Cell Receptor Signaling,SOS,,
T Cell Receptor Signaling,TAK1,O43318,
T Cell Receptor Signaling,TAK1,O43318,
T Cell Receptor Signaling,Talin,Q9Y490; Q13233,
T Cell Receptor Signaling,Vav,P15498; P52735; Q9UKW4,
T Cell Receptor Signaling,WASP,P42768,
T Cell Receptor Signaling,Zap-70,,
Tau Phosphorylation,Tau,,P10636
TGF-B Signaling,4E-BP1/2,,Q13541; Q13542
TGF-B Signaling,Akt,P31749; P31751; Q9Y243,
TGF-B Signaling,c-Abl,,P00519
TGF-B Signaling,CBP,,Q92793; Q9NWQ8
TGF-B Signaling,CBP,,Q92793; Q9NWQ8
TGF-B Signaling,Cofilin,,
TGF-B Signaling,Cofilin,,
TGF-B Signaling,Erk1/2,,P27361
TGF-B Signaling,GRB2,,J3KT38
TGF-B Signaling,JNK,P45983; P45984; P53779,
TGF-B Signaling,JNK,P45983; P45984; P53779,
TGF-B Signaling,LIMK,,P53667
TGF-B Signaling,LIMK,,P53667
TGF-B Signaling,mDia,,O60879
TGF-B Signaling,MLC,,
TGF-B Signaling,mTOR,,P42345
TGF-B Signaling,NF-KB,,
TGF-B Signaling,p38,Q16539,
TGF-B Signaling,p38,Q16539,
TGF-B Signaling,p70 S6K,,K7EIM2; E9PIP7
TGF-B Signaling,PAK,,
TGF-B Signaling,Par6,,
TGF-B Signaling,PI3K,O00443; O00750; O75747; P42338; O00459; Q99570,
TGF-B Signaling,PKC,Q05513,
TGF-B Signaling,PP2A,,
TGF-B Signaling,Rac/Cdc42,,P60953
TGF-B Signaling,Ras,P01112; P01116; P01111; P10301,
TGF-B Signaling,RhoA,,C9JNR4
TGF-B Signaling,ROCK,,
TGF-B Signaling,SARA,,O95405; Q9NR31
TGF-B Signaling,Shc,,P29353
TGF-B Signaling,Smad1/5/9,,D6RAY1
TGF-B Signaling,Smad1/5/9,,D6RAY1
TGF-B Signaling,Smad1/5/9,,D6RAY1
TGF-B Signaling,Smad1/5/9,,D6RAY1
TGF-B Signaling,Smad1/5/9,,D6RAY1
TGF-B Signaling,Smad1/5/9,,D6RAY1
TGF-B Signaling,Smad2/3,,B7Z5N5
TGF-B Signaling,Smad2/3,,B7Z5N5
TGF-B Signaling,Smad2/3,,B7Z5N5
TGF-B Signaling,Smad2/3,,B7Z5N5
TGF-B Signaling,Smad2/3,,B7Z5N5
TGF-B Signaling,Smad2/3,,B7Z5N5
TGF-B Signaling,Smad4,,K7EIJ2
TGF-B Signaling,Smad4,,K7EIJ2
TGF-B Signaling,Smad4,,K7EIJ2
TGF-B Signaling,Smad4,,K7EIJ2
TGF-B Signaling,Smad4,,K7EIJ2
TGF-B Signaling,Smad6/7,,H0YK80
TGF-B Signaling,Smad7,,K7EKF0
TGF-B Signaling,Smad7,,K7EKF0
TGF-B Signaling,Smurf1,,Q9HCE7
TGF-B Signaling,Smurf1,,Q9HCE7
TGF-B Signaling,Smurf2,,J3QLG1
TGF-B Signaling,Smurf2,,J3QLG1
TGF-B Signaling,SOS,,
TGF-B Signaling,TAK1,O43318,
TGF-B Signaling,TAK1,O43318,
TGF-B Signaling,TF,,C9JB55
TGF-B Signaling,TF,,C9JB55
TGF-B Signaling,TMEPAI,,Q969W9
TGF-B Signaling,TRAF4/6,,C9JJ10
TGF-B Signaling,USP4/11/15,,C9JNU9
Toll-like Receptor Signaling,A20,P21580,
Toll-like Receptor Signaling,Casp-8,,
Toll-like Receptor Signaling,CD14,P08571,
Toll-like Receptor Signaling,ECSIT,Q9BQ95,
Toll-like Receptor Signaling,FADD,Q13158,
Toll-like Receptor Signaling,IKBα,,
Toll-like Receptor Signaling,IKKα,Q14164,
Toll-like Receptor Signaling,IKKβ,Q14164,
Toll-like Receptor Signaling,IKKγ/NEMO,Q14164,
Toll-like Receptor Signaling,IKKε,Q14164,
Toll-like Receptor Signaling,IRAK-1,,
Toll-like Receptor Signaling,IRAK-2,,
Toll-like Receptor Signaling,IRAK-4,,
Toll-like Receptor Signaling,IRAK-M,,
Toll-like Receptor Signaling,IRF-3,,
Toll-like Receptor Signaling,IRF-3,,
Toll-like Receptor Signaling,IRF-7,,
Toll-like Receptor Signaling,IRF-7,,
Toll-like Receptor Signaling,JNK,P45983; P45984; P53779,
Toll-like Receptor Signaling,MAVS,Q7Z434,
Toll-like Receptor Signaling,MEKK-1,,
Toll-like Receptor Signaling,MKK 3/6,,E9PMA8; K7EIW3
Toll-like Receptor Signaling,MKK 4/7,,
Toll-like Receptor Signaling,MyD88,Q99836,
Toll-like Receptor Signaling,MyD88,Q99836,
Toll-like Receptor Signaling,MyD88,Q99836,
Toll-like Receptor Signaling,MyD88,Q99836,
Toll-like Receptor Signaling,MyD88,Q99836,
Toll-like Receptor Signaling,MyD88,Q99836,
Toll-like Receptor Signaling,MyD88,Q99836,
Toll-like Receptor Signaling,MyD88,Q99836,
Toll-like Receptor Signaling,p38 MAPK,Q16539,
Toll-like Receptor Signaling,p65/RelA NF-KB,,E9PI38
Toll-like Receptor Signaling,RIG-I,,
Toll-like Receptor Signaling,RIP1,Q13546,
Toll-like Receptor Signaling,SARM1,Q6SZW1,
Toll-like Receptor Signaling,SARM1,Q6SZW1,
Toll-like Receptor Signaling,SOCS1,O15524,
Toll-like Receptor Signaling,ST2L,Q01638,
Toll-like Receptor Signaling,TAB1/2,,Q15750
Toll-like Receptor Signaling,TAK1,O43318,
Toll-like Receptor Signaling,TBK1,Q9UHD2,
Toll-like Receptor Signaling,TIRAP,P58753,
Toll-like Receptor Signaling,TIRAP,P58753,
Toll-like Receptor Signaling,TIRAP,P58753,
Toll-like Receptor Signaling,TLR1,Q15399,
Toll-like Receptor Signaling,TLR11,Q6R5P0,
Toll-like Receptor Signaling,TLR11,Q6R5P0,
Toll-like Receptor Signaling,TLR2,O60603,
Toll-like Receptor Signaling,TLR2,O60603,
Toll-like Receptor Signaling,TLR3,O15455,
Toll-like Receptor Signaling,TLR3,O15455,
Toll-like Receptor Signaling,TLR4,O00206,
Toll-like Receptor Signaling,TLR4,O00206,
Toll-like Receptor Signaling,TLR5,O60602,
Toll-like Receptor Signaling,TLR5,O60602,
Toll-like Receptor Signaling,TLR6,Q9Y2C9,
Toll-like Receptor Signaling,TLR7,Q9NYK1,
Toll-like Receptor Signaling,TLR8,Q9NR97,
Toll-like Receptor Signaling,TLR9,Q9NR96,
Toll-like Receptor Signaling,TLR9,Q9NR96,
Toll-like Receptor Signaling,TOLLIP,Q9H0E2,
Toll-like Receptor Signaling,TRAF3,Q13114,
Toll-like Receptor Signaling,TRAF6,Q9Y4K3,
Toll-like Receptor Signaling,TRAM,Q86XR7,
Toll-like Receptor Signaling,TRIAD3A,Q9NWF9,
Toll-like Receptor Signaling,TRIF,Q8IUC6,
Toll-like Receptor Signaling,TRIF,Q8IUC6,
Toll-like Receptor Signaling,Ubc13,P61088,
Toll-like Receptor Signaling,UEV1A,,
Toll-like Receptor Signaling,UNC93B1,,E9PNE5
Toll-like Receptor Signaling,UNC93B1,,E9PNE5
Toll-like Receptor Signaling,UNC93B1,,E9PNE5
Translational Control,40S,,
Translational Control,40S,,
Translational Control,40S,,
Translational Control,40S,,
Translational Control,43S,,
Translational Control,48S,,
Translational Control,48S,,
Translational Control,60S,,
Translational Control,60S,,
Translational Control,60S,,
Translational Control,60S,,
Translational Control,DHX29,Q7Z478,
Translational Control,eEF1,P68104; Q05639; P24534; P29692; O43324; P26641,
Translational Control,eEF2,P13639,
Translational Control,eEF2K,O00418,
Translational Control,eIF1,P41567,
Translational Control,eIF1,P41567,
Translational Control,eIF1A,P41567,
Translational Control,eIF1A,P41567,
Translational Control,eIF2,,O60841
Translational Control,eIF2,,O60841
Translational Control,eIF3,O75822; Q13347; O75821; O00303; P55884; Q14152; O75153; O15371; Q99613; B5ME19; P60228; Q9UBQ5; O15372,
Translational Control,eIF3,O75822; Q13347; O75821; O00303; P55884; Q14152; O75153; O15371; Q99613; B5ME19; P60228; Q9UBQ5; O15372,
Translational Control,eIF4B,P23588,
Translational Control,eIF4F,Q14240; P06730; Q04637,
Translational Control,eIF5,P55010; P63241; O60841,
Translational Control,eIF5,P55010; P63241; O60841,
Translational Control,eIF5B,,O60841
Translational Control,eIF5B,,O60841
Translational Control,eIF6,P56537,
Translational Control,eRF1,P62495,
Translational Control,eRF3,P15170; Q13283,
Translational Control,PABP,P11940,
TREM2 Signaling,Actin,P68133; P62736; P60709; P68032; P63261; P63267,
TREM2 Signaling,ADAM10/ ADAM17,O14672,
TREM2 Signaling,Akt,P31749; P31751; Q9Y243,
TREM2 Signaling,AMPK,Q13131; P54646,
TREM2 Signaling,GRB2,P62993,
TREM2 Signaling,GRB2/ SOS2,Q91YE5,
TREM2 Signaling,LAT/LaT2,O43561,
TREM2 Signaling,PKC,P41743; Q05513,
TREM2 Signaling,Pyk2,Q14289,
TREM2 Signaling,Rac1/ Cdc42,P63000; P60953,
TREM2 Signaling,RAS,P01112; P01116; P01111; P10301,
TREM2 Signaling,SHIP1,Q92835; O15357,
TREM2 Signaling,Sos1,Q07889; Q07890,
TREM2 Signaling,Src,P12931,
TREM2 Signaling,Syk,P43405,
TREM2 Signaling,TREM2,Q9NZC2,
TREM2 Signaling,ULK1,O75385,
TREM2 Signaling,VAV1,P15498,
TREM2 Signaling,VAV2/3,P52735; Q9UKW4,
TREM2 Signaling,γ-Secretase,P49768; P49810; Q92542; Q96BI3; Q9NZ42,
Tumor Angiogenesis,4E-BP1,,
Tumor Angiogenesis,Akt,P31749; P31751; Q9Y243,
Tumor Angiogenesis,CBP/p300,,Q09472
Tumor Angiogenesis,elF4E1,P06730,
Tumor Angiogenesis,EPH,P21709; Q5JZY3; P29317; P29320; P54764; P54756; Q9UF33; Q15375; P29322; P54762; P29323; P54753; P54760; Q8N5V2; P07099,
Tumor Angiogenesis,Erk1/2,,P27361
Tumor Angiogenesis,Ets2,P15036,
Tumor Angiogenesis,FGFR,P22455,
Tumor Angiogenesis,FGFR,P22455,
Tumor Angiogenesis,HIF-1-,,A8MYV6; A6NGV6
Tumor Angiogenesis,HIF-1α,,A8MYV6; A6NGV6
Tumor Angiogenesis,HIF-1α,,A8MYV6; A6NGV6
Tumor Angiogenesis,HIF-1α,,A8MYV6; A6NGV6
Tumor Angiogenesis,HIF-1α,,A8MYV6; A6NGV6
Tumor Angiogenesis,HIF-1β,,A8MYV6; A6NGV6
Tumor Angiogenesis,HIF-1β,,A8MYV6; A6NGV6
Tumor Angiogenesis,Integrins,P56199,
Tumor Angiogenesis,Integrins,P56199,
Tumor Angiogenesis,MMPs,P03956; P09238; P24347; P39900; P45452; P50281; P51511; P51512; Q9ULZ9; Q99542; Q9EPL6; P08253; O60882; Q8N119; O75900; Q9Y5R2; Q9NPA2; Q9NRE1; Q9H239; P08254; P09237; P22894; P14780,
Tumor Angiogenesis,MMPs,P03956; P09238; P24347; P39900; P45452; P50281; P51511; P51512; Q9ULZ9; Q99542; Q9EPL6; P08253; O60882; Q8N119; O75900; Q9Y5R2; Q9NPA2; Q9NRE1; Q9H239; P08254; P09237; P22894; P14780,
Tumor Angiogenesis,Neuropilin,O14786; O60462,
Tumor Angiogenesis,PDGFR,P16234; P09619; Q15198,
Tumor Angiogenesis,PHDs,Q9GZT9; Q96KS0; Q9H6Z9,
Tumor Angiogenesis,ROBO1/2,,F8WEV8
Tumor Angiogenesis,ROBO3,Q96MS0,
Tumor Angiogenesis,Stat3,P40763,
Tumor Angiogenesis,Tie2,Q02763,
Tumor Angiogenesis,Tie2,Q02763,
Tumor Angiogenesis,Tie2,Q02763,
Tumor Angiogenesis,Tip Cell,,Q8TB96
Tumor Angiogenesis,VEGFR2,P35968,
Tumor Angiogenesis,VEGFR2,P35968,
Ubiquitin-Proteasome,DUBs,,
Ubiquitin-Proteasome,DUBs,,
Ubiquitin-Proteasome,E1,P22314,
Ubiquitin-Proteasome,E1,P22314,
Ubiquitin-Proteasome,E1,P22314,
Ubiquitin-Proteasome,E2,P61088,
Ubiquitin-Proteasome,E2,P61088,
Ubiquitin-Proteasome,E2,P61088,
Ubiquitin-Proteasome,E3,,
Ubiquitin-Proteasome,E3,,
Vesicle Trafficking,Amphiphysin,,
Vesicle Trafficking,AP-2,,
Vesicle Trafficking,AP180,,O60641
Vesicle Trafficking,Clathrin,P09496; P09497; Q00610; P53675,
Vesicle Trafficking,Complexin,,
Vesicle Trafficking,Complexin,,
Vesicle Trafficking,DAT,,
Vesicle Trafficking,Dynamin,Q05193; P50570; Q9UQ16,
Vesicle Trafficking,EAAT,,
Vesicle Trafficking,Munc13,,
Vesicle Trafficking,Munc13,,
Vesicle Trafficking,Munc13,,
Vesicle Trafficking,Munc13,,
Vesicle Trafficking,Munc18-1,,
Vesicle Trafficking,Munc18-1,,
Vesicle Trafficking,Munc18-1,,
Vesicle Trafficking,Munc18-1,,
Vesicle Trafficking,Rab,,P52594
Vesicle Trafficking,Rab,,P52594
Vesicle Trafficking,Rab,,P52594
Vesicle Trafficking,Rab,,P52594
Vesicle Trafficking,RIM,,
Vesicle Trafficking,RIM,,
Vesicle Trafficking,RIM,,
Vesicle Trafficking,RIM,,
Vesicle Trafficking,RIM-BP,,
Vesicle Trafficking,RIM-BP,,
Vesicle Trafficking,RIM-BP,,
Vesicle Trafficking,RIM-BP,,
Vesicle Trafficking,SERT,,P31645
Vesicle Trafficking,SNAP25,,P60880
Vesicle Trafficking,SNAP25,,P60880
Vesicle Trafficking,SNAP25,,P60880
Vesicle Trafficking,SNAP25,,P60880
Vesicle Trafficking,Syntaxin 1,,
Vesicle Trafficking,Syntaxin 1,,
Vesicle Trafficking,Syntaxin 1,,
Vesicle Trafficking,Syntaxin 1,,
Vesicle Trafficking,SYT1,,C9JX50
Vesicle Trafficking,SYT1,,C9JX50
Vesicle Trafficking,SYT1,,C9JX50
Vesicle Trafficking,SYT1,,C9JX50
Vesicle Trafficking,SYT1,,C9JX50
Vesicle Trafficking,SYT1,,C9JX50
Vesicle Trafficking,SYT1,,C9JX50
Vesicle Trafficking,SYT1,,C9JX50
Vesicle Trafficking,VAMP,,
Vesicle Trafficking,VAMP,,
Vesicle Trafficking,VAMP,,
Vesicle Trafficking,VAMP,,
Vesicle Trafficking,VAMP,,
Vesicle Trafficking,VAMP,,
Warburg Effect,ACC,,
Warburg Effect,ACL,,
Warburg Effect,ACSS2,,B4DEH9
Warburg Effect,Akt,P31749; P31751; Q9Y243,
Warburg Effect,Akt,P31749; P31751; Q9Y243,
Warburg Effect,AMPK,Q13131; P54646; Q9Y478; O43741; P54619; Q9UGJ0; Q9UGI9,
Warburg Effect,AMPK,Q13131; P54646; Q9Y478; O43741; P54619; Q9UGJ0; Q9UGI9,
Warburg Effect,ANT,,
Warburg Effect,ANT,,
Warburg Effect,Bax,Q07812,
Warburg Effect,c-Myc,,H0YBG3
Warburg Effect,c-Myc,,H0YBG3
Warburg Effect,c-Myc,,H0YBG3
Warburg Effect,c-Myc,,H0YBG3
Warburg Effect,Erk1/2,,P27361
Warburg Effect,Glucose Transporters,,
Warburg Effect,Glutaminase,,
Warburg Effect,Hexokinase,,
Warburg Effect,Hexokinase,,
Warburg Effect,HIF-1α,,A8MYV6; A6NGV6
Warburg Effect,HIF-1α,,A8MYV6; A6NGV6
Warburg Effect,IDH1,,C9J4N6
Warburg Effect,IDH2,P48735,
Warburg Effect,LDHA,,F5GWW2
Warburg Effect,LKB1,Q15831,
Warburg Effect,Malic Enzyme,,
Warburg Effect,MEK1/2,,B4DFY5
Warburg Effect,mTOR,P42345,
Warburg Effect,p53,P04637,
Warburg Effect,p53,P04637,
Warburg Effect,PDHK,,
Warburg Effect,PFK,,
Warburg Effect,PHGDH,,O43175
Warburg Effect,PI3K,O00443; O00750; O75747; P42338; O00459; Q99570,
Warburg Effect,PKM2,,P14618
Warburg Effect,Pyruvate Dehydrogenase,,
Warburg Effect,Ras,P01112; P01116; P01111; P10301,
Warburg Effect,Ras,P01112; P01116; P01111; P10301,
Warburg Effect,Ras,P01112; P01116; P01111; P10301,
Warburg Effect,SREBP,,
Warburg Effect,TIGAR,,Q9NQ88
Warburg Effect,UCP2,,F5GX45
Warburg Effect,ULK1,O75385,
Warburg Effect,VDAC,,P21796
Warburg Effect,VDAC,,P21796
Wnt-β-Catenin Signaling,APC,P25054,
Wnt-β-Catenin Signaling,Axin,O15169; Q9Y2T1,
Wnt-β-Catenin Signaling,Axin,O15169; Q9Y2T1,
Wnt-β-Catenin Signaling,BCL9,O00512,
Wnt-β-Catenin Signaling,Brg1,,P51532
Wnt-β-Catenin Signaling,Cadherin,P12830; P19022; P22223; P55283,
Wnt-β-Catenin Signaling,CBP,Q92793,
Wnt-β-Catenin Signaling,Chibby,Q9Y3M2; Q8NA61; A6NI87,
Wnt-β-Catenin Signaling,CK1,P48729; P49674; Q9HCP0; P78368; Q9Y6M4,
Wnt-β-Catenin Signaling,CK1,P48729; P49674; Q9HCP0; P78368; Q9Y6M4,
Wnt-β-Catenin Signaling,CYLD,Q9NQC7,
Wnt-β-Catenin Signaling,DKKs,,
Wnt-β-Catenin Signaling,Dvl,O14640; O14641; Q92997,
Wnt-β-Catenin Signaling,Dvl,O14640; O14641; Q92997,
Wnt-β-Catenin Signaling,FoxO,Q12778; O43524; P98177,
Wnt-β-Catenin Signaling,FoxO,Q12778; O43524; P98177,
Wnt-β-Catenin Signaling,Frizzled,Q9UP38; Q9ULW2; Q14332; Q9NPG1; Q9ULV1; Q13467; O60353; O75084; Q9H461; O00144,
Wnt-β-Catenin Signaling,Frizzled,Q9UP38; Q9ULW2; Q14332; Q9NPG1; Q9ULV1; Q13467; O60353; O75084; Q9H461; O00144,
Wnt-β-Catenin Signaling,Groucho,,
Wnt-β-Catenin Signaling,Groucho,,
Wnt-β-Catenin Signaling,GSK-3,,A8MT37; P49841
Wnt-β-Catenin Signaling,GSK-3,,A8MT37; P49841
Wnt-β-Catenin Signaling,HDAC,Q13547; Q969S8; Q96DB2; Q92769; O15379; P56524; Q9UQL6; Q9UBN7; Q8WUI4; Q9BY41; Q9UKV0,
Wnt-β-Catenin Signaling,HDAC,Q13547; Q969S8; Q96DB2; Q92769; O15379; P56524; Q9UQL6; Q9UBN7; Q8WUI4; Q9BY41; Q9UKV0,
Wnt-β-Catenin Signaling,ICAT,Q9NSA3,
Wnt-β-Catenin Signaling,LEF1/TCF1,,D6RAB1
Wnt-β-Catenin Signaling,LGR5/6,,O75473
Wnt-β-Catenin Signaling,LRP5/6,,E9PHY1
Wnt-β-Catenin Signaling,LRP5/6,,E9PHY1
Wnt-β-Catenin Signaling,Naked,Q969G9; Q969F2,
Wnt-β-Catenin Signaling,NLK,Q9UBE8,
Wnt-β-Catenin Signaling,NLK,Q9UBE8,
Wnt-β-Catenin Signaling,p120,,
Wnt-β-Catenin Signaling,PAR-1,,
Wnt-β-Catenin Signaling,Pit1,,P28069; Q8WUM9
Wnt-β-Catenin Signaling,Porc,,Q9H237
Wnt-β-Catenin Signaling,PP2A,P67775; P62714,
Wnt-β-Catenin Signaling,Pygo,Q9Y3Y4; Q9BRQ0,
Wnt-β-Catenin Signaling,R-spondins,,
Wnt-β-Catenin Signaling,Rac1,P63000,
Wnt-β-Catenin Signaling,RNF43,,J3KSE3
Wnt-β-Catenin Signaling,SFRP,Q8N474; Q96HF1; Q6FHJ7; Q5T4F7; Q92765,
Wnt-β-Catenin Signaling,SFRP,Q8N474; Q96HF1; Q6FHJ7; Q5T4F7; Q92765,
Wnt-β-Catenin Signaling,Skp,,
Wnt-β-Catenin Signaling,Snail1,,
Wnt-β-Catenin Signaling,TAB1,Q15750,
Wnt-β-Catenin Signaling,TAB2,Q9NYJ8,
Wnt-β-Catenin Signaling,TAK1,O43318,
Wnt-β-Catenin Signaling,Tankyrase,O95271; Q9H2K2,
Wnt-β-Catenin Signaling,TAZ,,C9J699
Wnt-β-Catenin Signaling,TCF3,,K7EJN4
Wnt-β-Catenin Signaling,WIF,Q9Y5W5,
Wnt-β-Catenin Signaling,WLS,,E9PJW4
Wnt-β-Catenin Signaling,Wnt,P04628; P09544; Q93097; P56703; P56704; P56705; P41221; Q9H1J7; O00755; P56706; Q9H1J5; Q93098; O14904; O14905; Q9GZT5; O96014; Q9UBV4,
Wnt-β-Catenin Signaling,WTX,Q5JTC6,
Wnt-β-Catenin Signaling,ZNRF3,,Q9ULT6
Wnt-β-Catenin Signaling,α-catenin,,
Wnt-β-Catenin Signaling,β-catenin,,
Wnt-β-Catenin Signaling,β-catenin,,
Wnt-β-Catenin Signaling,β-catenin,,
Wnt-β-Catenin Signaling,β-catenin,,
Wnt-β-Catenin Signaling,β-catenin,,
Wnt-β-Catenin Signaling,β-catenin,,
Wnt-β-Catenin Signaling,β-catenin,,
Wnt-β-Catenin Signaling,β-TrCP,,
