Pathway	input_label	original_psp_uniprot	original_backup_uniprot	mapping_class_original	mapped_gene_symbols_pipe	mapped_gene_symbols_json	n_mapped_symbols	mapping_source	mapping_note	forced_selected_gene_symbol	forced_uniprot_ids	forced_uniprot_count	forced_uniprot_urls
B Cell Receptor Signaling	Ag			non_protein_or_state		[]	0	existing				0	
Mitochondrial Dysfunction_interactive icons	Cardiolipin			non_protein_or_state		[]	0	existing				0	
Mitochondrial Dysfunction_interactive icons	Cardiolipin			non_protein_or_state		[]	0	existing				0	
Mitochondrial Control of Apoptosis	Custom Ellipse			non_protein_or_state		[]	0	existing				0	
Phosphoinositide Signaling	Gα			multi_gene	GNAS|GNAI1|GNAI2|GNAI3|GNAO1|GNAL|GNAQ|GNA11|GNA14|GNA15|GNA12|GNA13	"[""GNAS"",""GNAI1"",""GNAI2"",""GNAI3"",""GNAO1"",""GNAL"",""GNAQ"",""GNA11"",""GNA14"",""GNA15"",""GNA12"",""GNA13""]"	0	existing		GNAS	A2A2R6	1	https://www.uniprot.org/uniprotkb/A2A2R6/entry
Phospholipase Signaling	Gα GTP			multi_gene	GNAS|GNAI1|GNAI2|GNAI3|GNAO1|GNAL|GNAQ|GNA11|GNA14|GNA15|GNA12|GNA13	"[""GNAS"",""GNAI1"",""GNAI2"",""GNAI3"",""GNAO1"",""GNAL"",""GNAQ"",""GNA11"",""GNA14"",""GNA15"",""GNA12"",""GNA13""]"	0	existing		GNAS	A2A2R6	1	https://www.uniprot.org/uniprotkb/A2A2R6/entry
PI3 Kinase-Akt Signaling	Gα GTP			multi_gene	GNAS|GNAI1|GNAI2|GNAI3|GNAO1|GNAL|GNAQ|GNA11|GNA14|GNA15|GNA12|GNA13	"[""GNAS"",""GNAI1"",""GNAI2"",""GNAI3"",""GNAO1"",""GNAL"",""GNAQ"",""GNA11"",""GNA14"",""GNA15"",""GNA12"",""GNA13""]"	0	existing		GNAS	A2A2R6	1	https://www.uniprot.org/uniprotkb/A2A2R6/entry
Dopamine Signaling_interactive icons	Gαi			multi_gene	GNAI1|GNAI2|GNAI3	" [""GNAI1"",""GNAI2"",""GNAI3""]"	0	existing		GNAI1	P63096	1	https://www.uniprot.org/uniprotkb/P63096/entry
AMPK Signaling	Gαq			multi_gene	GNAQ|GNA11|GNA14|GNA15 	"[""GNAQ"",""GNA11"",""GNA14"",""GNA15""]"	0	existing		GNAQ	B1AM21	1	https://www.uniprot.org/uniprotkb/B1AM21/entry
G Protein-Coupled Receptors Signaling to MAPK-Erk	Gαq			multi_gene	GNAQ|GNA11|GNA14|GNA15 	"[""GNAQ"",""GNA11"",""GNA14"",""GNA15""]"	0	existing		GNAQ	B1AM21	1	https://www.uniprot.org/uniprotkb/B1AM21/entry
Dopamine Signaling_interactive icons	Gαs			alias_needs_manual_review	GNAS	" [""GNAS""]"	0	existing		GNAS	A2A2R6	1	https://www.uniprot.org/uniprotkb/A2A2R6/entry
Hippo Signaling ON-OFF	Gαs			alias_needs_manual_review	GNAS	" [""GNAS""]"	0	existing		GNAS	A2A2R6	1	https://www.uniprot.org/uniprotkb/A2A2R6/entry
Adherens Junction Dynamics	Gβ1			alias_needs_manual_review	GNB1	"[""GNB1""]"	0	existing		GNB1	B1AKQ8	1	https://www.uniprot.org/uniprotkb/B1AKQ8/entry
Phospholipase Signaling	Gβγ			multi_gene	GNB1|GNB2	"[""GNB1"",""GNB2""]"	0	existing		GNB1	B1AKQ8	1	https://www.uniprot.org/uniprotkb/B1AKQ8/entry
PI3 Kinase-Akt Signaling	Gβγ			multi_gene	GNB1|GNB2	"[""GNB1"",""GNB2""]"	0	existing		GNB1	B1AKQ8	1	https://www.uniprot.org/uniprotkb/B1AKQ8/entry
SAPK-JNK Signaling	Gβγ			multi_gene	GNB1|GNB2	"[""GNB1"",""GNB2""]"	0	existing		GNB1	B1AKQ8	1	https://www.uniprot.org/uniprotkb/B1AKQ8/entry
AMPK Signaling	GβL			alias_needs_manual_review	GNB2L1	"[""GNB2L1""]"	0	existing		GNB2L1	P63244	1	https://www.uniprot.org/uniprotkb/P63244/entry
Autophagy	GβL			alias_needs_manual_review	GNB2L1	"[""GNB2L1""]"	0	existing		GNB2L1	P63244	1	https://www.uniprot.org/uniprotkb/P63244/entry
Insulin Receptor Signaling	GβL			alias_needs_manual_review	GNB2L1	"[""GNB2L1""]"	0	existing		GNB2L1	P63244	1	https://www.uniprot.org/uniprotkb/P63244/entry
Insulin Receptor Signaling	GβL			alias_needs_manual_review	GNB2L1	"[""GNB2L1""]"	0	existing		GNB2L1	P63244	1	https://www.uniprot.org/uniprotkb/P63244/entry
mTOR Signaling	GβL			alias_needs_manual_review	GNB2L1	"[""GNB2L1""]"	0	existing		GNB2L1	P63244	1	https://www.uniprot.org/uniprotkb/P63244/entry
mTOR Signaling	GβL			alias_needs_manual_review	GNB2L1	"[""GNB2L1""]"	0	existing		GNB2L1	P63244	1	https://www.uniprot.org/uniprotkb/P63244/entry
Phosphoinositide Signaling	GβL			alias_needs_manual_review	GNB2L1	"[""GNB2L1""]"	0	existing		GNB2L1	P63244	1	https://www.uniprot.org/uniprotkb/P63244/entry
Phosphoinositide Signaling	GβL			alias_needs_manual_review	GNB2L1	"[""GNB2L1""]"	0	existing		GNB2L1	P63244	1	https://www.uniprot.org/uniprotkb/P63244/entry
PI3 Kinase-Akt Signaling	GβL			alias_needs_manual_review	GNB2L1	"[""GNB2L1""]"	0	existing		GNB2L1	P63244	1	https://www.uniprot.org/uniprotkb/P63244/entry
PI3 Kinase-Akt Signaling	GβL			alias_needs_manual_review	GNB2L1	"[""GNB2L1""]"	0	existing		GNB2L1	P63244	1	https://www.uniprot.org/uniprotkb/P63244/entry
Regulation of eIF4E and p70 S6 Kinase	GβL			alias_needs_manual_review	GNB2L1	"[""GNB2L1""]"	0	existing		GNB2L1	P63244	1	https://www.uniprot.org/uniprotkb/P63244/entry
Regulation of eIF4E and p70 S6 Kinase	GβL			alias_needs_manual_review	GNB2L1	"[""GNB2L1""]"	0	existing		GNB2L1	P63244	1	https://www.uniprot.org/uniprotkb/P63244/entry
T Cell Receptor Signaling	GβL			alias_needs_manual_review	GNB2L1	"[""GNB2L1""]"	0	existing		GNB2L1	P63244	1	https://www.uniprot.org/uniprotkb/P63244/entry
G Protein-Coupled Receptors Signaling to MAPK-Erk	GTP			non_protein_or_state		[]	0	existing				0	
Contribution of Extracellular Matrix to EMT	Hyularunan			non_protein_or_state		[]	0	existing				0	
Notch Signaling	α-Adaptin			multi_gene	AP2A1|AP2A2	"[""AP2A1"",""AP2A2""]"	0	existing		AP2A1	M0R2D9	1	https://www.uniprot.org/uniprotkb/M0R2D9/entry
Death Receptor Signaling	α-Fodrin			alias_needs_manual_review	SPTAN1	"[""SPTAN1""]"	0	existing		SPTAN1	Q13813	1	https://www.uniprot.org/uniprotkb/Q13813/entry
Protein Acetylation	α-Importin			alias_needs_manual_review	KPNA1|KPNA2|KPNA3|KPNA4|KPNA5|KPNA6|KPNA7	"[""KPNA1"",""KPNA2"",""KPNA3"",""KPNA4"",""KPNA5"",""KPNA6"",""KPNA7""]"	0	existing		KPNA1	C9J352	1	https://www.uniprot.org/uniprotkb/C9J352/entry
CAR Signaling	IKB			multi_gene	NFKBIA|NFKBIB|NFKBIE|NFKBIZ|NFKBID	"[""NFKBIA"",""NFKBIB"",""NFKBIE"",""NFKBIZ"",""NFKBID""]"	0	existing		NFKBIA	G3V286	1	https://www.uniprot.org/uniprotkb/G3V286/entry
CAR Signaling	IKB			multi_gene	NFKBIA|NFKBIB|NFKBIE|NFKBIZ|NFKBID	"[""NFKBIA"",""NFKBIB"",""NFKBIE"",""NFKBIZ"",""NFKBID""]"	0	existing		NFKBIA	G3V286	1	https://www.uniprot.org/uniprotkb/G3V286/entry
CAR Signaling	IKB			multi_gene	NFKBIA|NFKBIB|NFKBIE|NFKBIZ|NFKBID	"[""NFKBIA"",""NFKBIB"",""NFKBIE"",""NFKBIZ"",""NFKBID""]"	0	existing		NFKBIA	G3V286	1	https://www.uniprot.org/uniprotkb/G3V286/entry
CAR Signaling	IKB			multi_gene	NFKBIA|NFKBIB|NFKBIE|NFKBIZ|NFKBID	"[""NFKBIA"",""NFKBIB"",""NFKBIE"",""NFKBIZ"",""NFKBID""]"	0	existing		NFKBIA	G3V286	1	https://www.uniprot.org/uniprotkb/G3V286/entry
Cell Intrinsic Innate Immunity Signaling STING	IKB			multi_gene	NFKBIA|NFKBIB|NFKBIE|NFKBIZ|NFKBID	"[""NFKBIA"",""NFKBIB"",""NFKBIE"",""NFKBIZ"",""NFKBID""]"	0	existing		NFKBIA	G3V286	1	https://www.uniprot.org/uniprotkb/G3V286/entry
Death Receptor Signaling	IKB			multi_gene	NFKBIA|NFKBIB|NFKBIE|NFKBIZ|NFKBID	"[""NFKBIA"",""NFKBIB"",""NFKBIE"",""NFKBIZ"",""NFKBID""]"	0	existing		NFKBIA	G3V286	1	https://www.uniprot.org/uniprotkb/G3V286/entry
Death Receptor Signaling	IKB			multi_gene	NFKBIA|NFKBIB|NFKBIE|NFKBIZ|NFKBID	"[""NFKBIA"",""NFKBIB"",""NFKBIE"",""NFKBIZ"",""NFKBID""]"	0	existing		NFKBIA	G3V286	1	https://www.uniprot.org/uniprotkb/G3V286/entry
Inhibition of Apoptosis	IKB			multi_gene	NFKBIA|NFKBIB|NFKBIE|NFKBIZ|NFKBID	"[""NFKBIA"",""NFKBIB"",""NFKBIE"",""NFKBIZ"",""NFKBID""]"	0	existing		NFKBIA	G3V286	1	https://www.uniprot.org/uniprotkb/G3V286/entry
Inhibition of Apoptosis	IKB			multi_gene	NFKBIA|NFKBIB|NFKBIE|NFKBIZ|NFKBID	"[""NFKBIA"",""NFKBIB"",""NFKBIE"",""NFKBIZ"",""NFKBID""]"	0	existing		NFKBIA	G3V286	1	https://www.uniprot.org/uniprotkb/G3V286/entry
Cell Intrinsic Innate Immunity Signaling STING	ISRE			non_protein_or_state		[]	0	existing				0	
Cell Intrinsic Innate Immunity Signaling STING	ISRE			non_protein_or_state		[]	0	existing				0	
Necrotic Cell Death	NFκβ			alias_needs_manual_review	NFKB1|NFKB2|RELA|RELB|REL	"[""NFKB1"",""NFKB2"",""RELA"",""RELB"",""REL""]"	0	existing		NFKB1	D6RC45	1	https://www.uniprot.org/uniprotkb/D6RC45/entry
Necrotic Cell Death	NFκβ			alias_needs_manual_review	NFKB1|NFKB2|RELA|RELB|REL	"[""NFKB1"",""NFKB2"",""RELA"",""RELB"",""REL""]"	0	existing		NFKB1	D6RC45	1	https://www.uniprot.org/uniprotkb/D6RC45/entry
Necrotic Cell Death	NFκβ			alias_needs_manual_review	NFKB1|NFKB2|RELA|RELB|REL	"[""NFKB1"",""NFKB2"",""RELA"",""RELB"",""REL""]"	0	existing		NFKB1	D6RC45	1	https://www.uniprot.org/uniprotkb/D6RC45/entry
Necrotic Cell Death	NFκβ			alias_needs_manual_review	NFKB1|NFKB2|RELA|RELB|REL	"[""NFKB1"",""NFKB2"",""RELA"",""RELB"",""REL""]"	0	existing		NFKB1	D6RC45	1	https://www.uniprot.org/uniprotkb/D6RC45/entry
Nuclear Receptor	NR			needs_manual_review		[]	0	existing				0	
Nuclear Receptor	NR			needs_manual_review		[]	0	existing				0	
Nuclear Receptor	NR			needs_manual_review		[]	0	existing				0	
Nuclear Receptor	NR			needs_manual_review		[]	0	existing				0	
Nuclear Receptor	NR			needs_manual_review		[]	0	existing				0	
Nuclear Receptor	NR			needs_manual_review		[]	0	existing				0	
Nuclear Receptor	NR			needs_manual_review		[]	0	existing				0	
Senescence Signaling	SAHF			non_protein_or_state		[]	0	existing				0	
MAPK-Erk in Growth and Differentation	TCPβ			alias_needs_manual_review	CCT2	"[""CCT2""]"	0	existing		CCT2	F5GWF6	1	https://www.uniprot.org/uniprotkb/F5GWF6/entry
Warburg Effect	ACL			single_gene	ACLY	"[""ACLY""]"	1	existing		ACLY	K7EIE7	1	https://www.uniprot.org/uniprotkb/K7EIE7/entry
Insulin Receptor Signaling	ATP-Citrate lyase			single_gene	ACLY	"[""ACLY""]"	1	existing		ACLY	K7EIE7	1	https://www.uniprot.org/uniprotkb/K7EIE7/entry
PI3 Kinase-Akt Signaling	ATP-Citrate Lyase			single_gene	ACLY	"[""ACLY""]"	1	existing		ACLY	K7EIE7	1	https://www.uniprot.org/uniprotkb/K7EIE7/entry
ATP-Dependent Chromatin Remodeling Complexes	β-actin			single_gene	ACTB	"[""ACTB""]"	1	existing		ACTB	C9JTX5	1	https://www.uniprot.org/uniprotkb/C9JTX5/entry
ATP-Dependent Chromatin Remodeling Complexes	β-actin			single_gene	ACTB	"[""ACTB""]"	1	existing		ACTB	C9JTX5	1	https://www.uniprot.org/uniprotkb/C9JTX5/entry
ATP-Dependent Chromatin Remodeling Complexes	β-actin			single_gene	ACTB	"[""ACTB""]"	1	existing		ACTB	C9JTX5	1	https://www.uniprot.org/uniprotkb/C9JTX5/entry
Vesicle Trafficking	Amphiphysin			single_gene	AMPH	"[""AMPH""]"	1	existing		AMPH	H0Y5S4	1	https://www.uniprot.org/uniprotkb/H0Y5S4/entry
Post-Synaptic Signaling	Ankyrin G			single_gene	ANK3	"[""ANK3""]"	1	existing		ANK3	B1AQT1	1	https://www.uniprot.org/uniprotkb/B1AQT1/entry
Inhibition of Apoptosis	Apaf-1			single_gene	APAF1	"[""APAF1""]"	1	existing		APAF1	C9JLV4	1	https://www.uniprot.org/uniprotkb/C9JLV4/entry
Mitochondrial Control of Apoptosis	Apaf-1			single_gene	APAF1	"[""APAF1""]"	1	existing		APAF1	C9JLV4	1	https://www.uniprot.org/uniprotkb/C9JLV4/entry
Regulation of Apoptosis	Apaf-1			single_gene	APAF1	"[""APAF1""]"	1	existing		APAF1	C9JLV4	1	https://www.uniprot.org/uniprotkb/C9JLV4/entry
Post-Synaptic Signaling	Collybistin			single_gene	ARHGEF9	"[""ARHGEF9""]"	1	existing		ARHGEF9	B1AMR3	1	https://www.uniprot.org/uniprotkb/B1AMR3/entry
Post-Synaptic Signaling	Collybistin			single_gene	ARHGEF9	"[""ARHGEF9""]"	1	existing		ARHGEF9	B1AMR3	1	https://www.uniprot.org/uniprotkb/B1AMR3/entry
G Protein-Coupled Receptors Signaling to MAPK-Erk	β-Arrestin1			single_gene	ARRB1	"[""ARRB1""]"	1	existing		ARRB1	E9PM35	1	https://www.uniprot.org/uniprotkb/E9PM35/entry
a-Synuclein-mediated ER Stress_interactive icons	ATF6-N			single_gene	ATF6	"[""ATF6""]"	1	existing		ATF6	P18850	1	https://www.uniprot.org/uniprotkb/P18850/entry
Cell Intrinsic Innate Immunity Signaling STING	Atg9α			single_gene	ATG9A	"[""ATG9A""]"	1	existing		ATG9A	C9IYZ9	1	https://www.uniprot.org/uniprotkb/C9IYZ9/entry
PI3 Kinase-Akt Signaling	Ataxin-1			single_gene	ATXN1	"[""ATXN1""]"	1	existing		ATXN1	P54253	1	https://www.uniprot.org/uniprotkb/P54253/entry
Epigenetics Writers and Erasers of Histones H3	Aurora A			single_gene	AURKA	"[""AURKA""]"	1	existing		AURKA	A3KFJ0	1	https://www.uniprot.org/uniprotkb/A3KFJ0/entry
Epigenetics Writers and Erasers of Histones H3	Aurora A			single_gene	AURKA	"[""AURKA""]"	1	existing		AURKA	A3KFJ0	1	https://www.uniprot.org/uniprotkb/A3KFJ0/entry
Autophagy	Bcl-2			single_gene	BCL2	"[""BCL2""]"	1	existing		BCL2	P10415	1	https://www.uniprot.org/uniprotkb/P10415/entry
Death Receptor Signaling	Bcl-2			single_gene	BCL2	"[""BCL2""]"	1	existing		BCL2	P10415	1	https://www.uniprot.org/uniprotkb/P10415/entry
Death Receptor Signaling	Bcl-2			single_gene	BCL2	"[""BCL2""]"	1	existing		BCL2	P10415	1	https://www.uniprot.org/uniprotkb/P10415/entry
Inhibition of Apoptosis	Bcl-2			single_gene	BCL2	"[""BCL2""]"	1	existing		BCL2	P10415	1	https://www.uniprot.org/uniprotkb/P10415/entry
Mitochondrial Control of Apoptosis	Bcl-2			single_gene	BCL2	"[""BCL2""]"	1	existing		BCL2	P10415	1	https://www.uniprot.org/uniprotkb/P10415/entry
Mitochondrial Control of Apoptosis	Bcl-2			single_gene	BCL2	"[""BCL2""]"	1	existing		BCL2	P10415	1	https://www.uniprot.org/uniprotkb/P10415/entry
Mitochondrial Control of Apoptosis	Bcl-2			single_gene	BCL2	"[""BCL2""]"	1	existing		BCL2	P10415	1	https://www.uniprot.org/uniprotkb/P10415/entry
Mitochondrial Control of Apoptosis	Bcl-2			single_gene	BCL2	"[""BCL2""]"	1	existing		BCL2	P10415	1	https://www.uniprot.org/uniprotkb/P10415/entry
PI3 Kinase-Akt Signaling	Bcl-2			single_gene	BCL2	"[""BCL2""]"	1	existing		BCL2	P10415	1	https://www.uniprot.org/uniprotkb/P10415/entry
Regulation of Apoptosis	Bcl-2			single_gene	BCL2	"[""BCL2""]"	1	existing		BCL2	P10415	1	https://www.uniprot.org/uniprotkb/P10415/entry
Senescence Signaling	Bcl-2			single_gene	BCL2	"[""BCL2""]"	1	existing		BCL2	P10415	1	https://www.uniprot.org/uniprotkb/P10415/entry
B Cell Receptor Signaling	Bfl-1			single_gene	BCL2A1	"[""BCL2A1""]"	1	existing		BCL2A1	B4E1X9	1	https://www.uniprot.org/uniprotkb/B4E1X9/entry
B Cell Receptor Signaling	Bcl-xL			single_gene	BCL2L1	"[""BCL2L1""]"	1	existing		BCL2L1	Q07817	1	https://www.uniprot.org/uniprotkb/Q07817/entry
Inhibition of Apoptosis	Bcl-xL			single_gene	BCL2L1	"[""BCL2L1""]"	1	existing		BCL2L1	Q07817	1	https://www.uniprot.org/uniprotkb/Q07817/entry
Mitochondrial Control of Apoptosis	Bcl-xL			single_gene	BCL2L1	"[""BCL2L1""]"	1	existing		BCL2L1	Q07817	1	https://www.uniprot.org/uniprotkb/Q07817/entry
Mitochondrial Control of Apoptosis	Bcl-xL			single_gene	BCL2L1	"[""BCL2L1""]"	1	existing		BCL2L1	Q07817	1	https://www.uniprot.org/uniprotkb/Q07817/entry
Regulation of Apoptosis	Bcl-xL			single_gene	BCL2L1	"[""BCL2L1""]"	1	existing		BCL2L1	Q07817	1	https://www.uniprot.org/uniprotkb/Q07817/entry
NF-kB Signaling	Bcl-3			single_gene	BCL3	"[""BCL3""]"	1	existing		BCL3	H7C0A2	1	https://www.uniprot.org/uniprotkb/H7C0A2/entry
B Cell Receptor Signaling	Bcl-6			single_gene	BCL6	"[""BCL6""]"	1	existing		BCL6	C9JCS5	1	https://www.uniprot.org/uniprotkb/C9JCS5/entry
AMPK Signaling	Beclin			single_gene	BECN1	"[""BECN1""]"	1	existing		BECN1	E7EV84	1	https://www.uniprot.org/uniprotkb/E7EV84/entry
Autophagy	Beclin-1			single_gene	BECN1	"[""BECN1""]"	1	existing		BECN1	E7EV84	1	https://www.uniprot.org/uniprotkb/E7EV84/entry
Mitochondrial Dysfunction_interactive icons	BNP3L			single_gene	BNIP3L	"[""BNIP3L""]"	1	existing		BNIP3L	E5RFE9	1	https://www.uniprot.org/uniprotkb/E5RFE9/entry
AMPK Signaling	B-Raf			single_gene	BRAF	"[""BRAF""]"	1	existing		BRAF	H7C4S5	1	https://www.uniprot.org/uniprotkb/H7C4S5/entry
G Protein-Coupled Receptors Signaling to MAPK-Erk	B-Raf			single_gene	BRAF	"[""BRAF""]"	1	existing		BRAF	H7C4S5	1	https://www.uniprot.org/uniprotkb/H7C4S5/entry
G Protein-Coupled Receptors Signaling to MAPK-Erk	B-Raf			single_gene	BRAF	"[""BRAF""]"	1	existing		BRAF	H7C4S5	1	https://www.uniprot.org/uniprotkb/H7C4S5/entry
MAPK-Erk in Growth and Differentation	B-Raf			single_gene	BRAF	"[""BRAF""]"	1	existing		BRAF	H7C4S5	1	https://www.uniprot.org/uniprotkb/H7C4S5/entry
MAPK-Erk in Growth and Differentation	B-Raf			single_gene	BRAF	"[""BRAF""]"	1	existing		BRAF	H7C4S5	1	https://www.uniprot.org/uniprotkb/H7C4S5/entry
Amyloid Plaque and NeuroFibrillary Tangle Formation in Alzeimer_s Disease	Calpain			single_gene	CAPN	"[""CAPN""]"	1	existing				0	
Molecular and Cellular Biology of Alzheimer’s Disease	Calpain			single_gene	CAPN	"[""CAPN""]"	1	existing				0	
Necrotic Cell Death	Caspase 1			single_gene	CASP1	"[""CASP1""]"	1	existing		CASP1	B4DKN4	1	https://www.uniprot.org/uniprotkb/B4DKN4/entry
Inflammasome Signaling	Caspase-1			single_gene	CASP1	"[""CASP1""]"	1	existing		CASP1	B4DKN4	1	https://www.uniprot.org/uniprotkb/B4DKN4/entry
Necrotic Cell Death	Pro-Caspase1			single_gene	CASP1	"[""CASP1""]"	1	existing		CASP1	B4DKN4	1	https://www.uniprot.org/uniprotkb/B4DKN4/entry
Inflammasome Signaling	Pro-caspase-1			single_gene	CASP1	"[""CASP1""]"	1	existing		CASP1	B4DKN4	1	https://www.uniprot.org/uniprotkb/B4DKN4/entry
Inflammasome Signaling	Pro-caspase-1			single_gene	CASP1	"[""CASP1""]"	1	existing		CASP1	B4DKN4	1	https://www.uniprot.org/uniprotkb/B4DKN4/entry
Inflammasome Signaling	Pro-caspase-1			single_gene	CASP1	"[""CASP1""]"	1	existing		CASP1	B4DKN4	1	https://www.uniprot.org/uniprotkb/B4DKN4/entry
Inflammasome Signaling	Pro-caspase-1			single_gene	CASP1	"[""CASP1""]"	1	existing		CASP1	B4DKN4	1	https://www.uniprot.org/uniprotkb/B4DKN4/entry
Regulation of Apoptosis	Casp-12			single_gene	CASP12	"[""CASP12""]"	1	existing		CASP12	Q6UXS9	1	https://www.uniprot.org/uniprotkb/Q6UXS9/entry
Mitochondrial Control of Apoptosis	Casp-2			single_gene	CASP2	"[""CASP2""]"	1	existing		CASP2	C9JRR9	1	https://www.uniprot.org/uniprotkb/C9JRR9/entry
Regulation of Apoptosis	Casp-2			single_gene	CASP2	"[""CASP2""]"	1	existing		CASP2	C9JRR9	1	https://www.uniprot.org/uniprotkb/C9JRR9/entry
Death Receptor Signaling	Casp-3			single_gene	CASP3	"[""CASP3""]"	1	existing		CASP3	A8MVM1	1	https://www.uniprot.org/uniprotkb/A8MVM1/entry
Mitochondrial Control of Apoptosis	Casp-3			single_gene	CASP3	"[""CASP3""]"	1	existing		CASP3	A8MVM1	1	https://www.uniprot.org/uniprotkb/A8MVM1/entry
Death Receptor Signaling	Casp-6			single_gene	CASP6	"[""CASP6""]"	1	existing		CASP6	D6RBM3	1	https://www.uniprot.org/uniprotkb/D6RBM3/entry
Death Receptor Signaling	Casp-7			single_gene	CASP7	"[""CASP7""]"	1	existing		CASP7	P55210	1	https://www.uniprot.org/uniprotkb/P55210/entry
Death Receptor Signaling	Casp-8			single_gene	CASP8	"[""CASP8""]"	1	existing		CASP8	C9JB29	1	https://www.uniprot.org/uniprotkb/C9JB29/entry
Death Receptor Signaling	Casp-8			single_gene	CASP8	"[""CASP8""]"	1	existing		CASP8	C9JB29	1	https://www.uniprot.org/uniprotkb/C9JB29/entry
Inhibition of Apoptosis	Casp-8			single_gene	CASP8	"[""CASP8""]"	1	existing		CASP8	C9JB29	1	https://www.uniprot.org/uniprotkb/C9JB29/entry
Toll-like Receptor Signaling	Casp-8			single_gene	CASP8	"[""CASP8""]"	1	existing		CASP8	C9JB29	1	https://www.uniprot.org/uniprotkb/C9JB29/entry
Necrotic Cell Death	Caspase 8			single_gene	CASP8	"[""CASP8""]"	1	existing		CASP8	C9JB29	1	https://www.uniprot.org/uniprotkb/C9JB29/entry
Necrotic Cell Death	Pro-caspase 8			single_gene	CASP8	"[""CASP8""]"	1	existing		CASP8	C9JB29	1	https://www.uniprot.org/uniprotkb/C9JB29/entry
Death Receptor Signaling	Casp-9			single_gene	CASP9	"[""CASP9""]"	1	existing		CASP9	F8VVS7	1	https://www.uniprot.org/uniprotkb/F8VVS7/entry
Inhibition of Apoptosis	Casp-9			single_gene	CASP9	"[""CASP9""]"	1	existing		CASP9	F8VVS7	1	https://www.uniprot.org/uniprotkb/F8VVS7/entry
Mitochondrial Control of Apoptosis	Casp-9			single_gene	CASP9	"[""CASP9""]"	1	existing		CASP9	F8VVS7	1	https://www.uniprot.org/uniprotkb/F8VVS7/entry
Regulation of Apoptosis	Casp-9			single_gene	CASP9	"[""CASP9""]"	1	existing		CASP9	F8VVS7	1	https://www.uniprot.org/uniprotkb/F8VVS7/entry
Regulation of Apoptosis	Casp-9			single_gene	CASP9	"[""CASP9""]"	1	existing		CASP9	F8VVS7	1	https://www.uniprot.org/uniprotkb/F8VVS7/entry
Senescence Signaling	MCP-1			single_gene	CCL2	"[""CCL2""]"	1	existing		CCL2	J3KRT7	1	https://www.uniprot.org/uniprotkb/J3KRT7/entry
Senescence Signaling	RANTES			single_gene	CCL5	"[""CCL5""]"	1	existing		CCL5	P13501	1	https://www.uniprot.org/uniprotkb/P13501/entry
Senescence Signaling	Cyclin			single_gene	CCN	"[""CCN""]"	1	existing				0	
Contribution of Extracellular Matrix to EMT	E-Cadherin			single_gene	CDH1	"[""CDH1""]"	1	existing		CDH1	H3BNC6	1	https://www.uniprot.org/uniprotkb/H3BNC6/entry
ErbB-HER Signaling	E-Cadherin			single_gene	CDH1	"[""CDH1""]"	1	existing		CDH1	H3BNC6	1	https://www.uniprot.org/uniprotkb/H3BNC6/entry
Post-Synaptic Signaling	N-Cadherin			single_gene	CDH2	"[""CDH2""]"	1	existing		CDH2	C9J126	1	https://www.uniprot.org/uniprotkb/C9J126/entry
Post-Synaptic Signaling	N-Cadherin			single_gene	CDH2	"[""CDH2""]"	1	existing		CDH2	C9J126	1	https://www.uniprot.org/uniprotkb/C9J126/entry
Adherens Junction Dynamics	VE-Cadherin			single_gene	CDH5	"[""CDH5""]"	1	existing		CDH5	B4DTR2	1	https://www.uniprot.org/uniprotkb/B4DTR2/entry
Amyloid Plaque and NeuroFibrillary Tangle Formation in Alzeimer_s Disease	p25			single_gene	CDK5R1	"[""CDK5R1""]"	1	existing		CDK5R1	J3QRB5	1	https://www.uniprot.org/uniprotkb/J3QRB5/entry
Molecular and Cellular Biology of Alzheimer’s Disease	p25			single_gene	CDK5R1	"[""CDK5R1""]"	1	existing		CDK5R1	J3QRB5	1	https://www.uniprot.org/uniprotkb/J3QRB5/entry
Amyloid Plaque and NeuroFibrillary Tangle Formation in Alzeimer_s Disease	p35			single_gene	CDK5R1	"[""CDK5R1""]"	1	existing		CDK5R1	J3QRB5	1	https://www.uniprot.org/uniprotkb/J3QRB5/entry
Molecular and Cellular Biology of Alzheimer’s Disease	p35			single_gene	CDK5R1	"[""CDK5R1""]"	1	existing		CDK5R1	J3QRB5	1	https://www.uniprot.org/uniprotkb/J3QRB5/entry
Senescence Signaling	p21			single_gene	CDKN1A	"[""CDKN1A""]"	1	existing		CDKN1A	P38936	1	https://www.uniprot.org/uniprotkb/P38936/entry
G1-S Checkpoint	p16 INK4A			single_gene	CDKN2A	"[""CDKN2A""]"	1	existing		CDKN2A	J3QRG6	1	https://www.uniprot.org/uniprotkb/J3QRG6/entry
Senescence Signaling	p15			single_gene	CDKN2B	"[""CDKN2B""]"	1	existing		CDKN2B	P42772	1	https://www.uniprot.org/uniprotkb/P42772/entry
G1-S Checkpoint	p15 INK4B			single_gene	CDKN2B	"[""CDKN2B""]"	1	existing		CDKN2B	P42772	1	https://www.uniprot.org/uniprotkb/P42772/entry
G1-S Checkpoint	p19 INK4D			single_gene	CDKN2D	"[""CDKN2D""]"	1	existing		CDKN2D	P55273	1	https://www.uniprot.org/uniprotkb/P55273/entry
MAPK-Erk in Growth and Differentation	C/EBPβ			single_gene	CEBPB	"[""CEBPB""]"	1	existing		CEBPB	P17676	1	https://www.uniprot.org/uniprotkb/P17676/entry
B Cell Receptor Signaling	IKKα			single_gene	CHUK	"[""CHUK""]"	1	existing		CHUK	O15111	1	https://www.uniprot.org/uniprotkb/O15111/entry
CAR Signaling	IKKα			single_gene	CHUK	"[""CHUK""]"	1	existing		CHUK	O15111	1	https://www.uniprot.org/uniprotkb/O15111/entry
CAR Signaling	IKKα			single_gene	CHUK	"[""CHUK""]"	1	existing		CHUK	O15111	1	https://www.uniprot.org/uniprotkb/O15111/entry
Cell Intrinsic Innate Immunity Signaling STING	IKKα			single_gene	CHUK	"[""CHUK""]"	1	existing		CHUK	O15111	1	https://www.uniprot.org/uniprotkb/O15111/entry
Death Receptor Signaling	IKKα			single_gene	CHUK	"[""CHUK""]"	1	existing		CHUK	O15111	1	https://www.uniprot.org/uniprotkb/O15111/entry
Inflammasome Signaling	IKKα			single_gene	CHUK	"[""CHUK""]"	1	existing		CHUK	O15111	1	https://www.uniprot.org/uniprotkb/O15111/entry
Inhibition of Apoptosis	IKKα			single_gene	CHUK	"[""CHUK""]"	1	existing		CHUK	O15111	1	https://www.uniprot.org/uniprotkb/O15111/entry
Necrotic Cell Death	IKKα			single_gene	CHUK	"[""CHUK""]"	1	existing		CHUK	O15111	1	https://www.uniprot.org/uniprotkb/O15111/entry
NF-kB Signaling	IKKα			single_gene	CHUK	"[""CHUK""]"	1	existing		CHUK	O15111	1	https://www.uniprot.org/uniprotkb/O15111/entry
NF-kB Signaling	IKKα			single_gene	CHUK	"[""CHUK""]"	1	existing		CHUK	O15111	1	https://www.uniprot.org/uniprotkb/O15111/entry
NF-kB Signaling	IKKα			single_gene	CHUK	"[""CHUK""]"	1	existing		CHUK	O15111	1	https://www.uniprot.org/uniprotkb/O15111/entry
NF-kB Signaling	IKKα			single_gene	CHUK	"[""CHUK""]"	1	existing		CHUK	O15111	1	https://www.uniprot.org/uniprotkb/O15111/entry
NF-kB Signaling	IKKα			single_gene	CHUK	"[""CHUK""]"	1	existing		CHUK	O15111	1	https://www.uniprot.org/uniprotkb/O15111/entry
NF-kB Signaling	IKKα			single_gene	CHUK	"[""CHUK""]"	1	existing		CHUK	O15111	1	https://www.uniprot.org/uniprotkb/O15111/entry
NF-kB Signaling	IKKα			single_gene	CHUK	"[""CHUK""]"	1	existing		CHUK	O15111	1	https://www.uniprot.org/uniprotkb/O15111/entry
PI3 Kinase-Akt Signaling	IKKα			single_gene	CHUK	"[""CHUK""]"	1	existing		CHUK	O15111	1	https://www.uniprot.org/uniprotkb/O15111/entry
Regulation of Apoptosis	IKKα			single_gene	CHUK	"[""CHUK""]"	1	existing		CHUK	O15111	1	https://www.uniprot.org/uniprotkb/O15111/entry
T Cell Receptor Signaling	IKKα			single_gene	CHUK	"[""CHUK""]"	1	existing		CHUK	O15111	1	https://www.uniprot.org/uniprotkb/O15111/entry
AMPK Signaling	CLIP170			single_gene	CLIP1	"[""CLIP1""]"	1	existing		CLIP1	F5H0N7	1	https://www.uniprot.org/uniprotkb/F5H0N7/entry
Vesicle Trafficking	Complexin			single_gene	CPLX	"[""CPLX""]"	1	existing				0	
Vesicle Trafficking	Complexin			single_gene	CPLX	"[""CPLX""]"	1	existing				0	
SAPK-JNK Signaling	CrkII			single_gene	CRK	"[""CRK""]"	1	existing		CRK	I3L297	1	https://www.uniprot.org/uniprotkb/I3L297/entry
SAPK-JNK Signaling	CrkII			single_gene	CRK	"[""CRK""]"	1	existing		CRK	I3L297	1	https://www.uniprot.org/uniprotkb/I3L297/entry
Insulin Receptor Signaling	Crkll			single_gene	CRKL	"[""CRKL""]"	1	existing		CRKL	P46109	1	https://www.uniprot.org/uniprotkb/P46109/entry
Insulin Receptor Signaling	Crkll			single_gene	CRKL	"[""CRKL""]"	1	existing		CRKL	P46109	1	https://www.uniprot.org/uniprotkb/P46109/entry
a-Synuclein Aggregation & Phosphorylation_interactive icons	CK1			single_gene	CSNK1	"[""CSNK1""]"	1	existing				0	
Hippo Signaling ON-OFF	α-Catenin			single_gene	CTNNA	"[""CTNNA""]"	1	existing				0	
Hippo Signaling ON-OFF	α-Catenin			single_gene	CTNNA	"[""CTNNA""]"	1	existing				0	
Wnt-β-Catenin Signaling	α-catenin			single_gene	CTNNA	"[""CTNNA""]"	1	existing				0	
Contribution of Extracellular Matrix to EMT	β-catenin			single_gene	CTNNB1	"[""CTNNB1""]"	1	existing		CTNNB1	B4DGU4	1	https://www.uniprot.org/uniprotkb/B4DGU4/entry
Contribution of Extracellular Matrix to EMT	β-catenin			single_gene	CTNNB1	"[""CTNNB1""]"	1	existing		CTNNB1	B4DGU4	1	https://www.uniprot.org/uniprotkb/B4DGU4/entry
Contribution of Extracellular Matrix to EMT	β-catenin			single_gene	CTNNB1	"[""CTNNB1""]"	1	existing		CTNNB1	B4DGU4	1	https://www.uniprot.org/uniprotkb/B4DGU4/entry
Contribution of Extracellular Matrix to EMT	β-catenin			single_gene	CTNNB1	"[""CTNNB1""]"	1	existing		CTNNB1	B4DGU4	1	https://www.uniprot.org/uniprotkb/B4DGU4/entry
Contribution of Extracellular Matrix to EMT	β-catenin			single_gene	CTNNB1	"[""CTNNB1""]"	1	existing		CTNNB1	B4DGU4	1	https://www.uniprot.org/uniprotkb/B4DGU4/entry
Contribution of Soluble Factors to EMT	β-catenin			single_gene	CTNNB1	"[""CTNNB1""]"	1	existing		CTNNB1	B4DGU4	1	https://www.uniprot.org/uniprotkb/B4DGU4/entry
Contribution of Soluble Factors to EMT	β-catenin			single_gene	CTNNB1	"[""CTNNB1""]"	1	existing		CTNNB1	B4DGU4	1	https://www.uniprot.org/uniprotkb/B4DGU4/entry
Contribution of Soluble Factors to EMT	β-catenin			single_gene	CTNNB1	"[""CTNNB1""]"	1	existing		CTNNB1	B4DGU4	1	https://www.uniprot.org/uniprotkb/B4DGU4/entry
Contribution of Soluble Factors to EMT	β-catenin			single_gene	CTNNB1	"[""CTNNB1""]"	1	existing		CTNNB1	B4DGU4	1	https://www.uniprot.org/uniprotkb/B4DGU4/entry
Contribution of Soluble Factors to EMT	β-catenin			single_gene	CTNNB1	"[""CTNNB1""]"	1	existing		CTNNB1	B4DGU4	1	https://www.uniprot.org/uniprotkb/B4DGU4/entry
Contribution of Soluble Factors to EMT	β-catenin			single_gene	CTNNB1	"[""CTNNB1""]"	1	existing		CTNNB1	B4DGU4	1	https://www.uniprot.org/uniprotkb/B4DGU4/entry
ESC Pluripotency and Differentiation	β-catenin			single_gene	CTNNB1	"[""CTNNB1""]"	1	existing		CTNNB1	B4DGU4	1	https://www.uniprot.org/uniprotkb/B4DGU4/entry
ESC Pluripotency and Differentiation	β-catenin			single_gene	CTNNB1	"[""CTNNB1""]"	1	existing		CTNNB1	B4DGU4	1	https://www.uniprot.org/uniprotkb/B4DGU4/entry
ESC Pluripotency and Differentiation	β-catenin			single_gene	CTNNB1	"[""CTNNB1""]"	1	existing		CTNNB1	B4DGU4	1	https://www.uniprot.org/uniprotkb/B4DGU4/entry
Hypoxia Signaling	β-catenin			single_gene	CTNNB1	"[""CTNNB1""]"	1	existing		CTNNB1	B4DGU4	1	https://www.uniprot.org/uniprotkb/B4DGU4/entry
Mechanisms of Fibrosis	β-Catenin			single_gene	CTNNB1	"[""CTNNB1""]"	1	existing		CTNNB1	B4DGU4	1	https://www.uniprot.org/uniprotkb/B4DGU4/entry
Mechanisms of Fibrosis	β-catenin			single_gene	CTNNB1	"[""CTNNB1""]"	1	existing		CTNNB1	B4DGU4	1	https://www.uniprot.org/uniprotkb/B4DGU4/entry
Mechanisms of Fibrosis	β-catenin			single_gene	CTNNB1	"[""CTNNB1""]"	1	existing		CTNNB1	B4DGU4	1	https://www.uniprot.org/uniprotkb/B4DGU4/entry
Post-Synaptic Signaling	β-Catenin			single_gene	CTNNB1	"[""CTNNB1""]"	1	existing		CTNNB1	B4DGU4	1	https://www.uniprot.org/uniprotkb/B4DGU4/entry
Wnt-β-Catenin Signaling	β-catenin			single_gene	CTNNB1	"[""CTNNB1""]"	1	existing		CTNNB1	B4DGU4	1	https://www.uniprot.org/uniprotkb/B4DGU4/entry
Wnt-β-Catenin Signaling	β-catenin			single_gene	CTNNB1	"[""CTNNB1""]"	1	existing		CTNNB1	B4DGU4	1	https://www.uniprot.org/uniprotkb/B4DGU4/entry
Wnt-β-Catenin Signaling	β-catenin			single_gene	CTNNB1	"[""CTNNB1""]"	1	existing		CTNNB1	B4DGU4	1	https://www.uniprot.org/uniprotkb/B4DGU4/entry
Wnt-β-Catenin Signaling	β-catenin			single_gene	CTNNB1	"[""CTNNB1""]"	1	existing		CTNNB1	B4DGU4	1	https://www.uniprot.org/uniprotkb/B4DGU4/entry
Wnt-β-Catenin Signaling	β-catenin			single_gene	CTNNB1	"[""CTNNB1""]"	1	existing		CTNNB1	B4DGU4	1	https://www.uniprot.org/uniprotkb/B4DGU4/entry
Wnt-β-Catenin Signaling	β-catenin			single_gene	CTNNB1	"[""CTNNB1""]"	1	existing		CTNNB1	B4DGU4	1	https://www.uniprot.org/uniprotkb/B4DGU4/entry
Wnt-β-Catenin Signaling	β-catenin			single_gene	CTNNB1	"[""CTNNB1""]"	1	existing		CTNNB1	B4DGU4	1	https://www.uniprot.org/uniprotkb/B4DGU4/entry
Death Receptor Signaling	Cyto c			single_gene	CYCS	"[""CYCS""]"	1	existing		CYCS	C9JFR7	1	https://www.uniprot.org/uniprotkb/C9JFR7/entry
Inhibition of Apoptosis	Cyto c			single_gene	CYCS	"[""CYCS""]"	1	existing		CYCS	C9JFR7	1	https://www.uniprot.org/uniprotkb/C9JFR7/entry
Mitochondrial Control of Apoptosis	Cyto c			single_gene	CYCS	"[""CYCS""]"	1	existing		CYCS	C9JFR7	1	https://www.uniprot.org/uniprotkb/C9JFR7/entry
Regulation of Apoptosis	Cyto c			single_gene	CYCS	"[""CYCS""]"	1	existing		CYCS	C9JFR7	1	https://www.uniprot.org/uniprotkb/C9JFR7/entry
Cell Intrinsic Innate Immunity Signaling STING	RIG-I			single_gene	DDX58	"[""DDX58""]"	1	existing		DDX58	A2A376	1	https://www.uniprot.org/uniprotkb/A2A376/entry
Necrotic Cell Death	RIG-I			single_gene	DDX58	"[""DDX58""]"	1	existing		DDX58	A2A376	1	https://www.uniprot.org/uniprotkb/A2A376/entry
Toll-like Receptor Signaling	RIG-I			single_gene	DDX58	"[""DDX58""]"	1	existing		DDX58	A2A376	1	https://www.uniprot.org/uniprotkb/A2A376/entry
Post-Synaptic Signaling	PSD-95			single_gene	DLG4	"[""DLG4""]"	1	existing		DLG4	B7Z3U2	1	https://www.uniprot.org/uniprotkb/B7Z3U2/entry
Post-Synaptic Signaling	PSD-95			single_gene	DLG4	"[""DLG4""]"	1	existing		DLG4	B7Z3U2	1	https://www.uniprot.org/uniprotkb/B7Z3U2/entry
Post-Synaptic Signaling	PSD-95			single_gene	DLG4	"[""DLG4""]"	1	existing		DLG4	B7Z3U2	1	https://www.uniprot.org/uniprotkb/B7Z3U2/entry
Post-Synaptic Signaling	Dystrophin			single_gene	DMD	"[""DMD""]"	1	existing		DMD	H0Y304	1	https://www.uniprot.org/uniprotkb/H0Y304/entry
B Cell Receptor Signaling	Dok-1			single_gene	DOK1	"[""DOK1""]"	1	existing		DOK1	H7C093	1	https://www.uniprot.org/uniprotkb/H7C093/entry
B Cell Receptor Signaling	Dok-3			single_gene	DOK3	"[""DOK3""]"	1	existing		DOK3	D6R951	1	https://www.uniprot.org/uniprotkb/D6R951/entry
MAPK-Erk in Growth and Differentation	MKP-3			multi_gene	DUSP6	"[""DUSP6""]"	1	forced_fill	MKP-3 is DUSP6.	DUSP6	F8VW29	1	https://www.uniprot.org/uniprotkb/F8VW29/entry
B Cell Receptor Signaling	Egr-1			single_gene	EGR1	"[""EGR1""]"	1	existing		EGR1	P18146	1	https://www.uniprot.org/uniprotkb/P18146/entry
Hippo Signaling ON-OFF	EGR-1			single_gene	EGR1	"[""EGR1""]"	1	existing		EGR1	P18146	1	https://www.uniprot.org/uniprotkb/P18146/entry
Hippo Signaling ON-OFF	EGR-1			single_gene	EGR1	"[""EGR1""]"	1	existing		EGR1	P18146	1	https://www.uniprot.org/uniprotkb/P18146/entry
RNA LifeCycle Diagram	eIF3			single_gene	EIF3	"[""EIF3""]"	1	existing				0	
Regulation of eIF4E and p70 S6 Kinase	elF4A			single_gene	EIF4A	"[""EIF4A""]"	1	existing		EIF4A	P60842	1	https://www.uniprot.org/uniprotkb/P60842/entry
Hypoxia Signaling	eIF-4E			single_gene	EIF4E	"[""EIF4E""]"	1	existing		EIF4E	D6RBW1	1	https://www.uniprot.org/uniprotkb/D6RBW1/entry
Angiogenesis	elF4E1			single_gene	EIF4E	"[""EIF4E""]"	1	existing		EIF4E	D6RBW1	1	https://www.uniprot.org/uniprotkb/D6RBW1/entry
AMPK Signaling	4E-BP1			single_gene	EIF4EBP1	"[""EIF4EBP1""]"	1	existing		EIF4EBP1	Q13541	1	https://www.uniprot.org/uniprotkb/Q13541/entry
Angiogenesis	4E-BP1			single_gene	EIF4EBP1	"[""EIF4EBP1""]"	1	existing		EIF4EBP1	Q13541	1	https://www.uniprot.org/uniprotkb/Q13541/entry
Hypoxia Signaling	4E-BP1			single_gene	EIF4EBP1	"[""EIF4EBP1""]"	1	existing		EIF4EBP1	Q13541	1	https://www.uniprot.org/uniprotkb/Q13541/entry
Insulin Receptor Signaling	4E-BP1			single_gene	EIF4EBP1	"[""EIF4EBP1""]"	1	existing		EIF4EBP1	Q13541	1	https://www.uniprot.org/uniprotkb/Q13541/entry
PI3 Kinase-Akt Signaling	4E-BP1			single_gene	EIF4EBP1	"[""EIF4EBP1""]"	1	existing		EIF4EBP1	Q13541	1	https://www.uniprot.org/uniprotkb/Q13541/entry
Regulation of eIF4E and p70 S6 Kinase	4E-BP1			single_gene	EIF4EBP1	"[""EIF4EBP1""]"	1	existing		EIF4EBP1	Q13541	1	https://www.uniprot.org/uniprotkb/Q13541/entry
Regulation of eIF4E and p70 S6 Kinase	4E-BP1			single_gene	EIF4EBP1	"[""EIF4EBP1""]"	1	existing		EIF4EBP1	Q13541	1	https://www.uniprot.org/uniprotkb/Q13541/entry
Tumor Angiogenesis	4E-BP1			single_gene	EIF4EBP1	"[""EIF4EBP1""]"	1	existing		EIF4EBP1	Q13541	1	https://www.uniprot.org/uniprotkb/Q13541/entry
RNA LifeCycle Diagram	ELAVL			single_gene	ELAVL	"[""ELAVL""]"	1	existing				0	
Post-Synaptic Signaling	EphR			single_gene	EPH	"[""EPH""]"	1	existing		EPH	P21709	1	https://www.uniprot.org/uniprotkb/P21709/entry
Jak-Stat Signaling_IL-6 Receptor Family	E-Ras			single_gene	ERAS	"[""ERAS""]"	1	existing		ERAS	Q7Z444	1	https://www.uniprot.org/uniprotkb/Q7Z444/entry
MAPK-Erk in Growth and Differentation	ERα			single_gene	ESR1	"[""ESR1""]"	1	existing		ESR1	B0QYW7	1	https://www.uniprot.org/uniprotkb/B0QYW7/entry
B Cell Receptor Signaling	Ets-1			single_gene	ETS1	"[""ETS1""]"	1	existing		ETS1	P14921	1	https://www.uniprot.org/uniprotkb/P14921/entry
B Cell Receptor Signaling	FcγRIIB1			single_gene	FCGR2B	"[""FCGR2B""]"	1	existing		FCGR2B	P31994	1	https://www.uniprot.org/uniprotkb/P31994/entry
B Cell Receptor Signaling	FcγRIIB1			single_gene	FCGR2B	"[""FCGR2B""]"	1	existing		FCGR2B	P31994	1	https://www.uniprot.org/uniprotkb/P31994/entry
23-EMG-93350 Parkisons Disease Pathway popouts_ALL (interactive icon in layer)	GCase			single_gene	GBA1	"[""GBA1""]"	1	existing		GBA1	P04062	1	https://www.uniprot.org/uniprotkb/P04062/entry
23-EMG-93350 Parkisons Disease Pathway popouts_ALL (interactive icon in layer)	GCase			single_gene	GBA1	"[""GBA1""]"	1	existing		GBA1	P04062	1	https://www.uniprot.org/uniprotkb/P04062/entry
Lysomal Processing_interactive icons	GCase			single_gene	GBA1	"[""GBA1""]"	1	existing		GBA1	P04062	1	https://www.uniprot.org/uniprotkb/P04062/entry
Lysomal Processing_interactive icons	GCase			single_gene	GBA1	"[""GBA1""]"	1	existing		GBA1	P04062	1	https://www.uniprot.org/uniprotkb/P04062/entry
Hedgehog Signaling	GLI3-R			single_gene	GLI3	"[""GLI3""]"	1	existing		GLI3	F8WEV4	1	https://www.uniprot.org/uniprotkb/F8WEV4/entry
p38 MAPK Activation	Gao			multi_gene	GNAO1	"[""GNAO1""]"	1	pathway_override	Go alpha in p38 pathway context.	GNAO1	H3BNR5	1	https://www.uniprot.org/uniprotkb/H3BNR5/entry
Inflammasome Signaling	Gasdermin			single_gene	GSDM	"[""GSDM""]"	1	existing		GSDM	Q96QA5	1	https://www.uniprot.org/uniprotkb/Q96QA5/entry
Contribution of Extracellular Matrix to EMT	GSKβ			single_gene	GSK3B	"[""GSK3B""]"	1	existing		GSK3B	P49841	1	https://www.uniprot.org/uniprotkb/P49841/entry
Senescence Signaling	macro H2A 1.1/1.2			single_gene	H2AFY	"[""H2AFY""]"	1	existing		H2AFY	O75367	1	https://www.uniprot.org/uniprotkb/O75367/entry
Hypoxia Signaling	FIH			single_gene	HIF1AN	"[""HIF1AN""]"	1	existing		HIF1AN	E9PL41	1	https://www.uniprot.org/uniprotkb/E9PL41/entry
PI3 Kinase-Akt Signaling	HexokinaseII			single_gene	HK2	"[""HK2""]"	1	existing		HK2	E9PB90	1	https://www.uniprot.org/uniprotkb/E9PB90/entry
RNA LifeCycle Diagram	HNRNP			single_gene	HNRNP	"[""HNRNP""]"	1	existing				0	
Cell Intrinsic Innate Immunity Signaling STING	MDA-5			single_gene	IFIH1	"[""IFIH1""]"	1	existing		IFIH1	Q9BYX4	1	https://www.uniprot.org/uniprotkb/Q9BYX4/entry
Inflammasome Signaling	IKK β			single_gene	IKBKB	"[""IKBKB""]"	1	existing		IKBKB	E5RFG5	1	https://www.uniprot.org/uniprotkb/E5RFG5/entry
Cell Intrinsic Innate Immunity Signaling STING	IKKß			single_gene	IKBKB	"[""IKBKB""]"	1	existing		IKBKB	E5RFG5	1	https://www.uniprot.org/uniprotkb/E5RFG5/entry
CAR Signaling	IKKβ			single_gene	IKBKB	"[""IKBKB""]"	1	existing		IKBKB	E5RFG5	1	https://www.uniprot.org/uniprotkb/E5RFG5/entry
CAR Signaling	IKKβ			single_gene	IKBKB	"[""IKBKB""]"	1	existing		IKBKB	E5RFG5	1	https://www.uniprot.org/uniprotkb/E5RFG5/entry
Inhibition of Apoptosis	IKKβ			single_gene	IKBKB	"[""IKBKB""]"	1	existing		IKBKB	E5RFG5	1	https://www.uniprot.org/uniprotkb/E5RFG5/entry
Inhibition of Apoptosis	IKKβ			single_gene	IKBKB	"[""IKBKB""]"	1	existing		IKBKB	E5RFG5	1	https://www.uniprot.org/uniprotkb/E5RFG5/entry
Necrotic Cell Death	IKKβ			single_gene	IKBKB	"[""IKBKB""]"	1	existing		IKBKB	E5RFG5	1	https://www.uniprot.org/uniprotkb/E5RFG5/entry
NF-kB Signaling	IKKβ			single_gene	IKBKB	"[""IKBKB""]"	1	existing		IKBKB	E5RFG5	1	https://www.uniprot.org/uniprotkb/E5RFG5/entry
Regulation of Apoptosis	IKKβ			single_gene	IKBKB	"[""IKBKB""]"	1	existing		IKBKB	E5RFG5	1	https://www.uniprot.org/uniprotkb/E5RFG5/entry
T Cell Receptor Signaling	IKKβ			single_gene	IKBKB	"[""IKBKB""]"	1	existing		IKBKB	E5RFG5	1	https://www.uniprot.org/uniprotkb/E5RFG5/entry
CAR Signaling	IKKγ			single_gene	IKBKG	"[""IKBKG""]"	1	existing		IKBKG	C9J2V2	1	https://www.uniprot.org/uniprotkb/C9J2V2/entry
CAR Signaling	IKKγ			single_gene	IKBKG	"[""IKBKG""]"	1	existing		IKBKG	C9J2V2	1	https://www.uniprot.org/uniprotkb/C9J2V2/entry
Inhibition of Apoptosis	IKKγ			single_gene	IKBKG	"[""IKBKG""]"	1	existing		IKBKG	C9J2V2	1	https://www.uniprot.org/uniprotkb/C9J2V2/entry
Inhibition of Apoptosis	IKKγ			single_gene	IKBKG	"[""IKBKG""]"	1	existing		IKBKG	C9J2V2	1	https://www.uniprot.org/uniprotkb/C9J2V2/entry
Regulation of Apoptosis	IKKγ			single_gene	IKBKG	"[""IKBKG""]"	1	existing		IKBKG	C9J2V2	1	https://www.uniprot.org/uniprotkb/C9J2V2/entry
T Cell Receptor Signaling	IKKγ			single_gene	IKBKG	"[""IKBKG""]"	1	existing		IKBKG	C9J2V2	1	https://www.uniprot.org/uniprotkb/C9J2V2/entry
Inflammasome Signaling	IL-18			single_gene	IL18	"[""IL18""]"	1	existing		IL18	Q14116	1	https://www.uniprot.org/uniprotkb/Q14116/entry
Necrotic Cell Death	IL-18			single_gene	IL18	"[""IL18""]"	1	existing		IL18	Q14116	1	https://www.uniprot.org/uniprotkb/Q14116/entry
Inflammasome Signaling	Pro-IL-18			single_gene	IL18	"[""IL18""]"	1	existing		IL18	Q14116	1	https://www.uniprot.org/uniprotkb/Q14116/entry
Necrotic Cell Death	Pro-IL-18			single_gene	IL18	"[""IL18""]"	1	existing		IL18	Q14116	1	https://www.uniprot.org/uniprotkb/Q14116/entry
Necrotic Cell Death	Pro-IL-18			single_gene	IL18	"[""IL18""]"	1	existing		IL18	Q14116	1	https://www.uniprot.org/uniprotkb/Q14116/entry
Inflammasome Signaling	IL-1β			single_gene	IL1B	"[""IL1B""]"	1	existing		IL1B	C9JSC2	1	https://www.uniprot.org/uniprotkb/C9JSC2/entry
Necrotic Cell Death	IL-1β			single_gene	IL1B	"[""IL1B""]"	1	existing		IL1B	C9JSC2	1	https://www.uniprot.org/uniprotkb/C9JSC2/entry
Inflammasome Signaling	Pro-IL-1β			single_gene	IL1B	"[""IL1B""]"	1	existing		IL1B	C9JSC2	1	https://www.uniprot.org/uniprotkb/C9JSC2/entry
Necrotic Cell Death	Pro-IL-1β			single_gene	IL1B	"[""IL1B""]"	1	existing		IL1B	C9JSC2	1	https://www.uniprot.org/uniprotkb/C9JSC2/entry
Necrotic Cell Death	Pro-IL-1β			single_gene	IL1B	"[""IL1B""]"	1	existing		IL1B	C9JSC2	1	https://www.uniprot.org/uniprotkb/C9JSC2/entry
NF-kB Signaling	IL-1R			single_gene	IL1R	"[""IL1R""]"	1	existing		IL1R	P14778	1	https://www.uniprot.org/uniprotkb/P14778/entry
Toll-like Receptor Signaling	IRAK-1			single_gene	IRAK1	"[""IRAK1""]"	1	existing		IRAK1	D3YTB5	1	https://www.uniprot.org/uniprotkb/D3YTB5/entry
Toll-like Receptor Signaling	IRAK-2			single_gene	IRAK2	"[""IRAK2""]"	1	existing		IRAK2	O43187	1	https://www.uniprot.org/uniprotkb/O43187/entry
Toll-like Receptor Signaling	IRAK-M			single_gene	IRAK3	"[""IRAK3""]"	1	existing		IRAK3	F5GYN6	1	https://www.uniprot.org/uniprotkb/F5GYN6/entry
Toll-like Receptor Signaling	IRAK-4			single_gene	IRAK4	"[""IRAK4""]"	1	existing		IRAK4	F8VR40	1	https://www.uniprot.org/uniprotkb/F8VR40/entry
Toll-like Receptor Signaling	IRF-3			single_gene	IRF3	"[""IRF3""]"	1	existing		IRF3	M0QX56	1	https://www.uniprot.org/uniprotkb/M0QX56/entry
Toll-like Receptor Signaling	IRF-3			single_gene	IRF3	"[""IRF3""]"	1	existing		IRF3	M0QX56	1	https://www.uniprot.org/uniprotkb/M0QX56/entry
Toll-like Receptor Signaling	IRF-7			single_gene	IRF7	"[""IRF7""]"	1	existing		IRF7	E9PIA7	1	https://www.uniprot.org/uniprotkb/E9PIA7/entry
Toll-like Receptor Signaling	IRF-7			single_gene	IRF7	"[""IRF7""]"	1	existing		IRF7	E9PIA7	1	https://www.uniprot.org/uniprotkb/E9PIA7/entry
ErbB-HER Signaling	AIP4			single_gene	ITCH	"[""ITCH""]"	1	existing		ITCH	Q96J02	1	https://www.uniprot.org/uniprotkb/Q96J02/entry
B Cell Receptor Signaling	IP3R			single_gene	ITPR	"[""ITPR""]"	1	existing				0	
CAR Signaling	IP3R			single_gene	ITPR	"[""ITPR""]"	1	existing				0	
Post-Synaptic Signaling	IP3R			single_gene	ITPR	"[""ITPR""]"	1	existing				0	
T Cell Receptor Signaling	IP3R			single_gene	ITPR	"[""ITPR""]"	1	existing				0	
ErbB-HER Signaling	Importin β1			single_gene	KPNB1	"[""KPNB1""]"	1	existing		KPNB1	J3KS06	1	https://www.uniprot.org/uniprotkb/J3KS06/entry
T Cell Receptor Signaling	SLP-76			single_gene	LCP2	"[""LCP2""]"	1	existing		LCP2	E5RKA2	1	https://www.uniprot.org/uniprotkb/E5RKA2/entry
DNA Damage Repair (early version)	DNA Ligase III			single_gene	LIG3	"[""LIG3""]"	1	existing		LIG3	K7EJR4	1	https://www.uniprot.org/uniprotkb/K7EJR4/entry
AMPK Signaling	HSL			single_gene	LIPE	"[""LIPE""]"	1	existing		LIPE	M0QXB1	1	https://www.uniprot.org/uniprotkb/M0QXB1/entry
Insulin Receptor Signaling	HSL			single_gene	LIPE	"[""LIPE""]"	1	existing		LIPE	M0QXB1	1	https://www.uniprot.org/uniprotkb/M0QXB1/entry
Death Receptor Signaling	Lamin A			single_gene	LMNA	"[""LMNA""]"	1	existing		LMNA	D6RB20	1	https://www.uniprot.org/uniprotkb/D6RB20/entry
PI3 Kinase-Akt Signaling	Lamin A			single_gene	LMNA	"[""LMNA""]"	1	existing		LMNA	D6RB20	1	https://www.uniprot.org/uniprotkb/D6RB20/entry
Regulation of Apoptosis	Lamin A/C			single_gene	LMNA	"[""LMNA""]"	1	existing		LMNA	D6RB20	1	https://www.uniprot.org/uniprotkb/D6RB20/entry
Senescence Signaling	LaminB1			single_gene	LMNB1	"[""LMNB1""]"	1	existing		LMNB1	E9PBF6	1	https://www.uniprot.org/uniprotkb/E9PBF6/entry
Death Receptor Signaling	MKK1			multi_gene	MAP2K1	"[""MAP2K1""]"	1	forced_fill	MKK1 is MAP2K1.	MAP2K1	B4DFY5	1	https://www.uniprot.org/uniprotkb/B4DFY5/entry
Toll-like Receptor Signaling	MEKK-1			multi_gene	MAP3K1	"[""MAP3K1""]"	1	forced_fill	MEKK1 is MAP3K1.	MAP3K1	Q13233	1	https://www.uniprot.org/uniprotkb/Q13233/entry
G Protein-Coupled Receptors Signaling to MAPK-Erk	C-TAK1			single_gene	MARK3	"[""MARK3""]"	1	existing		MARK3	H0YIY6	1	https://www.uniprot.org/uniprotkb/H0YIY6/entry
MAPK-Erk in Growth and Differentation	C-TAK1			single_gene	MARK3	"[""MARK3""]"	1	existing		MARK3	H0YIY6	1	https://www.uniprot.org/uniprotkb/H0YIY6/entry
Inhibition of Apoptosis	Mcl-1			single_gene	MCL1	"[""MCL1""]"	1	existing		MCL1	Q07820	1	https://www.uniprot.org/uniprotkb/Q07820/entry
Jak-Stat Signaling_IL-6 Receptor Family	Mcl-1			single_gene	MCL1	"[""MCL1""]"	1	existing		MCL1	Q07820	1	https://www.uniprot.org/uniprotkb/Q07820/entry
Mitochondrial Control of Apoptosis	Mcl-1			single_gene	MCL1	"[""MCL1""]"	1	existing		MCL1	Q07820	1	https://www.uniprot.org/uniprotkb/Q07820/entry
Mechanisms of Fibrosis	MMP-13			multi_gene	MMP13	"[""MMP13""]"	1	forced_fill	Specific matrix metalloproteinase.	MMP13	G5E971	1	https://www.uniprot.org/uniprotkb/G5E971/entry
Contribution of Extracellular Matrix to EMT	MMP-14			multi_gene	MMP14	"[""MMP14""]"	1	forced_fill	Specific matrix metalloproteinase.	MMP14	F8VP90	1	https://www.uniprot.org/uniprotkb/F8VP90/entry
Contribution of Extracellular Matrix to EMT	MMP-14			multi_gene	MMP14	"[""MMP14""]"	1	forced_fill	Specific matrix metalloproteinase.	MMP14	F8VP90	1	https://www.uniprot.org/uniprotkb/F8VP90/entry
Contribution of Extracellular Matrix to EMT	MMP-2			multi_gene	MMP2	"[""MMP2""]"	1	pathway_override	Specific matrix metalloproteinase.	MMP2	H3BR66	1	https://www.uniprot.org/uniprotkb/H3BR66/entry
Mechanisms of Fibrosis	MMP-2			multi_gene	MMP2	"[""MMP2""]"	1	pathway_override	Specific matrix metalloproteinase.	MMP2	H3BR66	1	https://www.uniprot.org/uniprotkb/H3BR66/entry
Contribution of Extracellular Matrix to EMT	MMP-3			multi_gene	MMP3	"[""MMP3""]"	1	forced_fill	Specific matrix metalloproteinase.	MMP3	E9PKX2	1	https://www.uniprot.org/uniprotkb/E9PKX2/entry
Contribution of Extracellular Matrix to EMT	MMP-7			multi_gene	MMP7	"[""MMP7""]"	1	forced_fill	Specific matrix metalloproteinase.	MMP7	P09237	1	https://www.uniprot.org/uniprotkb/P09237/entry
Mechanisms of Fibrosis	MMP-8			multi_gene	MMP8	"[""MMP8""]"	1	forced_fill	Specific matrix metalloproteinase.	MMP8	E9PIY7	1	https://www.uniprot.org/uniprotkb/E9PIY7/entry
Mechanisms of Fibrosis	MMP-9			multi_gene	MMP9	"[""MMP9""]"	1	forced_fill	Specific matrix metalloproteinase.	MMP9	P14780	1	https://www.uniprot.org/uniprotkb/P14780/entry
PI3 Kinase-Akt Signaling	p47phox			single_gene	NCF1	"[""NCF1""]"	1	existing		NCF1	C9J155	1	https://www.uniprot.org/uniprotkb/C9J155/entry
Protein Acetylation	SRC-3			single_gene	NCOA3	"[""NCOA3""]"	1	existing		NCOA3	Q9Y6Q9	1	https://www.uniprot.org/uniprotkb/Q9Y6Q9/entry
Protein Acetylation	SRC-3			single_gene	NCOA3	"[""NCOA3""]"	1	existing		NCOA3	Q9Y6Q9	1	https://www.uniprot.org/uniprotkb/Q9Y6Q9/entry
ErbB-HER Signaling	N-CoR			single_gene	NCOR1	"[""NCOR1""]"	1	existing		NCOR1	C9JAP0	1	https://www.uniprot.org/uniprotkb/C9JAP0/entry
Nuclear Receptor	SMRT			single_gene	NCOR2	"[""NCOR2""]"	1	existing		NCOR2	C9J0Q5	1	https://www.uniprot.org/uniprotkb/C9J0Q5/entry
Nuclear Receptor	SMRT			single_gene	NCOR2	"[""NCOR2""]"	1	existing		NCOR2	C9J0Q5	1	https://www.uniprot.org/uniprotkb/C9J0Q5/entry
PI3 Kinase-Akt Signaling	NEDD1-4			single_gene	NEDD4	"[""NEDD4""]"	1	existing		NEDD4	H0Y8H4	1	https://www.uniprot.org/uniprotkb/H0Y8H4/entry
a-Synuclein-mediated ER Stress_interactive icons	NF-KB			single_gene	NFKB	"[""NFKB""]"	1	existing				0	
a-Synuclein-mediated ER Stress_interactive icons	NF-KB			single_gene	NFKB	"[""NFKB""]"	1	existing				0	
B Cell Receptor Signaling	NF-KB			single_gene	NFKB	"[""NFKB""]"	1	existing				0	
B Cell Receptor Signaling	NF-KB			single_gene	NFKB	"[""NFKB""]"	1	existing				0	
CAR Signaling	NF-KB			single_gene	NFKB	"[""NFKB""]"	1	existing				0	
CAR Signaling	NF-KB			single_gene	NFKB	"[""NFKB""]"	1	existing				0	
CAR Signaling	NF-KB			single_gene	NFKB	"[""NFKB""]"	1	existing				0	
CAR Signaling	NF-KB			single_gene	NFKB	"[""NFKB""]"	1	existing				0	
Cell Intrinsic Innate Immunity Signaling STING	NF-KB			single_gene	NFKB	"[""NFKB""]"	1	existing				0	
Cell Intrinsic Innate Immunity Signaling STING	NF-KB			single_gene	NFKB	"[""NFKB""]"	1	existing				0	
Cell Intrinsic Innate Immunity Signaling STING	NF-KB			single_gene	NFKB	"[""NFKB""]"	1	existing				0	
Death Receptor Signaling	NF-KB			single_gene	NFKB	"[""NFKB""]"	1	existing				0	
Hypoxia Signaling	NF-kB			single_gene	NFKB	"[""NFKB""]"	1	existing				0	
Inhibition of Apoptosis	NF-KB			single_gene	NFKB	"[""NFKB""]"	1	existing				0	
Inhibition of Apoptosis	NF-KB			single_gene	NFKB	"[""NFKB""]"	1	existing				0	
Inhibition of Apoptosis	NF-KB			single_gene	NFKB	"[""NFKB""]"	1	existing				0	
Regulation of Apoptosis	NF-KB			single_gene	NFKB	"[""NFKB""]"	1	existing				0	
Regulation of Apoptosis	NF-KB			single_gene	NFKB	"[""NFKB""]"	1	existing				0	
Regulation of Apoptosis	NF-KB			single_gene	NFKB	"[""NFKB""]"	1	existing				0	
T Cell Receptor Signaling	NF-kB			single_gene	NFKB	"[""NFKB""]"	1	existing				0	
TGF-B Signaling	NF-KB			single_gene	NFKB	"[""NFKB""]"	1	existing				0	
Death Receptor Signaling	NF-KB p50			single_gene	NFKB1	"[""NFKB1""]"	1	existing		NFKB1	D6RC45	1	https://www.uniprot.org/uniprotkb/D6RC45/entry
NF-kB Signaling	NF-kB1			single_gene	NFKB1	"[""NFKB1""]"	1	existing		NFKB1	D6RC45	1	https://www.uniprot.org/uniprotkb/D6RC45/entry
NF-kB Signaling	NF-KB1 p50			single_gene	NFKB1	"[""NFKB1""]"	1	existing		NFKB1	D6RC45	1	https://www.uniprot.org/uniprotkb/D6RC45/entry
NF-kB Signaling	NF-κB2			single_gene	NFKB2	"[""NFKB2""]"	1	existing		NFKB2	Q00653	1	https://www.uniprot.org/uniprotkb/Q00653/entry
NF-kB Signaling	NF-κB2 p52			single_gene	NFKB2	"[""NFKB2""]"	1	existing		NFKB2	Q00653	1	https://www.uniprot.org/uniprotkb/Q00653/entry
NF-kB Signaling	NF-κB2 p52			single_gene	NFKB2	"[""NFKB2""]"	1	existing		NFKB2	Q00653	1	https://www.uniprot.org/uniprotkb/Q00653/entry
Death Receptor Signaling	NF-KB p100			single_gene	NFKB2	"[""NFKB2""]"	1	existing		NFKB2	Q00653	1	https://www.uniprot.org/uniprotkb/Q00653/entry
NF-kB Signaling	NF-kB2 p100			single_gene	NFKB2	"[""NFKB2""]"	1	existing		NFKB2	Q00653	1	https://www.uniprot.org/uniprotkb/Q00653/entry
Death Receptor Signaling	p52			single_gene	NFKB2	"[""NFKB2""]"	1	existing		NFKB2	Q00653	1	https://www.uniprot.org/uniprotkb/Q00653/entry
Necrotic Cell Death	Iκβα			single_gene	NFKBIA	"[""NFKBIA""]"	1	existing		NFKBIA	G3V286	1	https://www.uniprot.org/uniprotkb/G3V286/entry
Inflammasome Signaling	IKBα			single_gene	NFKBIA	"[""NFKBIA""]"	1	existing		NFKBIA	G3V286	1	https://www.uniprot.org/uniprotkb/G3V286/entry
MAPK-Erk in Growth and Differentation	IKBα			single_gene	NFKBIA	"[""NFKBIA""]"	1	existing		NFKBIA	G3V286	1	https://www.uniprot.org/uniprotkb/G3V286/entry
NF-kB Signaling	IkBα			single_gene	NFKBIA	"[""NFKBIA""]"	1	existing		NFKBIA	G3V286	1	https://www.uniprot.org/uniprotkb/G3V286/entry
Regulation of Apoptosis	IKBα			single_gene	NFKBIA	"[""NFKBIA""]"	1	existing		NFKBIA	G3V286	1	https://www.uniprot.org/uniprotkb/G3V286/entry
Regulation of Apoptosis	IKBα			single_gene	NFKBIA	"[""NFKBIA""]"	1	existing		NFKBIA	G3V286	1	https://www.uniprot.org/uniprotkb/G3V286/entry
Toll-like Receptor Signaling	IKBα			single_gene	NFKBIA	"[""NFKBIA""]"	1	existing		NFKBIA	G3V286	1	https://www.uniprot.org/uniprotkb/G3V286/entry
NF-kB Signaling	IkBζ			single_gene	NFKBIZ	"[""NFKBIZ""]"	1	existing		NFKBIZ	C9J5G8	1	https://www.uniprot.org/uniprotkb/C9J5G8/entry
Post-Synaptic Signaling	Neuroligin 2			single_gene	NLGN2	"[""NLGN2""]"	1	existing		NLGN2	I3L498	1	https://www.uniprot.org/uniprotkb/I3L498/entry
Post-Synaptic Signaling	Neuroligin 2			single_gene	NLGN2	"[""NLGN2""]"	1	existing		NLGN2	I3L498	1	https://www.uniprot.org/uniprotkb/I3L498/entry
Insulin Receptor Signaling	iNOS			single_gene	NOS2	"[""NOS2""]"	1	existing		NOS2	P35228	1	https://www.uniprot.org/uniprotkb/P35228/entry
Insulin Receptor Signaling	LXRα			single_gene	NR1H3	"[""NR1H3""]"	1	existing		NR1H3	B4DXU5	1	https://www.uniprot.org/uniprotkb/B4DXU5/entry
Cell Intrinsic Innate Immunity Signaling STING	DUBA			multi_gene	OTUD5	"[""OTUD5""]"	1	forced_fill	DUBA is OTUD5.	OTUD5	H7BZQ3	1	https://www.uniprot.org/uniprotkb/H7BZQ3/entry
TGF-B Signaling	PAK			single_gene	PAK	"[""PAK""]"	1	existing				0	
Dopamine Signaling_interactive icons	DJ-1			single_gene	PARK7	"[""PARK7""]"	1	existing		PARK7	K7ELW0	1	https://www.uniprot.org/uniprotkb/K7ELW0/entry
MAPK-Erk in Growth and Differentation	Pax			single_gene	PAX	"[""PAX""]"	1	existing				0	
G Protein-Coupled Receptors Signaling to MAPK-Erk	PEA-15			single_gene	PEA15	"[""PEA15""]"	1	existing		PEA15	B1AKZ5	1	https://www.uniprot.org/uniprotkb/B1AKZ5/entry
MAPK-Erk in Growth and Differentation	PEA-15			single_gene	PEA15	"[""PEA15""]"	1	existing		PEA15	B1AKZ5	1	https://www.uniprot.org/uniprotkb/B1AKZ5/entry
Mitochondrial Dysfunction_interactive icons	Prohibitin2			single_gene	PHB2	"[""PHB2""]"	1	existing		PHB2	F5GWA7	1	https://www.uniprot.org/uniprotkb/F5GWA7/entry
Regulation of Microtubule Dynamics	LL5β			single_gene	PHLDB2	"[""PHLDB2""]"	1	existing		PHLDB2	E9PDY7	1	https://www.uniprot.org/uniprotkb/E9PDY7/entry
Autophagy	p150			multi_gene	PIK3R4	"[""PIK3R4""]"	1	forced_fill	Autophagy p150/VPS15 node.	PIK3R4	D6RAC3	1	https://www.uniprot.org/uniprotkb/D6RAC3/entry
Examples of Crosstalk Between Post-Translational Modifications	Pim-1			single_gene	PIM1	"[""PIM1""]"	1	existing		PIM1	P11309	1	https://www.uniprot.org/uniprotkb/P11309/entry
Autophagy	PINK			single_gene	PINK1	"[""PINK1""]"	1	existing		PINK1	Q9BXM7	1	https://www.uniprot.org/uniprotkb/Q9BXM7/entry
Glutamine Metabolism	PKM-2			single_gene	PKM	"[""PKM""]"	1	existing		PKM	B4DNK4	1	https://www.uniprot.org/uniprotkb/B4DNK4/entry
AMPK Signaling	PLCβ			single_gene	PLCB	"[""PLCB""]"	1	existing		PLCB	O15120	1	https://www.uniprot.org/uniprotkb/O15120/entry
G Protein-Coupled Receptors Signaling to MAPK-Erk	PLCβ			single_gene	PLCB	"[""PLCB""]"	1	existing		PLCB	O15120	1	https://www.uniprot.org/uniprotkb/O15120/entry
G Protein-Coupled Receptors Signaling to MAPK-Erk	PLCβ			single_gene	PLCB	"[""PLCB""]"	1	existing		PLCB	O15120	1	https://www.uniprot.org/uniprotkb/O15120/entry
Phosphoinositide Signaling	PLCβ			single_gene	PLCB	"[""PLCB""]"	1	existing		PLCB	O15120	1	https://www.uniprot.org/uniprotkb/O15120/entry
Regulation of Actin Dynamics	PLCβ			single_gene	PLCB	"[""PLCB""]"	1	existing		PLCB	O15120	1	https://www.uniprot.org/uniprotkb/O15120/entry
Phospholipase Signaling	PLCβ3			single_gene	PLCB3	"[""PLCB3""]"	1	existing		PLCB3	Q01970	1	https://www.uniprot.org/uniprotkb/Q01970/entry
CAR Signaling	PLCγ1			single_gene	PLCG1	"[""PLCG1""]"	1	existing		PLCG1	M0QX77	1	https://www.uniprot.org/uniprotkb/M0QX77/entry
CAR Signaling	PLCγ1			single_gene	PLCG1	"[""PLCG1""]"	1	existing		PLCG1	M0QX77	1	https://www.uniprot.org/uniprotkb/M0QX77/entry
Phospholipase Signaling	PLCγ1			single_gene	PLCG1	"[""PLCG1""]"	1	existing		PLCG1	M0QX77	1	https://www.uniprot.org/uniprotkb/M0QX77/entry
T Cell Receptor Signaling	PLCγ1			single_gene	PLCG1	"[""PLCG1""]"	1	existing		PLCG1	M0QX77	1	https://www.uniprot.org/uniprotkb/M0QX77/entry
B Cell Receptor Signaling	PLCγ2			single_gene	PLCG2	"[""PLCG2""]"	1	existing		PLCG2	H3BMT7	1	https://www.uniprot.org/uniprotkb/H3BMT7/entry
B Cell Receptor Signaling	2-Oct			single_gene	POU3F2	"[""POU3F2""]"	1	existing		POU3F2	P20265	1	https://www.uniprot.org/uniprotkb/P20265/entry
ESC Pluripotency and Differentiation	4-Oct			single_gene	POU5F1	"[""POU5F1""]"	1	existing		POU5F1	F2Z381	1	https://www.uniprot.org/uniprotkb/F2Z381/entry
Regulation of eIF2	CreP			single_gene	PPP1R15B	"[""PPP1R15B""]"	1	existing		PPP1R15B	Q5SWA1	1	https://www.uniprot.org/uniprotkb/Q5SWA1/entry
Dopamine Signaling_interactive icons	DARPP-32			single_gene	PPP1R1B	"[""PPP1R1B""]"	1	existing		PPP1R1B	J3KSJ8	1	https://www.uniprot.org/uniprotkb/J3KSJ8/entry
Dopamine Signaling_interactive icons	DARPP-32			single_gene	PPP1R1B	"[""PPP1R1B""]"	1	existing		PPP1R1B	J3KSJ8	1	https://www.uniprot.org/uniprotkb/J3KSJ8/entry
Epigenetics Writers and Erasers of Histones H3	PKCB1			single_gene	PRKCB	"[""PRKCB""]"	1	existing		PRKCB	H3BV73	1	https://www.uniprot.org/uniprotkb/H3BV73/entry
DNA Damage Repair (early version)	DNA-PK			single_gene	PRKDC	"[""PRKDC""]"	1	existing		PRKDC	F5GX40	1	https://www.uniprot.org/uniprotkb/F5GX40/entry
ErbB-HER Signaling	DNA-PK			single_gene	PRKDC	"[""PRKDC""]"	1	existing		PRKDC	F5GX40	1	https://www.uniprot.org/uniprotkb/F5GX40/entry
G2-M DNA Damage Checkpoint	DNA-PK			single_gene	PRKDC	"[""PRKDC""]"	1	existing		PRKDC	F5GX40	1	https://www.uniprot.org/uniprotkb/F5GX40/entry
PI3 Kinase-Akt Signaling	DNA-PK			single_gene	PRKDC	"[""PRKDC""]"	1	existing		PRKDC	F5GX40	1	https://www.uniprot.org/uniprotkb/F5GX40/entry
Autophagy	Parkin			single_gene	PRKN	"[""PRKN""]"	1	existing		PRKN	B1AKC3	1	https://www.uniprot.org/uniprotkb/B1AKC3/entry
Mitochondrial Dysfunction_interactive icons	Parkin			single_gene	PRKN	"[""PRKN""]"	1	existing		PRKN	B1AKC3	1	https://www.uniprot.org/uniprotkb/B1AKC3/entry
Jak-Stat Signaling_IL-6 Receptor Family	PTP			single_gene	PTPN	"[""PTPN""]"	1	existing				0	
B Cell Receptor Signaling	SHP2			single_gene	PTPN11	"[""PTPN11""]"	1	existing		PTPN11	H0YF12	1	https://www.uniprot.org/uniprotkb/H0YF12/entry
B Cell Receptor Signaling	SHP2			single_gene	PTPN11	"[""PTPN11""]"	1	existing		PTPN11	H0YF12	1	https://www.uniprot.org/uniprotkb/H0YF12/entry
ErbB-HER Signaling	SHP-2			single_gene	PTPN11	"[""PTPN11""]"	1	existing		PTPN11	H0YF12	1	https://www.uniprot.org/uniprotkb/H0YF12/entry
Insulin Receptor Signaling	SHP-2			single_gene	PTPN11	"[""PTPN11""]"	1	existing		PTPN11	H0YF12	1	https://www.uniprot.org/uniprotkb/H0YF12/entry
Jak-Stat Signaling_IL-6 Receptor Family	SHP-2			single_gene	PTPN11	"[""PTPN11""]"	1	existing		PTPN11	H0YF12	1	https://www.uniprot.org/uniprotkb/H0YF12/entry
B Cell Receptor Signaling	SHP1			single_gene	PTPN6	"[""PTPN6""]"	1	existing		PTPN6	F5GXD4	1	https://www.uniprot.org/uniprotkb/F5GXD4/entry
B Cell Receptor Signaling	SHP1			single_gene	PTPN6	"[""PTPN6""]"	1	existing		PTPN6	F5GXD4	1	https://www.uniprot.org/uniprotkb/F5GXD4/entry
Jak-Stat Signaling_IL-6 Receptor Family	SHP-1			single_gene	PTPN6	"[""PTPN6""]"	1	existing		PTPN6	F5GXD4	1	https://www.uniprot.org/uniprotkb/F5GXD4/entry
Post-Synaptic Signaling	PTPδ			single_gene	PTPRD	"[""PTPRD""]"	1	existing		PTPRD	C9J6E4	1	https://www.uniprot.org/uniprotkb/C9J6E4/entry
Insulin Receptor Signaling	C3G			single_gene	RAPGEF1	"[""RAPGEF1""]"	1	existing		RAPGEF1	H0Y6R4	1	https://www.uniprot.org/uniprotkb/H0Y6R4/entry
Autophagy	FIP200			single_gene	RB1CC1	"[""RB1CC1""]"	1	existing		RB1CC1	E5RH44	1	https://www.uniprot.org/uniprotkb/E5RH44/entry
m6A RNA Regulatory Diagram	HNRNPG			single_gene	RBMX	"[""RBMX""]"	1	existing		RBMX	H0Y6E7	1	https://www.uniprot.org/uniprotkb/H0Y6E7/entry
Vesicle Trafficking	RIM-BP			single_gene	RIMBP	"[""RIMBP""]"	1	existing				0	
Vesicle Trafficking	RIM-BP			single_gene	RIMBP	"[""RIMBP""]"	1	existing				0	
Vesicle Trafficking	RIM-BP			single_gene	RIMBP	"[""RIMBP""]"	1	existing				0	
Vesicle Trafficking	RIM-BP			single_gene	RIMBP	"[""RIMBP""]"	1	existing				0	
Vesicle Trafficking	RIM			single_gene	RIMS	"[""RIMS""]"	1	existing				0	
Vesicle Trafficking	RIM			single_gene	RIMS	"[""RIMS""]"	1	existing				0	
Vesicle Trafficking	RIM			single_gene	RIMS	"[""RIMS""]"	1	existing				0	
Vesicle Trafficking	RIM			single_gene	RIMS	"[""RIMS""]"	1	existing				0	
RNA LifeCycle Diagram	RPS28B			multi_gene	RPS28	"[""RPS28""]"	1	forced_fill	Best-effort human analog for yeast RPS28B.	RPS28	P62857	1	https://www.uniprot.org/uniprotkb/P62857/entry
RNA LifeCycle Diagram	RPS28B			multi_gene	RPS28	"[""RPS28""]"	1	forced_fill	Best-effort human analog for yeast RPS28B.	RPS28	P62857	1	https://www.uniprot.org/uniprotkb/P62857/entry
PI3 Kinase-Akt Signaling	S6			single_gene	RPS6	"[""RPS6""]"	1	existing		RPS6	A2A3R5	1	https://www.uniprot.org/uniprotkb/A2A3R5/entry
Regulation of eIF4E and p70 S6 Kinase	S6			single_gene	RPS6	"[""RPS6""]"	1	existing		RPS6	A2A3R5	1	https://www.uniprot.org/uniprotkb/A2A3R5/entry
Wnt-β-Catenin Signaling	R-spondins			single_gene	RSPO	"[""RSPO""]"	1	existing				0	
Autophagy	Rubicon			single_gene	RUBCN	"[""RUBCN""]"	1	existing		RUBCN	E9PEM3	1	https://www.uniprot.org/uniprotkb/E9PEM3/entry
Hippo Signaling ON-OFF	RUNX			single_gene	RUNX	"[""RUNX""]"	1	existing				0	
Hippo Signaling ON-OFF	RUNX			single_gene	RUNX	"[""RUNX""]"	1	existing				0	
Insulin Receptor Signaling	ENaC			single_gene	SCNN1	"[""SCNN1""]"	1	existing		SCNN1	P37088	1	https://www.uniprot.org/uniprotkb/P37088/entry
Angiogenesis	PAI-1			single_gene	SERPINE1	"[""SERPINE1""]"	1	existing		SERPINE1	P05121	1	https://www.uniprot.org/uniprotkb/P05121/entry
Senescence Signaling	PAI-1			single_gene	SERPINE1	"[""SERPINE1""]"	1	existing		SERPINE1	P05121	1	https://www.uniprot.org/uniprotkb/P05121/entry
Contribution of Extracellular Matrix to EMT	Serpine(PAI-1)			multi_gene	SERPINE1	"[""SERPINE1""]"	1	forced_fill	PAI-1 is SERPINE1.	SERPINE1	P05121	1	https://www.uniprot.org/uniprotkb/P05121/entry
G2-M DNA Damage Checkpoint	14-3-3σ			single_gene	SFN	"[""SFN""]"	1	existing		SFN	P31947	1	https://www.uniprot.org/uniprotkb/P31947/entry
Vesicle Trafficking	DAT			single_gene	SLC6A3	"[""SLC6A3""]"	1	existing		SLC6A3	Q01959	1	https://www.uniprot.org/uniprotkb/Q01959/entry
Hippo Signaling ON-OFF	SMADs			single_gene	SMAD	"[""SMAD""]"	1	existing				0	
Hippo Signaling ON-OFF	SMADs			single_gene	SMAD	"[""SMAD""]"	1	existing				0	
Wnt-β-Catenin Signaling	Snail1			single_gene	SNAI1	"[""SNAI1""]"	1	existing		SNAI1	O95863	1	https://www.uniprot.org/uniprotkb/O95863/entry
Dopamine Signaling_interactive icons	α-Synuclein			single_gene	SNCA	"[""SNCA""]"	1	existing		SNCA	D6RA31	1	https://www.uniprot.org/uniprotkb/D6RA31/entry
Jak-Stat Signaling_IL-6 Receptor Family	SOCS			single_gene	SOCS	"[""SOCS""]"	1	existing				0	
Contribution of Extracellular Matrix to EMT	Osteopontin			single_gene	SPP1	"[""SPP1""]"	1	existing		SPP1	P10451	1	https://www.uniprot.org/uniprotkb/P10451/entry
Mitochondrial Dysfunction_interactive icons	p62			single_gene	SQSTM1	"[""SQSTM1""]"	1	existing		SQSTM1	C9J6J8	1	https://www.uniprot.org/uniprotkb/C9J6J8/entry
Vesicle Trafficking	Munc18-1			single_gene	STXBP1	"[""STXBP1""]"	1	existing		STXBP1	P61764	1	https://www.uniprot.org/uniprotkb/P61764/entry
Vesicle Trafficking	Munc18-1			single_gene	STXBP1	"[""STXBP1""]"	1	existing		STXBP1	P61764	1	https://www.uniprot.org/uniprotkb/P61764/entry
Vesicle Trafficking	Munc18-1			single_gene	STXBP1	"[""STXBP1""]"	1	existing		STXBP1	P61764	1	https://www.uniprot.org/uniprotkb/P61764/entry
Vesicle Trafficking	Munc18-1			single_gene	STXBP1	"[""STXBP1""]"	1	existing		STXBP1	P61764	1	https://www.uniprot.org/uniprotkb/P61764/entry
Insulin Receptor Signaling	Synip			single_gene	STXBP4	"[""STXBP4""]"	1	existing		STXBP4	B5MCT9	1	https://www.uniprot.org/uniprotkb/B5MCT9/entry
G Protein-Coupled Receptors Signaling to MAPK-Erk	Synapsins			single_gene	SYN	"[""SYN""]"	1	existing		SYN	O15061	1	https://www.uniprot.org/uniprotkb/O15061/entry
G Protein-Coupled Receptors Signaling to MAPK-Erk	SynGAP			single_gene	SYNGAP1	"[""SYNGAP1""]"	1	existing		SYNGAP1	B7ZCA0	1	https://www.uniprot.org/uniprotkb/B7ZCA0/entry
ESC Pluripotency and Differentiation	TCFs			single_gene	TCF	"[""TCF""]"	1	existing				0	
Hippo Signaling ON-OFF	TEADs			single_gene	TEAD	"[""TEAD""]"	1	existing				0	
Hippo Signaling ON-OFF	TEADs			single_gene	TEAD	"[""TEAD""]"	1	existing				0	
Contribution of Soluble Factors to EMT	TGF-βR2			single_gene	TGFBR2	"[""TGFBR2""]"	1	existing		TGFBR2	P37173	1	https://www.uniprot.org/uniprotkb/P37173/entry
Contribution of Soluble Factors to EMT	TGF-βR2			single_gene	TGFBR2	"[""TGFBR2""]"	1	existing		TGFBR2	P37173	1	https://www.uniprot.org/uniprotkb/P37173/entry
Dopamine Signaling_interactive icons	Tyrosine Hydroxylase			single_gene	TH	"[""TH""]"	1	existing		TH	E7EQI0	1	https://www.uniprot.org/uniprotkb/E7EQI0/entry
Hippo Signaling ON-OFF	ZO-2			single_gene	TJP2	"[""TJP2""]"	1	existing		TJP2	B1AN86	1	https://www.uniprot.org/uniprotkb/B1AN86/entry
Hippo Signaling ON-OFF	ZO-2			single_gene	TJP2	"[""TJP2""]"	1	existing		TJP2	B1AN86	1	https://www.uniprot.org/uniprotkb/B1AN86/entry
Hypoxia Signaling	TLR			single_gene	TLR	"[""TLR""]"	1	existing				0	
Mechanisms of Fibrosis	Tenascin-C			single_gene	TNC	"[""TNC""]"	1	existing		TNC	E9PC84	1	https://www.uniprot.org/uniprotkb/E9PC84/entry
Death Receptor Signaling	TNF-R1			single_gene	TNFRSF1A	"[""TNFRSF1A""]"	1	existing		TNFRSF1A	F5GWJ4	1	https://www.uniprot.org/uniprotkb/F5GWJ4/entry
Death Receptor Signaling	TNF-R2			single_gene	TNFRSF1B	"[""TNFRSF1B""]"	1	existing		TNFRSF1B	B5A977	1	https://www.uniprot.org/uniprotkb/B5A977/entry
Death Receptor Signaling	APO-3L/TWEAK			single_gene	TNFSF12	"[""TNFSF12""]"	1	existing		TNFSF12	C0H5Y4	1	https://www.uniprot.org/uniprotkb/C0H5Y4/entry
NF-kB Signaling	UEV1A			single_gene	UBE2V1	"[""UBE2V1""]"	1	existing		UBE2V1	D6RG00	1	https://www.uniprot.org/uniprotkb/D6RG00/entry
Toll-like Receptor Signaling	UEV1A			single_gene	UBE2V1	"[""UBE2V1""]"	1	existing		UBE2V1	D6RG00	1	https://www.uniprot.org/uniprotkb/D6RG00/entry
Vesicle Trafficking	Munc13			single_gene	UNC13	"[""UNC13""]"	1	existing		UNC13	O14795	1	https://www.uniprot.org/uniprotkb/O14795/entry
Vesicle Trafficking	Munc13			single_gene	UNC13	"[""UNC13""]"	1	existing		UNC13	O14795	1	https://www.uniprot.org/uniprotkb/O14795/entry
Vesicle Trafficking	Munc13			single_gene	UNC13	"[""UNC13""]"	1	existing		UNC13	O14795	1	https://www.uniprot.org/uniprotkb/O14795/entry
Vesicle Trafficking	Munc13			single_gene	UNC13	"[""UNC13""]"	1	existing		UNC13	O14795	1	https://www.uniprot.org/uniprotkb/O14795/entry
Adherens Junction Dynamics	Vinculin			single_gene	VCL	"[""VCL""]"	1	existing		VCL	P18206	1	https://www.uniprot.org/uniprotkb/P18206/entry
Adherens Junction Dynamics	Vinculin			single_gene	VCL	"[""VCL""]"	1	existing		VCL	P18206	1	https://www.uniprot.org/uniprotkb/P18206/entry
MAPK-Erk in Growth and Differentation	WAVE-2			single_gene	WASF2	"[""WASF2""]"	1	existing		WASF2	Q9Y6W5	1	https://www.uniprot.org/uniprotkb/Q9Y6W5/entry
Autophagy	ALFY			single_gene	WDFY3	"[""WDFY3""]"	1	existing		WDFY3	D6RJE4	1	https://www.uniprot.org/uniprotkb/D6RJE4/entry
a-Synuclein-mediated ER Stress_interactive icons	Xbp1s			single_gene	XBP1	"[""XBP1""]"	1	existing		XBP1	B1AHH1	1	https://www.uniprot.org/uniprotkb/B1AHH1/entry
DNA Damage Repair (early version)	XRC1			multi_gene	XRCC1	"[""XRCC1""]"	1	forced_fill	Likely XRCC1 typo.	XRCC1	F5H8D7	1	https://www.uniprot.org/uniprotkb/F5H8D7/entry
Hippo Signaling ON-OFF	YAP			single_gene	YAP1	"[""YAP1""]"	1	existing		YAP1	H0YCI3	1	https://www.uniprot.org/uniprotkb/H0YCI3/entry
Hippo Signaling ON-OFF	YAP			single_gene	YAP1	"[""YAP1""]"	1	existing		YAP1	H0YCI3	1	https://www.uniprot.org/uniprotkb/H0YCI3/entry
Regulation of Actin Dynamics	14-3-3ζ			single_gene	YWHAZ	"[""YWHAZ""]"	1	existing		YWHAZ	B0AZS6	1	https://www.uniprot.org/uniprotkb/B0AZS6/entry
T Cell Receptor Signaling	Zap-70			single_gene	ZAP70	"[""ZAP70""]"	1	existing		ZAP70	P43403	1	https://www.uniprot.org/uniprotkb/P43403/entry
Post-Synaptic Signaling	DHHC-12			single_gene	ZDHHC12	"[""ZDHHC12""]"	1	existing		ZDHHC12	Q5T266	1	https://www.uniprot.org/uniprotkb/Q5T266/entry
AMPK Signaling	ACC			multi_gene	ACACA|ACACB	"[""ACACA"", ""ACACB""]"	2	existing		ACACA	Q13085	1	https://www.uniprot.org/uniprotkb/Q13085/entry
Warburg Effect	ACC			multi_gene	ACACA|ACACB	"[""ACACA"", ""ACACB""]"	2	existing		ACACA	Q13085	1	https://www.uniprot.org/uniprotkb/Q13085/entry
Amyloid Plaque and NeuroFibrillary Tangle Formation in Alzeimer_s Disease	α-Secretase			multi_gene	ADAM10|ADAM17	"[""ADAM10"", ""ADAM17""]"	2	existing		ADAM10	B5MC71	1	https://www.uniprot.org/uniprotkb/B5MC71/entry
Molecular and Cellular Biology of Alzheimer’s Disease	α-Secretase			multi_gene	ADAM10|ADAM17	"[""ADAM10"", ""ADAM17""]"	2	existing		ADAM10	B5MC71	1	https://www.uniprot.org/uniprotkb/B5MC71/entry
Neuronal Activity-dependent APP Processing	α-Secretase (ADAM 10/17)			multi_gene	ADAM10|ADAM17	"[""ADAM10"", ""ADAM17""]"	2	existing		ADAM10	B5MC71	1	https://www.uniprot.org/uniprotkb/B5MC71/entry
Hypoxia Signaling	HIF-β			multi_gene	ARNT|ARNT2	"[""ARNT"", ""ARNT2""]"	2	existing		ARNT	A6NGV6	1	https://www.uniprot.org/uniprotkb/A6NGV6/entry
G Protein-Coupled Receptors Signaling to MAPK-Erk	β-Arrestin			multi_gene	ARRB1|ARRB2	"[""ARRB1"", ""ARRB2""]"	2	existing		ARRB1	E9PM35	1	https://www.uniprot.org/uniprotkb/E9PM35/entry
Hedgehog Signaling	β-Arrestin			multi_gene	ARRB1|ARRB2	"[""ARRB1"", ""ARRB2""]"	2	existing		ARRB1	E9PM35	1	https://www.uniprot.org/uniprotkb/E9PM35/entry
Amyloid Plaque and NeuroFibrillary Tangle Formation in Alzeimer_s Disease	β-Secretase			multi_gene	BACE1|BACE2	"[""BACE1"", ""BACE2""]"	2	existing		BACE1	E9PJG7	1	https://www.uniprot.org/uniprotkb/E9PJG7/entry
Molecular and Cellular Biology of Alzheimer’s Disease	β-Secretase			multi_gene	BACE1|BACE2	"[""BACE1"", ""BACE2""]"	2	existing		BACE1	E9PJG7	1	https://www.uniprot.org/uniprotkb/E9PJG7/entry
Death Receptor Signaling	cIAP1/2			multi_gene	BIRC2|BIRC3	"[""BIRC2"", ""BIRC3""]"	2	existing		BIRC2	E9PI77	1	https://www.uniprot.org/uniprotkb/E9PI77/entry
Death Receptor Signaling	cIAP1/2			multi_gene	BIRC2|BIRC3	"[""BIRC2"", ""BIRC3""]"	2	existing		BIRC2	E9PI77	1	https://www.uniprot.org/uniprotkb/E9PI77/entry
Death Receptor Signaling	cIAP1/2			multi_gene	BIRC2|BIRC3	"[""BIRC2"", ""BIRC3""]"	2	existing		BIRC2	E9PI77	1	https://www.uniprot.org/uniprotkb/E9PI77/entry
Necrotic Cell Death	CIAP1/2			multi_gene	BIRC2|BIRC3	"[""BIRC2"", ""BIRC3""]"	2	existing		BIRC2	E9PI77	1	https://www.uniprot.org/uniprotkb/E9PI77/entry
NF-kB Signaling	c-IAP1/2			multi_gene	BIRC2|BIRC3	"[""BIRC2"", ""BIRC3""]"	2	existing		BIRC2	E9PI77	1	https://www.uniprot.org/uniprotkb/E9PI77/entry
NF-kB Signaling	c-IAP1/2			multi_gene	BIRC2|BIRC3	"[""BIRC2"", ""BIRC3""]"	2	existing		BIRC2	E9PI77	1	https://www.uniprot.org/uniprotkb/E9PI77/entry
Hedgehog Signaling	β-TrCP			multi_gene	BTRC|FBXW11	"[""BTRC"", ""FBXW11""]"	2	existing		BTRC	B7Z3H4	1	https://www.uniprot.org/uniprotkb/B7Z3H4/entry
NF-kB Signaling	β-TrCP			multi_gene	BTRC|FBXW11	"[""BTRC"", ""FBXW11""]"	2	existing		BTRC	B7Z3H4	1	https://www.uniprot.org/uniprotkb/B7Z3H4/entry
NF-kB Signaling	β-TrCP			multi_gene	BTRC|FBXW11	"[""BTRC"", ""FBXW11""]"	2	existing		BTRC	B7Z3H4	1	https://www.uniprot.org/uniprotkb/B7Z3H4/entry
Wnt-β-Catenin Signaling	β-TrCP			multi_gene	BTRC|FBXW11	"[""BTRC"", ""FBXW11""]"	2	existing		BTRC	B7Z3H4	1	https://www.uniprot.org/uniprotkb/B7Z3H4/entry
AMPK Signaling	CaMKK			multi_gene	CAMKK1|CAMKK2	"[""CAMKK1"", ""CAMKK2""]"	2	existing		CAMKK1	J3KPJ3	1	https://www.uniprot.org/uniprotkb/J3KPJ3/entry
Molecular and Cellular Biology of Alzheimer’s Disease	Casp-3,-9			multi_gene	CASP3|CASP9	"[""CASP3"", ""CASP9""]"	2	existing		CASP3	A8MVM1	1	https://www.uniprot.org/uniprotkb/A8MVM1/entry
Death Receptor Signaling	Casp-8,10			multi_gene	CASP8|CASP10	"[""CASP8"", ""CASP10""]"	2	existing		CASP8	C9JB29	1	https://www.uniprot.org/uniprotkb/C9JB29/entry
Death Receptor Signaling	Casp-8,10			multi_gene	CASP8|CASP10	"[""CASP8"", ""CASP10""]"	2	existing		CASP8	C9JB29	1	https://www.uniprot.org/uniprotkb/C9JB29/entry
Mitochondrial Control of Apoptosis	Casp-8,-10			multi_gene	CASP8|CASP10	"[""CASP8"", ""CASP10""]"	2	existing		CASP8	C9JB29	1	https://www.uniprot.org/uniprotkb/C9JB29/entry
Regulation of Apoptosis	Casp-8,-10			multi_gene	CASP8|CASP10	"[""CASP8"", ""CASP10""]"	2	existing		CASP8	C9JB29	1	https://www.uniprot.org/uniprotkb/C9JB29/entry
PI3 Kinase-Akt Signaling	Cyclin A			multi_gene	CCNA1|CCNA2	"[""CCNA1"", ""CCNA2""]"	2	existing		CCNA1	P78396	1	https://www.uniprot.org/uniprotkb/P78396/entry
TGF-B Signaling	Cofilin			multi_gene	CFL1|CFL2	"[""CFL1"", ""CFL2""]"	2	existing		CFL1	E9PK25	1	https://www.uniprot.org/uniprotkb/E9PK25/entry
TGF-B Signaling	Cofilin			multi_gene	CFL1|CFL2	"[""CFL1"", ""CFL2""]"	2	existing		CFL1	E9PK25	1	https://www.uniprot.org/uniprotkb/E9PK25/entry
Necrotic Cell Death	IKKα/β			multi_gene	CHUK|IKBKB	"[""CHUK"", ""IKBKB""]"	2	existing		CHUK	O15111	1	https://www.uniprot.org/uniprotkb/O15111/entry
Wnt-β-Catenin Signaling	p120			multi_gene	CTNND1|HNRNPU	"[""CTNND1"", ""HNRNPU""]"	2	existing		CTNND1	C9JZR2	1	https://www.uniprot.org/uniprotkb/C9JZR2/entry
MAPK-Erk in Growth and Differentation	MKP-1/2			multi_gene	DUSP1|DUSP4	"[""DUSP1"", ""DUSP4""]"	2	forced_fill	MKP-1 and MKP-2.	DUSP1	P28562	1	https://www.uniprot.org/uniprotkb/P28562/entry
MAPK-Erk in Growth and Differentation	ER			multi_gene	ESR1|ESR2	"[""ESR1"", ""ESR2""]"	2	existing		ESR1	B0QYW7	1	https://www.uniprot.org/uniprotkb/B0QYW7/entry
Insulin Receptor Signaling	Flotillin			multi_gene	FLOT1|FLOT2	"[""FLOT1"", ""FLOT2""]"	2	existing		FLOT1	A2AB09	1	https://www.uniprot.org/uniprotkb/A2AB09/entry
ATP-Dependent Chromatin Remodeling Complexes	p66α/β			multi_gene	GATAD2A|GATAD2B	"[""GATAD2A"", ""GATAD2B""]"	2	existing		GATAD2A	C9JGN4	1	https://www.uniprot.org/uniprotkb/C9JGN4/entry
Warburg Effect	Glutaminase			multi_gene	GLS|GLS2	"[""GLS"", ""GLS2""]"	2	existing		GLS	B7Z509	1	https://www.uniprot.org/uniprotkb/B7Z509/entry
AMPK Signaling	GS			multi_gene	GLUL|GYS1	"[""GLUL"", ""GYS1""]"	2	existing		GLUL	P15104	1	https://www.uniprot.org/uniprotkb/P15104/entry
Insulin Receptor Signaling	GS			multi_gene	GLUL|GYS1	"[""GLUL"", ""GYS1""]"	2	existing		GLUL	P15104	1	https://www.uniprot.org/uniprotkb/P15104/entry
PI3 Kinase-Akt Signaling	GS			multi_gene	GLUL|GYS1	"[""GLUL"", ""GYS1""]"	2	existing		GLUL	P15104	1	https://www.uniprot.org/uniprotkb/P15104/entry
Hippo Signaling ON-OFF	Gα12/13			multi_gene	GNA12|GNA13	"[""GNA12"", ""GNA13""]"	2	existing		GNA12	C9J2Y7	1	https://www.uniprot.org/uniprotkb/C9J2Y7/entry
SAPK-JNK Signaling	Gα12/13			multi_gene	GNA12|GNA13	"[""GNA12"", ""GNA13""]"	2	existing		GNA12	C9J2Y7	1	https://www.uniprot.org/uniprotkb/C9J2Y7/entry
Hippo Signaling ON-OFF	Gαq/11			multi_gene	GNAQ|GNA11	"[""GNAQ"", ""GNA11""]"	2	existing		GNAQ	B1AM21	1	https://www.uniprot.org/uniprotkb/B1AM21/entry
Regulation of Actin Dynamics	Gs			multi_gene	GNAS|GNAL	"[""GNAS"", ""GNAL""]"	2	forced_fill	Gs alpha family.	GNAS	A2A2R6	1	https://www.uniprot.org/uniprotkb/A2A2R6/entry
Epigenetics Writers and Erasers of Histones H3	TFIIIC90/KAT12			multi_gene	GTF3C4|CSRP2BP	"[""GTF3C4"", ""CSRP2BP""]"	2	forced_fill	TFIIIC90 and KAT12/CSRP2BP.	GTF3C4	F2Z356	1	https://www.uniprot.org/uniprotkb/F2Z356/entry
ESC Pluripotency and Differentiation	IGF-IR			multi_gene	IGF1R|INSR	"[""IGF1R"", ""INSR""]"	2	forced_fill	IGF1R plus insulin receptor because hybrid receptor context is common.	IGF1R	C9J5X1	1	https://www.uniprot.org/uniprotkb/C9J5X1/entry
Senescence Signaling	IL-6/IL-1β			multi_gene	IL6|IL1B	"[""IL6"", ""IL1B""]"	2	existing		IL6	B4DNV3	1	https://www.uniprot.org/uniprotkb/B4DNV3/entry
Hypoxia Signaling	IL-6R			multi_gene	IL6R|IL6ST	"[""IL6R"", ""IL6ST""]"	2	existing		IL6R	D6R9R8	1	https://www.uniprot.org/uniprotkb/D6R9R8/entry
Phosphoinositide Signaling	INPP4			multi_gene	INPP4A|INPP4B	"[""INPP4A"", ""INPP4B""]"	2	existing		INPP4A	B8ZZB2	1	https://www.uniprot.org/uniprotkb/B8ZZB2/entry
Epigenetics Writers and Erasers of Histones H3	Sas3/KAT6			multi_gene	KAT6A|KAT6B	"[""KAT6A"", ""KAT6B""]"	2	forced_fill	KAT6 family.	KAT6A	A5PLL3	1	https://www.uniprot.org/uniprotkb/A5PLL3/entry
RNA LifeCycle Diagram	DCP5			multi_gene	LSM14A|LSM14B	"[""LSM14A"", ""LSM14B""]"	2	forced_fill	Best-effort human analog for DCP5/P-body scaffold.	LSM14A	I3L4Q1	1	https://www.uniprot.org/uniprotkb/I3L4Q1/entry
Toll-like Receptor Signaling	MKK 4/7			multi_gene	MAP2K4|MAP2K7	"[""MAP2K4"", ""MAP2K7""]"	2	existing		MAP2K4	J3QLE2	1	https://www.uniprot.org/uniprotkb/J3QLE2/entry
MAPK-Erk in Growth and Differentation	C-Myc/N-Myc			multi_gene	MYC|MYCN	"[""MYC"", ""MYCN""]"	2	existing		MYC	H0YBG3	1	https://www.uniprot.org/uniprotkb/H0YBG3/entry
NF-kB Signaling	NF-KB p50/52			multi_gene	NFKB1|NFKB2	"[""NFKB1"", ""NFKB2""]"	2	existing		NFKB1	D6RC45	1	https://www.uniprot.org/uniprotkb/D6RC45/entry
NF-kB Signaling	NF-KB p50/52			multi_gene	NFKB1|NFKB2	"[""NFKB1"", ""NFKB2""]"	2	existing		NFKB1	D6RC45	1	https://www.uniprot.org/uniprotkb/D6RC45/entry
NF-kB Signaling	NF-KB p50/52			multi_gene	NFKB1|NFKB2	"[""NFKB1"", ""NFKB2""]"	2	existing		NFKB1	D6RC45	1	https://www.uniprot.org/uniprotkb/D6RC45/entry
NF-kB Signaling	IKBα/θ			multi_gene	NFKBIA|NFKBIE	"[""NFKBIA"", ""NFKBIE""]"	2	existing		NFKBIA	G3V286	1	https://www.uniprot.org/uniprotkb/G3V286/entry
Post-Synaptic Signaling	Neuroligin 1/3			multi_gene	NLGN1|NLGN3	"[""NLGN1"", ""NLGN3""]"	2	existing		NLGN1	C9J4D3	1	https://www.uniprot.org/uniprotkb/C9J4D3/entry
DNA Damage Repair (early version)	PARP			multi_gene	PARP|PARP1	"[""PARP"", ""PARP1""]"	2	existing		PARP1	P09874	1	https://www.uniprot.org/uniprotkb/P09874/entry
DNA Damage Repair (early version)	PARP			multi_gene	PARP|PARP1	"[""PARP"", ""PARP1""]"	2	existing		PARP1	P09874	1	https://www.uniprot.org/uniprotkb/P09874/entry
Protein Acetylation	PEPCK			multi_gene	PCK1|PCK2	"[""PCK1"", ""PCK2""]"	2	existing		PCK1	P35558	1	https://www.uniprot.org/uniprotkb/P35558/entry
Protein Acetylation	PEPCK			multi_gene	PCK1|PCK2	"[""PCK1"", ""PCK2""]"	2	existing		PCK1	P35558	1	https://www.uniprot.org/uniprotkb/P35558/entry
Warburg Effect	Pyruvate Dehydrogenase			multi_gene	PDH|PDHA1	"[""PDH"", ""PDHA1""]"	2	existing		PDHA1	P08559	1	https://www.uniprot.org/uniprotkb/P08559/entry
Mitochondrial Dysfunction_interactive icons	PIN			multi_gene	PINK1|PRKN	"[""PINK1"", ""PRKN""]"	2	forced_fill	Best-effort mitophagy node (PINK1/Parkin axis).	PINK1	Q9BXM7	1	https://www.uniprot.org/uniprotkb/Q9BXM7/entry
MAPK-Erk in Growth and Differentation	PLCγ			multi_gene	PLCG1|PLCG2	"[""PLCG1"", ""PLCG2""]"	2	existing		PLCG1	M0QX77	1	https://www.uniprot.org/uniprotkb/M0QX77/entry
Phosphoinositide Signaling	PLCγ			multi_gene	PLCG1|PLCG2	"[""PLCG1"", ""PLCG2""]"	2	existing		PLCG1	M0QX77	1	https://www.uniprot.org/uniprotkb/M0QX77/entry
Regulation of Actin Dynamics	PLCγ			multi_gene	PLCG1|PLCG2	"[""PLCG1"", ""PLCG2""]"	2	existing		PLCG1	M0QX77	1	https://www.uniprot.org/uniprotkb/M0QX77/entry
Angiogenesis	PLCλ			multi_gene	PLCH1|PLCH2	"[""PLCH1"", ""PLCH2""]"	2	forced_fill	Best-effort closest human PLC branch for lambda-style node.	PLCH1	Q4KWH8	1	https://www.uniprot.org/uniprotkb/Q4KWH8/entry
Notch Signaling	O-Fut			multi_gene	POFUT1|POFUT2	"[""POFUT1"", ""POFUT2""]"	2	forced_fill	Protein O-fucosyltransferases.	POFUT1	Q9H488	1	https://www.uniprot.org/uniprotkb/Q9H488/entry
RNA LifeCycle Diagram	CTD			multi_gene	POLR2A|POLR2B	"[""POLR2A"", ""POLR2B""]"	2	forced_fill	RNA polymerase II CTD-bearing large subunits; POLR2A is primary.	POLR2A	P24928	1	https://www.uniprot.org/uniprotkb/P24928/entry
TGF-B Signaling	PP2A			multi_gene	PPP2CA|PPP2CB	"[""PPP2CA"", ""PPP2CB""]"	2	existing		PPP2CA	B3KQ51	1	https://www.uniprot.org/uniprotkb/B3KQ51/entry
Post-Synaptic Signaling	PKG			multi_gene	PRKG1|PRKG2	"[""PRKG1"", ""PRKG2""]"	2	pathway_override	PKG family at synapse.	PRKG1	B1ALS0	1	https://www.uniprot.org/uniprotkb/B1ALS0/entry
Nuclear Receptor	PRMT/CARM			multi_gene	PRMT1|PRMT4	"[""PRMT1"", ""PRMT4""]"	2	forced_fill	PRMT1 plus CARM1/PRMT4.	PRMT1	E9PIE2	1	https://www.uniprot.org/uniprotkb/E9PIE2/entry
Nuclear Receptor	PRMT/CARM			multi_gene	PRMT1|PRMT4	"[""PRMT1"", ""PRMT4""]"	2	forced_fill	PRMT1 plus CARM1/PRMT4.	PRMT1	E9PIE2	1	https://www.uniprot.org/uniprotkb/E9PIE2/entry
Nuclear Receptor	PRMT/CARM			multi_gene	PRMT1|PRMT4	"[""PRMT1"", ""PRMT4""]"	2	forced_fill	PRMT1 plus CARM1/PRMT4.	PRMT1	E9PIE2	1	https://www.uniprot.org/uniprotkb/E9PIE2/entry
Adherens Junction Dynamics	RaIA			multi_gene	RALA|RALB	"[""RALA"", ""RALB""]"	2	forced_fill	Likely RalA/RalB node.	RALA	C9JPE8	1	https://www.uniprot.org/uniprotkb/C9JPE8/entry
G Protein-Coupled Receptors Signaling to MAPK-Erk	RasGRF			multi_gene	RASGRF1|RASGRF2	"[""RASGRF1"", ""RASGRF2""]"	2	forced_fill	RasGRF family.	RASGRF1	Q13972	1	https://www.uniprot.org/uniprotkb/Q13972/entry
Mitochondrial Dysfunction_interactive icons	MIRO			multi_gene	RHOT1|RHOT2	"[""RHOT1"", ""RHOT2""]"	2	forced_fill	Miro family.	RHOT1	H7BXZ6	1	https://www.uniprot.org/uniprotkb/H7BXZ6/entry
Mitochondrial Dysfunction_interactive icons	MIRO			multi_gene	RHOT1|RHOT2	"[""RHOT1"", ""RHOT2""]"	2	forced_fill	Miro family.	RHOT1	H7BXZ6	1	https://www.uniprot.org/uniprotkb/H7BXZ6/entry
Adherens Junction Dynamics	ROCK			multi_gene	ROCK1|ROCK2	"[""ROCK1"", ""ROCK2""]"	2	existing		ROCK1	J3KRH6	1	https://www.uniprot.org/uniprotkb/J3KRH6/entry
TGF-B Signaling	ROCK			multi_gene	ROCK1|ROCK2	"[""ROCK1"", ""ROCK2""]"	2	existing		ROCK1	J3KRH6	1	https://www.uniprot.org/uniprotkb/J3KRH6/entry
Protein Acetylation	Sin3			multi_gene	SIN3A|SIN3B	"[""SIN3A"", ""SIN3B""]"	2	forced_fill	SIN3 family.	SIN3A	H3BMA2	1	https://www.uniprot.org/uniprotkb/H3BMA2/entry
Wnt-β-Catenin Signaling	Skp			multi_gene	SKP1|SKP2	"[""SKP1"", ""SKP2""]"	2	forced_fill	SCF/Skp node.	SKP1	E5RGM3	1	https://www.uniprot.org/uniprotkb/E5RGM3/entry
G Protein-Coupled Receptors Signaling to MAPK-Erk	RasGEF SOS			multi_gene	SOS1|SOS2	"[""SOS1"", ""SOS2""]"	2	forced_fill	SOS RasGEFs.	SOS1	C9K0N6	1	https://www.uniprot.org/uniprotkb/C9K0N6/entry
B Cell Receptor Signaling	SOS			multi_gene	SOS1|SOS2	"[""SOS1"", ""SOS2""]"	2	existing		SOS1	C9K0N6	1	https://www.uniprot.org/uniprotkb/C9K0N6/entry
CAR Signaling	SOS			multi_gene	SOS1|SOS2	"[""SOS1"", ""SOS2""]"	2	existing		SOS1	C9K0N6	1	https://www.uniprot.org/uniprotkb/C9K0N6/entry
CAR Signaling	SOS			multi_gene	SOS1|SOS2	"[""SOS1"", ""SOS2""]"	2	existing		SOS1	C9K0N6	1	https://www.uniprot.org/uniprotkb/C9K0N6/entry
ErbB-HER Signaling	SOS			multi_gene	SOS1|SOS2	"[""SOS1"", ""SOS2""]"	2	existing		SOS1	C9K0N6	1	https://www.uniprot.org/uniprotkb/C9K0N6/entry
Insulin Receptor Signaling	SOS			multi_gene	SOS1|SOS2	"[""SOS1"", ""SOS2""]"	2	existing		SOS1	C9K0N6	1	https://www.uniprot.org/uniprotkb/C9K0N6/entry
MAPK-Erk in Growth and Differentation	SOS			multi_gene	SOS1|SOS2	"[""SOS1"", ""SOS2""]"	2	existing		SOS1	C9K0N6	1	https://www.uniprot.org/uniprotkb/C9K0N6/entry
MAPK-Erk in Growth and Differentation	SOS			multi_gene	SOS1|SOS2	"[""SOS1"", ""SOS2""]"	2	existing		SOS1	C9K0N6	1	https://www.uniprot.org/uniprotkb/C9K0N6/entry
MAPK-Erk in Growth and Differentation	SOS			multi_gene	SOS1|SOS2	"[""SOS1"", ""SOS2""]"	2	existing		SOS1	C9K0N6	1	https://www.uniprot.org/uniprotkb/C9K0N6/entry
SAPK-JNK Signaling	SOS			multi_gene	SOS1|SOS2	"[""SOS1"", ""SOS2""]"	2	existing		SOS1	C9K0N6	1	https://www.uniprot.org/uniprotkb/C9K0N6/entry
T Cell Receptor Signaling	SOS			multi_gene	SOS1|SOS2	"[""SOS1"", ""SOS2""]"	2	existing		SOS1	C9K0N6	1	https://www.uniprot.org/uniprotkb/C9K0N6/entry
TGF-B Signaling	SOS			multi_gene	SOS1|SOS2	"[""SOS1"", ""SOS2""]"	2	existing		SOS1	C9K0N6	1	https://www.uniprot.org/uniprotkb/C9K0N6/entry
Insulin Receptor Signaling	SREBP			multi_gene	SREBF1|SREBF2	"[""SREBF1"", ""SREBF2""]"	2	existing		SREBF1	F6V242	1	https://www.uniprot.org/uniprotkb/F6V242/entry
Insulin Receptor Signaling	SREBP			multi_gene	SREBF1|SREBF2	"[""SREBF1"", ""SREBF2""]"	2	existing		SREBF1	F6V242	1	https://www.uniprot.org/uniprotkb/F6V242/entry
Warburg Effect	SREBP			multi_gene	SREBF1|SREBF2	"[""SREBF1"", ""SREBF2""]"	2	existing		SREBF1	F6V242	1	https://www.uniprot.org/uniprotkb/F6V242/entry
Vesicle Trafficking	Syntaxin 1			multi_gene	STX1A|STX1B	"[""STX1A"", ""STX1B""]"	2	existing		STX1A	A8MZ54	1	https://www.uniprot.org/uniprotkb/A8MZ54/entry
Vesicle Trafficking	Syntaxin 1			multi_gene	STX1A|STX1B	"[""STX1A"", ""STX1B""]"	2	existing		STX1A	A8MZ54	1	https://www.uniprot.org/uniprotkb/A8MZ54/entry
Vesicle Trafficking	Syntaxin 1			multi_gene	STX1A|STX1B	"[""STX1A"", ""STX1B""]"	2	existing		STX1A	A8MZ54	1	https://www.uniprot.org/uniprotkb/A8MZ54/entry
Vesicle Trafficking	Syntaxin 1			multi_gene	STX1A|STX1B	"[""STX1A"", ""STX1B""]"	2	existing		STX1A	A8MZ54	1	https://www.uniprot.org/uniprotkb/A8MZ54/entry
Dopamine Signaling_interactive icons	Syntaxin1			multi_gene	STX1A|STX1B	"[""STX1A"", ""STX1B""]"	2	existing		STX1A	A8MZ54	1	https://www.uniprot.org/uniprotkb/A8MZ54/entry
Phosphoinositide Signaling	AP2			multi_gene	TFAP2|AP2	"[""TFAP2"", ""AP2""]"	2	existing		TFAP2	P05549	1	https://www.uniprot.org/uniprotkb/P05549/entry
Vesicle Trafficking	AP-2			multi_gene	TFAP2|AP2	"[""TFAP2"", ""AP2""]"	2	existing		TFAP2	P05549	1	https://www.uniprot.org/uniprotkb/P05549/entry
Mitochondrial Dysfunction_interactive icons	MILTON			multi_gene	TRAK1|TRAK2	"[""TRAK1"", ""TRAK2""]"	2	forced_fill	Milton mammalian orthologs.	TRAK1	C9JC32	1	https://www.uniprot.org/uniprotkb/C9JC32/entry
Mitochondrial Dysfunction_interactive icons	MILTON			multi_gene	TRAK1|TRAK2	"[""TRAK1"", ""TRAK2""]"	2	forced_fill	Milton mammalian orthologs.	TRAK1	C9JC32	1	https://www.uniprot.org/uniprotkb/C9JC32/entry
DNA Damage Repair (early version)	Ku			multi_gene	XRCC5|XRCC6	"[""XRCC5"", ""XRCC6""]"	2	forced_fill	Ku70/Ku80 heterodimer.	XRCC5	C9JZ81	1	https://www.uniprot.org/uniprotkb/C9JZ81/entry
RNA LifeCycle Diagram	XM1			multi_gene	XRN1|XRN2	"[""XRN1"", ""XRN2""]"	2	forced_fill	Best-effort exonuclease mapping for XM1.	XRN1	C9JCZ8	1	https://www.uniprot.org/uniprotkb/C9JCZ8/entry
Regulation of Apoptosis	c-IAP			multi_gene	BIRC|BIRC2|BIRC3	"[""BIRC"", ""BIRC2"", ""BIRC3""]"	3	existing		BIRC2	E9PI77	1	https://www.uniprot.org/uniprotkb/E9PI77/entry
Regulation of Apoptosis	c-IAP			multi_gene	BIRC|BIRC2|BIRC3	"[""BIRC"", ""BIRC2"", ""BIRC3""]"	3	existing		BIRC2	E9PI77	1	https://www.uniprot.org/uniprotkb/E9PI77/entry
Inhibition of Apoptosis	Casp-3,-6,-7			multi_gene	CASP3|CASP6|CASP7	"[""CASP3"", ""CASP6"", ""CASP7""]"	3	existing		CASP3	A8MVM1	1	https://www.uniprot.org/uniprotkb/A8MVM1/entry
Regulation of Apoptosis	Casp-3,-6,-7			multi_gene	CASP3|CASP6|CASP7	"[""CASP3"", ""CASP6"", ""CASP7""]"	3	existing		CASP3	A8MVM1	1	https://www.uniprot.org/uniprotkb/A8MVM1/entry
Necrotic Cell Death	Caspase4/5/11			multi_gene	CASP4|CASP5|CASP11	"[""CASP4"", ""CASP5"", ""CASP11""]"	3	existing		CASP4	E9PMT1	1	https://www.uniprot.org/uniprotkb/E9PMT1/entry
Necrotic Cell Death	Pro-caspase4/5/11			multi_gene	CASP4|CASP5|CASP11	"[""CASP4"", ""CASP5"", ""CASP11""]"	3	existing		CASP4	E9PMT1	1	https://www.uniprot.org/uniprotkb/E9PMT1/entry
DNA Methlyation	HP1			multi_gene	CBX1|CBX3|CBX5	"[""CBX1"", ""CBX3"", ""CBX5""]"	3	existing		CBX1	B5MD17	1	https://www.uniprot.org/uniprotkb/B5MD17/entry
G1-S Checkpoint	Cyclin D			multi_gene	CCND1|CCND2|CCND3	"[""CCND1"", ""CCND2"", ""CCND3""]"	3	existing		CCND1	F5H437	1	https://www.uniprot.org/uniprotkb/F5H437/entry
a-Synuclein-mediated ER Stress_interactive icons	IKK			multi_gene	CHUK|IKBKB|IKBKG	"[""CHUK"", ""IKBKB"", ""IKBKG""]"	3	existing		CHUK	O15111	1	https://www.uniprot.org/uniprotkb/O15111/entry
a-Synuclein-mediated ER Stress_interactive icons	IKK			multi_gene	CHUK|IKBKB|IKBKG	"[""CHUK"", ""IKBKB"", ""IKBKG""]"	3	existing		CHUK	O15111	1	https://www.uniprot.org/uniprotkb/O15111/entry
Death Receptor Signaling	IKKα/β/γ			multi_gene	CHUK|IKBKB|IKBKG	"[""CHUK"", ""IKBKB"", ""IKBKG""]"	3	existing		CHUK	O15111	1	https://www.uniprot.org/uniprotkb/O15111/entry
Hippo Signaling ON-OFF	Crb			multi_gene	CRB1|CRB2|CRB3	"[""CRB1"", ""CRB2"", ""CRB3""]"	3	forced_fill	Crumbs family / human ortholog family.	CRB1	F5H0L2	1	https://www.uniprot.org/uniprotkb/F5H0L2/entry
Hippo Signaling ON-OFF	Crb			multi_gene	CRB1|CRB2|CRB3	"[""CRB1"", ""CRB2"", ""CRB3""]"	3	forced_fill	Crumbs family / human ortholog family.	CRB1	F5H0L2	1	https://www.uniprot.org/uniprotkb/F5H0L2/entry
a-Synuclein Aggregation & Phosphorylation_interactive icons	CK2			multi_gene	CSNK2A1|CSNK2A2|CSNK2B	"[""CSNK2A1"", ""CSNK2A2"", ""CSNK2B""]"	3	existing		CSNK2A1	E7EU96	1	https://www.uniprot.org/uniprotkb/E7EU96/entry
Adherens Junction Dynamics	Formin			multi_gene	DIAPH|FMN|FMNL	"[""DIAPH"", ""FMN"", ""FMNL""]"	3	existing		FMN	Q68DA7	1	https://www.uniprot.org/uniprotkb/Q68DA7/entry
Post-Synaptic Signaling	Dystrobrevin			multi_gene	DTNA|DTNB|DTNBP1	"[""DTNA"", ""DTNB"", ""DTNBP1""]"	3	existing		DTNA	K7EIV1	1	https://www.uniprot.org/uniprotkb/K7EIV1/entry
Angiogenesis	PHDs			multi_gene	EGLN1|EGLN2|EGLN3	"[""EGLN1"", ""EGLN2"", ""EGLN3""]"	3	existing		EGLN1	Q9GZT9	1	https://www.uniprot.org/uniprotkb/Q9GZT9/entry
Hypoxia Signaling	PHDs			multi_gene	EGLN1|EGLN2|EGLN3	"[""EGLN1"", ""EGLN2"", ""EGLN3""]"	3	existing		EGLN1	Q9GZT9	1	https://www.uniprot.org/uniprotkb/Q9GZT9/entry
Hypoxia Signaling	PHDs			multi_gene	EGLN1|EGLN2|EGLN3	"[""EGLN1"", ""EGLN2"", ""EGLN3""]"	3	existing		EGLN1	Q9GZT9	1	https://www.uniprot.org/uniprotkb/Q9GZT9/entry
RNA LifeCycle Diagram	4E-BP			multi_gene	EIF4EBP1|EIF4EBP2|EIF4EBP3	"[""EIF4EBP1"", ""EIF4EBP2"", ""EIF4EBP3""]"	3	existing		EIF4EBP1	Q13541	1	https://www.uniprot.org/uniprotkb/Q13541/entry
Hedgehog Signaling	Gai			multi_gene	GNAI1|GNAI2|GNAI3	"[""GNAI1"", ""GNAI2"", ""GNAI3""]"	3	pathway_override	Gi family in Hedgehog context.	GNAI1	P63096	1	https://www.uniprot.org/uniprotkb/P63096/entry
ESC Pluripotency and Differentiation	Gαq/o			multi_gene	GNAQ|GNA11|GNAO1	"[""GNAQ"", ""GNA11"", ""GNAO1""]"	3	existing		GNAQ	B1AM21	1	https://www.uniprot.org/uniprotkb/B1AM21/entry
mTOR Signaling	Gαq/o			multi_gene	GNAQ|GNA11|GNAO1	"[""GNAQ"", ""GNA11"", ""GNAO1""]"	3	existing		GNAQ	B1AM21	1	https://www.uniprot.org/uniprotkb/B1AM21/entry
Regulation of eIF4E and p70 S6 Kinase	Gαq/o			multi_gene	GNAQ|GNA11|GNAO1	"[""GNAQ"", ""GNA11"", ""GNAO1""]"	3	existing		GNAQ	B1AM21	1	https://www.uniprot.org/uniprotkb/B1AM21/entry
Regulation of Microtubule Dynamics	Gαq/o			multi_gene	GNAQ|GNA11|GNAO1	"[""GNAQ"", ""GNA11"", ""GNAO1""]"	3	existing		GNAQ	B1AM21	1	https://www.uniprot.org/uniprotkb/B1AM21/entry
Hypoxia Signaling	HIF-α			multi_gene	HIF1A|EPAS1|HIF3A	"[""HIF1A"", ""EPAS1"", ""HIF3A""]"	3	existing		HIF1A	A8MYV6	1	https://www.uniprot.org/uniprotkb/A8MYV6/entry
Hypoxia Signaling	HIF-α			multi_gene	HIF1A|EPAS1|HIF3A	"[""HIF1A"", ""EPAS1"", ""HIF3A""]"	3	existing		HIF1A	A8MYV6	1	https://www.uniprot.org/uniprotkb/A8MYV6/entry
Hypoxia Signaling	HIF-α			multi_gene	HIF1A|EPAS1|HIF3A	"[""HIF1A"", ""EPAS1"", ""HIF3A""]"	3	existing		HIF1A	A8MYV6	1	https://www.uniprot.org/uniprotkb/A8MYV6/entry
Hypoxia Signaling	HIF-α			multi_gene	HIF1A|EPAS1|HIF3A	"[""HIF1A"", ""EPAS1"", ""HIF3A""]"	3	existing		HIF1A	A8MYV6	1	https://www.uniprot.org/uniprotkb/A8MYV6/entry
Hypoxia Signaling	HIF-α			multi_gene	HIF1A|EPAS1|HIF3A	"[""HIF1A"", ""EPAS1"", ""HIF3A""]"	3	existing		HIF1A	A8MYV6	1	https://www.uniprot.org/uniprotkb/A8MYV6/entry
Hypoxia Signaling	HIF-α			multi_gene	HIF1A|EPAS1|HIF3A	"[""HIF1A"", ""EPAS1"", ""HIF3A""]"	3	existing		HIF1A	A8MYV6	1	https://www.uniprot.org/uniprotkb/A8MYV6/entry
Post-Synaptic Signaling	Homer			multi_gene	HOMER1|HOMER2|HOMER3	"[""HOMER1"", ""HOMER2"", ""HOMER3""]"	3	forced_fill	Homer scaffold family.	HOMER1	Q86YM6	1	https://www.uniprot.org/uniprotkb/Q86YM6/entry
Post-Synaptic Signaling	Homer			multi_gene	HOMER1|HOMER2|HOMER3	"[""HOMER1"", ""HOMER2"", ""HOMER3""]"	3	forced_fill	Homer scaffold family.	HOMER1	Q86YM6	1	https://www.uniprot.org/uniprotkb/Q86YM6/entry
Post-Synaptic Signaling	Homer			multi_gene	HOMER1|HOMER2|HOMER3	"[""HOMER1"", ""HOMER2"", ""HOMER3""]"	3	forced_fill	Homer scaffold family.	HOMER1	Q86YM6	1	https://www.uniprot.org/uniprotkb/Q86YM6/entry
Post-Synaptic Signaling	Homer			multi_gene	HOMER1|HOMER2|HOMER3	"[""HOMER1"", ""HOMER2"", ""HOMER3""]"	3	forced_fill	Homer scaffold family.	HOMER1	Q86YM6	1	https://www.uniprot.org/uniprotkb/Q86YM6/entry
Insulin Receptor Signaling	IRS			multi_gene	IRS1|IRS2|IRS4	"[""IRS1"", ""IRS2"", ""IRS4""]"	3	forced_fill	Human IRS family (IRS3 not functional in human).	IRS1	P35568	1	https://www.uniprot.org/uniprotkb/P35568/entry
G Protein-Coupled Receptors Signaling to MAPK-Erk	MP			multi_gene	MAGED1|SHC1|GRB2	"[""MAGED1"", ""SHC1"", ""GRB2""]"	3	forced_fill	Very ambiguous GPCR/MAPK node; best-effort signaling adaptors.	MAGED1	Q9Y5V3	1	https://www.uniprot.org/uniprotkb/Q9Y5V3/entry
Autophagy	LC3			multi_gene	MAP1LC3A|MAP1LC3B|MAP1LC3C	"[""MAP1LC3A"", ""MAP1LC3B"", ""MAP1LC3C""]"	3	existing		MAP1LC3A	Q9H492	1	https://www.uniprot.org/uniprotkb/Q9H492/entry
Mitochondrial Dysfunction_interactive icons	LC3			multi_gene	MAP1LC3A|MAP1LC3B|MAP1LC3C	"[""MAP1LC3A"", ""MAP1LC3B"", ""MAP1LC3C""]"	3	existing		MAP1LC3A	Q9H492	1	https://www.uniprot.org/uniprotkb/Q9H492/entry
Mitochondrial Dysfunction_interactive icons	LC3			multi_gene	MAP1LC3A|MAP1LC3B|MAP1LC3C	"[""MAP1LC3A"", ""MAP1LC3B"", ""MAP1LC3C""]"	3	existing		MAP1LC3A	Q9H492	1	https://www.uniprot.org/uniprotkb/Q9H492/entry
Mitochondrial Dysfunction_interactive icons	LC3			multi_gene	MAP1LC3A|MAP1LC3B|MAP1LC3C	"[""MAP1LC3A"", ""MAP1LC3B"", ""MAP1LC3C""]"	3	existing		MAP1LC3A	Q9H492	1	https://www.uniprot.org/uniprotkb/Q9H492/entry
Mitochondrial Dysfunction_interactive icons	LC3			multi_gene	MAP1LC3A|MAP1LC3B|MAP1LC3C	"[""MAP1LC3A"", ""MAP1LC3B"", ""MAP1LC3C""]"	3	existing		MAP1LC3A	Q9H492	1	https://www.uniprot.org/uniprotkb/Q9H492/entry
Mitochondrial Dysfunction_interactive icons	LC3			multi_gene	MAP1LC3A|MAP1LC3B|MAP1LC3C	"[""MAP1LC3A"", ""MAP1LC3B"", ""MAP1LC3C""]"	3	existing		MAP1LC3A	Q9H492	1	https://www.uniprot.org/uniprotkb/Q9H492/entry
Mitochondrial Dysfunction_interactive icons	LC3			multi_gene	MAP1LC3A|MAP1LC3B|MAP1LC3C	"[""MAP1LC3A"", ""MAP1LC3B"", ""MAP1LC3C""]"	3	existing		MAP1LC3A	Q9H492	1	https://www.uniprot.org/uniprotkb/Q9H492/entry
Mitochondrial Dysfunction_interactive icons	LC3			multi_gene	MAP1LC3A|MAP1LC3B|MAP1LC3C	"[""MAP1LC3A"", ""MAP1LC3B"", ""MAP1LC3C""]"	3	existing		MAP1LC3A	Q9H492	1	https://www.uniprot.org/uniprotkb/Q9H492/entry
Mitochondrial Dysfunction_interactive icons	LC3			multi_gene	MAP1LC3A|MAP1LC3B|MAP1LC3C	"[""MAP1LC3A"", ""MAP1LC3B"", ""MAP1LC3C""]"	3	existing		MAP1LC3A	Q9H492	1	https://www.uniprot.org/uniprotkb/Q9H492/entry
Mitochondrial Dysfunction_interactive icons	LC3			multi_gene	MAP1LC3A|MAP1LC3B|MAP1LC3C	"[""MAP1LC3A"", ""MAP1LC3B"", ""MAP1LC3C""]"	3	existing		MAP1LC3A	Q9H492	1	https://www.uniprot.org/uniprotkb/Q9H492/entry
Mitochondrial Dysfunction_interactive icons	LC3			multi_gene	MAP1LC3A|MAP1LC3B|MAP1LC3C	"[""MAP1LC3A"", ""MAP1LC3B"", ""MAP1LC3C""]"	3	existing		MAP1LC3A	Q9H492	1	https://www.uniprot.org/uniprotkb/Q9H492/entry
Autophagy	LC3-I			multi_gene	MAP1LC3A|MAP1LC3B|MAP1LC3C	"[""MAP1LC3A"", ""MAP1LC3B"", ""MAP1LC3C""]"	3	existing		MAP1LC3A	Q9H492	1	https://www.uniprot.org/uniprotkb/Q9H492/entry
Autophagy	LC3-II			multi_gene	MAP1LC3A|MAP1LC3B|MAP1LC3C	"[""MAP1LC3A"", ""MAP1LC3B"", ""MAP1LC3C""]"	3	existing		MAP1LC3A	Q9H492	1	https://www.uniprot.org/uniprotkb/Q9H492/entry
Autophagy	LC3-II			multi_gene	MAP1LC3A|MAP1LC3B|MAP1LC3C	"[""MAP1LC3A"", ""MAP1LC3B"", ""MAP1LC3C""]"	3	existing		MAP1LC3A	Q9H492	1	https://www.uniprot.org/uniprotkb/Q9H492/entry
B Cell Receptor Signaling	MEKKs			multi_gene	MAP3K1|MAP3K7|MAP3K14	"[""MAP3K1"", ""MAP3K7"", ""MAP3K14""]"	3	pathway_override	BCR-relevant MEKK/MAP3K candidates.	MAP3K1	Q13233	1	https://www.uniprot.org/uniprotkb/Q13233/entry
Warburg Effect	Malic Enzyme			multi_gene	ME1|ME2|ME3	"[""ME1"", ""ME2"", ""ME3""]"	3	existing		ME1	P48163	1	https://www.uniprot.org/uniprotkb/P48163/entry
Glutamine Metabolism	ME			multi_gene	ME1|ME2|ME3	"[""ME1"", ""ME2"", ""ME3""]"	3	forced_fill	Malic enzyme family.	ME1	P48163	1	https://www.uniprot.org/uniprotkb/P48163/entry
Adherens Junction Dynamics	MLC			multi_gene	MYL9|MYL12A|MYL12B	"[""MYL9"", ""MYL12A"", ""MYL12B""]"	3	pathway_override	Myosin regulatory light chains.	MYL9	P24844	1	https://www.uniprot.org/uniprotkb/P24844/entry
TGF-B Signaling	MLC			multi_gene	MYL9|MYL12A|MYL12B	"[""MYL9"", ""MYL12A"", ""MYL12B""]"	3	pathway_override	Myosin regulatory light chains.	MYL9	P24844	1	https://www.uniprot.org/uniprotkb/P24844/entry
Mitochondrial Control of Apoptosis	NatA			multi_gene	NAA10|NAA15|NAA16	"[""NAA10"", ""NAA15"", ""NAA16""]"	3	forced_fill	NatA N-acetyltransferase complex.	NAA10	A8MWP7	1	https://www.uniprot.org/uniprotkb/A8MWP7/entry
RNA LifeCycle Diagram	NCB			multi_gene	NCBP1|NCBP2|NCBP3	"[""NCBP1"", ""NCBP2"", ""NCBP3""]"	3	forced_fill	Nuclear cap-binding complex.	NCBP1	F2Z2T1	1	https://www.uniprot.org/uniprotkb/F2Z2T1/entry
RNA LifeCycle Diagram	NCB			multi_gene	NCBP1|NCBP2|NCBP3	"[""NCBP1"", ""NCBP2"", ""NCBP3""]"	3	forced_fill	Nuclear cap-binding complex.	NCBP1	F2Z2T1	1	https://www.uniprot.org/uniprotkb/F2Z2T1/entry
RNA LifeCycle Diagram	NCB			multi_gene	NCBP1|NCBP2|NCBP3	"[""NCBP1"", ""NCBP2"", ""NCBP3""]"	3	forced_fill	Nuclear cap-binding complex.	NCBP1	F2Z2T1	1	https://www.uniprot.org/uniprotkb/F2Z2T1/entry
RNA LifeCycle Diagram	NCB			multi_gene	NCBP1|NCBP2|NCBP3	"[""NCBP1"", ""NCBP2"", ""NCBP3""]"	3	forced_fill	Nuclear cap-binding complex.	NCBP1	F2Z2T1	1	https://www.uniprot.org/uniprotkb/F2Z2T1/entry
RNA LifeCycle Diagram	NCB			multi_gene	NCBP1|NCBP2|NCBP3	"[""NCBP1"", ""NCBP2"", ""NCBP3""]"	3	forced_fill	Nuclear cap-binding complex.	NCBP1	F2Z2T1	1	https://www.uniprot.org/uniprotkb/F2Z2T1/entry
RNA LifeCycle Diagram	NCB			multi_gene	NCBP1|NCBP2|NCBP3	"[""NCBP1"", ""NCBP2"", ""NCBP3""]"	3	forced_fill	Nuclear cap-binding complex.	NCBP1	F2Z2T1	1	https://www.uniprot.org/uniprotkb/F2Z2T1/entry
NF-kB Signaling	IKBα/β/θ			multi_gene	NFKBIA|NFKBIB|NFKBIE	"[""NFKBIA"", ""NFKBIB"", ""NFKBIE""]"	3	existing		NFKBIA	G3V286	1	https://www.uniprot.org/uniprotkb/G3V286/entry
NF-kB Signaling	IKBα/β/θ			multi_gene	NFKBIA|NFKBIB|NFKBIE	"[""NFKBIA"", ""NFKBIB"", ""NFKBIE""]"	3	existing		NFKBIA	G3V286	1	https://www.uniprot.org/uniprotkb/G3V286/entry
Post-Synaptic Signaling	Neuroligin 3/4			multi_gene	NLGN3|NLGN4X|NLGN4Y	"[""NLGN3"", ""NLGN4X"", ""NLGN4Y""]"	3	existing		NLGN3	E7EVK0	1	https://www.uniprot.org/uniprotkb/E7EVK0/entry
Post-Synaptic Signaling	Neurexin			multi_gene	NRXN1|NRXN2|NRXN3	"[""NRXN1"", ""NRXN2"", ""NRXN3""]"	3	forced_fill	Neurexin family.	NRXN1	E7EQN4	1	https://www.uniprot.org/uniprotkb/E7EQN4/entry
Post-Synaptic Signaling	Neurexin			multi_gene	NRXN1|NRXN2|NRXN3	"[""NRXN1"", ""NRXN2"", ""NRXN3""]"	3	forced_fill	Neurexin family.	NRXN1	E7EQN4	1	https://www.uniprot.org/uniprotkb/E7EQN4/entry
Post-Synaptic Signaling	Neurexin			multi_gene	NRXN1|NRXN2|NRXN3	"[""NRXN1"", ""NRXN2"", ""NRXN3""]"	3	forced_fill	Neurexin family.	NRXN1	E7EQN4	1	https://www.uniprot.org/uniprotkb/E7EQN4/entry
RNA LifeCycle Diagram	CF1			multi_gene	NUDT21|CPSF6|CPSF7	"[""NUDT21"", ""CPSF6"", ""CPSF7""]"	3	forced_fill	Cleavage factor Im complex.	NUDT21	H3BND3	1	https://www.uniprot.org/uniprotkb/H3BND3/entry
TGF-B Signaling	Par6			multi_gene	PARD6A|PARD6B|PARD6G	"[""PARD6A"", ""PARD6B"", ""PARD6G""]"	3	forced_fill	Par6 family.	PARD6A	Q9NPB6	1	https://www.uniprot.org/uniprotkb/Q9NPB6/entry
Necrotic Cell Death	Pellino			multi_gene	PELI1|PELI2|PELI3	"[""PELI1"", ""PELI2"", ""PELI3""]"	3	forced_fill	Pellino family.	PELI1	Q96FA3	1	https://www.uniprot.org/uniprotkb/Q96FA3/entry
Necrotic Cell Death	Pellino			multi_gene	PELI1|PELI2|PELI3	"[""PELI1"", ""PELI2"", ""PELI3""]"	3	forced_fill	Pellino family.	PELI1	Q96FA3	1	https://www.uniprot.org/uniprotkb/Q96FA3/entry
NF-kB Signaling	Pellino			multi_gene	PELI1|PELI2|PELI3	"[""PELI1"", ""PELI2"", ""PELI3""]"	3	forced_fill	Pellino family.	PELI1	Q96FA3	1	https://www.uniprot.org/uniprotkb/Q96FA3/entry
Glutamine Metabolism	PFK			multi_gene	PFKL|PFKM|PFKP	"[""PFKL"", ""PFKM"", ""PFKP""]"	3	existing		PFKL	F8WEU2	1	https://www.uniprot.org/uniprotkb/F8WEU2/entry
Warburg Effect	PFK			multi_gene	PFKL|PFKM|PFKP	"[""PFKL"", ""PFKM"", ""PFKP""]"	3	existing		PFKL	F8WEU2	1	https://www.uniprot.org/uniprotkb/F8WEU2/entry
B Cell Receptor Signaling	p85			multi_gene	PIK3R1|PIK3R2|PIK3R3	"[""PIK3R1"", ""PIK3R2"", ""PIK3R3""]"	3	existing		PIK3R1	B3KWZ7	1	https://www.uniprot.org/uniprotkb/B3KWZ7/entry
Insulin Receptor Signaling	p85			multi_gene	PIK3R1|PIK3R2|PIK3R3	"[""PIK3R1"", ""PIK3R2"", ""PIK3R3""]"	3	existing		PIK3R1	B3KWZ7	1	https://www.uniprot.org/uniprotkb/B3KWZ7/entry
Phosphoinositide Signaling	PIP5K I			multi_gene	PIP5K1A|PIP5K1B|PIP5K1C	"[""PIP5K1A"", ""PIP5K1B"", ""PIP5K1C""]"	3	forced_fill	Type I phosphatidylinositol-4-phosphate 5-kinases.	PIP5K1A	A2A5X0	1	https://www.uniprot.org/uniprotkb/A2A5X0/entry
RNA LifeCycle Diagram	POL			multi_gene	POLR1A|POLR2A|POLR3A	"[""POLR1A"", ""POLR2A"", ""POLR3A""]"	3	forced_fill	Collapsed RNA polymerase catalytic subunits.	POLR1A	B9ZVN9	1	https://www.uniprot.org/uniprotkb/B9ZVN9/entry
Post-Synaptic Signaling	PP2B			multi_gene	PPP3CA|PPP3CB|PPP3CC	"[""PPP3CA"", ""PPP3CB"", ""PPP3CC""]"	3	forced_fill	Calcineurin catalytic subunits.	PPP3CA	E7ETC2	1	https://www.uniprot.org/uniprotkb/E7ETC2/entry
Mitochondrial Dysfunction_interactive icons	PKA			multi_gene	PRKACA|PRKACB|PRKACG	"[""PRKACA"", ""PRKACB"", ""PRKACG""]"	3	existing		PRKACA	B7Z708	1	https://www.uniprot.org/uniprotkb/B7Z708/entry
DNA Methlyation	CoREST			multi_gene	RCOR1|RCOR2|RCOR3	"[""RCOR1"", ""RCOR2"", ""RCOR3""]"	3	existing		RCOR1	H0YNY4	1	https://www.uniprot.org/uniprotkb/H0YNY4/entry
Hedgehog Signaling	Hh			multi_gene	SHH|IHH|DHH	"[""SHH"", ""IHH"", ""DHH""]"	3	forced_fill	Hedgehog ligands.	SHH	C9JC48	1	https://www.uniprot.org/uniprotkb/C9JC48/entry
Hedgehog Signaling	HhN			multi_gene	SHH|IHH|DHH	"[""SHH"", ""IHH"", ""DHH""]"	3	forced_fill	N-terminal Hedgehog ligand forms collapsed to ligand genes.	SHH	C9JC48	1	https://www.uniprot.org/uniprotkb/C9JC48/entry
Hedgehog Signaling	HhN			multi_gene	SHH|IHH|DHH	"[""SHH"", ""IHH"", ""DHH""]"	3	forced_fill	N-terminal Hedgehog ligand forms collapsed to ligand genes.	SHH	C9JC48	1	https://www.uniprot.org/uniprotkb/C9JC48/entry
Hedgehog Signaling	HhN			multi_gene	SHH|IHH|DHH	"[""SHH"", ""IHH"", ""DHH""]"	3	forced_fill	N-terminal Hedgehog ligand forms collapsed to ligand genes.	SHH	C9JC48	1	https://www.uniprot.org/uniprotkb/C9JC48/entry
RNA LifeCycle Diagram	U1			multi_gene	SNRNP70|SNRPA|SNRPC	"[""SNRNP70"", ""SNRPA"", ""SNRPC""]"	3	forced_fill	Core U1 snRNP proteins.	SNRNP70	M0QX04	1	https://www.uniprot.org/uniprotkb/M0QX04/entry
RNA LifeCycle Diagram	U1			multi_gene	SNRNP70|SNRPA|SNRPC	"[""SNRNP70"", ""SNRPA"", ""SNRPC""]"	3	forced_fill	Core U1 snRNP proteins.	SNRNP70	M0QX04	1	https://www.uniprot.org/uniprotkb/M0QX04/entry
G1-S Checkpoint	DP-1			multi_gene	TFDP1|TFDP2|TFDP3	"[""TFDP1"", ""TFDP2"", ""TFDP3""]"	3	forced_fill	DP/E2F dimerization partner family.	TFDP1	F5H452	1	https://www.uniprot.org/uniprotkb/F5H452/entry
G1-S Checkpoint	DP-1			multi_gene	TFDP1|TFDP2|TFDP3	"[""TFDP1"", ""TFDP2"", ""TFDP3""]"	3	forced_fill	DP/E2F dimerization partner family.	TFDP1	F5H452	1	https://www.uniprot.org/uniprotkb/F5H452/entry
Dopamine Signaling_interactive icons	AC			multi_gene	ADCY1|ADCY5|ADCY6|ADCY8	"[""ADCY1"", ""ADCY5"", ""ADCY6"", ""ADCY8""]"	4	pathway_override	Neuronal/dopamine-biased adenylyl cyclases.	ADCY1	C9J1J0	1	https://www.uniprot.org/uniprotkb/C9J1J0/entry
Autophagy	Atg4			multi_gene	ATG4A|ATG4B|ATG4C|ATG4D	"[""ATG4A"", ""ATG4B"", ""ATG4C"", ""ATG4D""]"	4	existing		ATG4A	F8W7J2	1	https://www.uniprot.org/uniprotkb/F8W7J2/entry
Regulation of Microtubule Dynamics	ICIS			multi_gene	AURKB|INCENP|CDCA8|BIRC5	"[""AURKB"", ""INCENP"", ""CDCA8"", ""BIRC5""]"	4	forced_fill	Best-effort inner-centromere / chromosome passenger complex mapping.	AURKB	J3KRF8	1	https://www.uniprot.org/uniprotkb/J3KRF8/entry
Wnt-β-Catenin Signaling	DKKs			multi_gene	DKK1|DKK2|DKK3|DKK4	"[""DKK1"", ""DKK2"", ""DKK3"", ""DKK4""]"	4	forced_fill	Dickkopf family.	DKK1	O94907	1	https://www.uniprot.org/uniprotkb/O94907/entry
Hippo Signaling ON-OFF	Gαi/o			multi_gene	GNAI1|GNAI2|GNAI3|GNAO1	"[""GNAI1"", ""GNAI2"", ""GNAI3"", ""GNAO1""]"	4	existing		GNAI1	P63096	1	https://www.uniprot.org/uniprotkb/P63096/entry
Regulation of Actin Dynamics	Gq			multi_gene	GNAQ|GNA11|GNA14|GNA15	"[""GNAQ"", ""GNA11"", ""GNA14"", ""GNA15""]"	4	forced_fill	Gq/11 family.	GNAQ	B1AM21	1	https://www.uniprot.org/uniprotkb/B1AM21/entry
Warburg Effect	Hexokinase			multi_gene	HK1|HK2|HK3|GCK	"[""HK1"", ""HK2"", ""HK3"", ""GCK""]"	4	existing		HK1	B1AR62	1	https://www.uniprot.org/uniprotkb/B1AR62/entry
Warburg Effect	Hexokinase			multi_gene	HK1|HK2|HK3|GCK	"[""HK1"", ""HK2"", ""HK3"", ""GCK""]"	4	existing		HK1	B1AR62	1	https://www.uniprot.org/uniprotkb/B1AR62/entry
Glutamine Metabolism	HK			multi_gene	HK1|HK2|HK3|GCK	"[""HK1"", ""HK2"", ""HK3"", ""GCK""]"	4	existing		HK1	B1AR62	1	https://www.uniprot.org/uniprotkb/B1AR62/entry
Nuclear Receptor	HSP90			multi_gene	HSP90AA1|HSP90AB1|TRAP1|HSP90B1	"[""HSP90AA1"", ""HSP90AB1"", ""TRAP1"", ""HSP90B1""]"	4	existing		HSP90AA1	G3V2J8	1	https://www.uniprot.org/uniprotkb/G3V2J8/entry
Nuclear Receptor	HSP90			multi_gene	HSP90AA1|HSP90AB1|TRAP1|HSP90B1	"[""HSP90AA1"", ""HSP90AB1"", ""TRAP1"", ""HSP90B1""]"	4	existing		HSP90AA1	G3V2J8	1	https://www.uniprot.org/uniprotkb/G3V2J8/entry
Wnt-β-Catenin Signaling	PAR-1			multi_gene	MARK1|MARK2|MARK3|MARK4	"[""MARK1"", ""MARK2"", ""MARK3"", ""MARK4""]"	4	forced_fill	PAR-1 / MARK family.	MARK1	B4DIB3	1	https://www.uniprot.org/uniprotkb/B4DIB3/entry
AMPK Signaling	Myosin			multi_gene	MYH9|MYH10|MYH14|MYLK	"[""MYH9"", ""MYH10"", ""MYH14"", ""MYLK""]"	4	pathway_override	Non-muscle myosin plus MLCK in AMPK/cytoskeletal context.	MYH9	B1AH99	1	https://www.uniprot.org/uniprotkb/B1AH99/entry
Hypoxia Signaling	PDGF			multi_gene	PDGFA|PDGFB|PDGFC|PDGFD	"[""PDGFA"", ""PDGFB"", ""PDGFC"", ""PDGFD""]"	4	existing		PDGFA	H7BYW6	1	https://www.uniprot.org/uniprotkb/H7BYW6/entry
Warburg Effect	PDHK			multi_gene	PDK1|PDK2|PDK3|PDK4	"[""PDK1"", ""PDK2"", ""PDK3"", ""PDK4""]"	4	existing		PDK1	C9IYB4	1	https://www.uniprot.org/uniprotkb/C9IYB4/entry
Regulation of Actin Dynamics	Sema1a			multi_gene	SEMA3A|SEMA3F|SEMA4D|SEMA6A	"[""SEMA3A"", ""SEMA3F"", ""SEMA4D"", ""SEMA6A""]"	4	forced_fill	Best-effort human semaphorin analog set.	SEMA3A	C9J9C4	1	https://www.uniprot.org/uniprotkb/C9J9C4/entry
Warburg Effect	ANT			multi_gene	SLC25A4|SLC25A5|SLC25A6|SLC25A31	"[""SLC25A4"", ""SLC25A5"", ""SLC25A6"", ""SLC25A31""]"	4	existing		SLC25A4	P12235	1	https://www.uniprot.org/uniprotkb/P12235/entry
Warburg Effect	ANT			multi_gene	SLC25A4|SLC25A5|SLC25A6|SLC25A31	"[""SLC25A4"", ""SLC25A5"", ""SLC25A6"", ""SLC25A31""]"	4	existing		SLC25A4	P12235	1	https://www.uniprot.org/uniprotkb/P12235/entry
Wnt-β-Catenin Signaling	Groucho			multi_gene	TLE1|TLE2|TLE3|TLE4	"[""TLE1"", ""TLE2"", ""TLE3"", ""TLE4""]"	4	forced_fill	Human Groucho/TLE homologs.	TLE1	F6T2C8	1	https://www.uniprot.org/uniprotkb/F6T2C8/entry
Wnt-β-Catenin Signaling	Groucho			multi_gene	TLE1|TLE2|TLE3|TLE4	"[""TLE1"", ""TLE2"", ""TLE3"", ""TLE4""]"	4	forced_fill	Human Groucho/TLE homologs.	TLE1	F6T2C8	1	https://www.uniprot.org/uniprotkb/F6T2C8/entry
Mitochondrial Dysfunction_interactive icons	TOM			multi_gene	TOMM20|TOMM22|TOMM40|TOMM70	"[""TOMM20"", ""TOMM22"", ""TOMM40"", ""TOMM70""]"	4	forced_fill	TOM translocase components.	TOMM20	Q15388	1	https://www.uniprot.org/uniprotkb/Q15388/entry
Mitochondrial Dysfunction_interactive icons	TOM			multi_gene	TOMM20|TOMM22|TOMM40|TOMM70	"[""TOMM20"", ""TOMM22"", ""TOMM40"", ""TOMM70""]"	4	forced_fill	TOM translocase components.	TOMM20	Q15388	1	https://www.uniprot.org/uniprotkb/Q15388/entry
G Protein-Coupled Receptors Signaling to MAPK-Erk	CaMKII,-IV			multi_gene	CAMK2A|CAMK2B|CAMK2D|CAMK2G|CAMK4	"[""CAMK2A"", ""CAMK2B"", ""CAMK2D"", ""CAMK2G"", ""CAMK4""]"	5	existing		CAMK2A	D6RFJ0	1	https://www.uniprot.org/uniprotkb/D6RFJ0/entry
Post-Synaptic Signaling	GLYR			multi_gene	GLRA1|GLRA2|GLRA3|GLRA4|GLRB	"[""GLRA1"", ""GLRA2"", ""GLRA3"", ""GLRA4"", ""GLRB""]"	5	forced_fill	Glycine receptor subunits.	GLRA1	E5RJ70	1	https://www.uniprot.org/uniprotkb/E5RJ70/entry
B Cell Receptor Signaling	PIR-B			multi_gene	LILRB1|LILRB2|LILRB3|LILRB4|LILRB5	"[""LILRB1"", ""LILRB2"", ""LILRB3"", ""LILRB4"", ""LILRB5""]"	5	forced_fill	Best-effort human ortholog family for mouse PIR-B.	LILRB1	A8MVE2	1	https://www.uniprot.org/uniprotkb/A8MVE2/entry
SAPK-JNK Signaling	MLKs			multi_gene	MAP3K9|MAP3K10|MAP3K11|MAP3K12|MAP3K13	"[""MAP3K9"", ""MAP3K10"", ""MAP3K11"", ""MAP3K12"", ""MAP3K13""]"	5	forced_fill	Mixed-lineage kinase family.	MAP3K9	G3V347	1	https://www.uniprot.org/uniprotkb/G3V347/entry
Hippo Signaling ON-OFF	MAPK			multi_gene	MAPK1|MAPK3|MAPK8|MAPK9|MAPK10	"[""MAPK1"", ""MAPK3"", ""MAPK8"", ""MAPK9"", ""MAPK10""]"	5	pathway_override	Hippo crosstalk with ERK/JNK branches.	MAPK1	P28482	1	https://www.uniprot.org/uniprotkb/P28482/entry
Hippo Signaling ON-OFF	PAR			multi_gene	PARD3|PARD3B|PARD6A|PARD6B|PARD6G	"[""PARD3"", ""PARD3B"", ""PARD6A"", ""PARD6B"", ""PARD6G""]"	5	forced_fill	PAR polarity complex genes.	PARD3	B1AP52	1	https://www.uniprot.org/uniprotkb/B1AP52/entry
MAPK-Erk in Growth and Differentation	PP1/PP2At			multi_gene	PPP1CA|PPP1CB|PPP1CC|PPP2CA|PPP2CB	"[""PPP1CA"", ""PPP1CB"", ""PPP1CC"", ""PPP2CA"", ""PPP2CB""]"	5	forced_fill	PP1 catalytic plus PP2A catalytic subunits.	PPP1CA	E9PMD7	1	https://www.uniprot.org/uniprotkb/E9PMD7/entry
Amyloid Plaque and NeuroFibrillary Tangle Formation in Alzeimer_s Disease	γ-Secretase			multi_gene	PSEN1|PSEN2|NCSTN|APH1A|PSENEN	"[""PSEN1"", ""PSEN2"", ""NCSTN"", ""APH1A"", ""PSENEN""]"	5	existing		PSEN1	G3V2B1	1	https://www.uniprot.org/uniprotkb/G3V2B1/entry
Amyloid Plaque and NeuroFibrillary Tangle Formation in Alzeimer_s Disease	γ-Secretase			multi_gene	PSEN1|PSEN2|NCSTN|APH1A|PSENEN	"[""PSEN1"", ""PSEN2"", ""NCSTN"", ""APH1A"", ""PSENEN""]"	5	existing		PSEN1	G3V2B1	1	https://www.uniprot.org/uniprotkb/G3V2B1/entry
ESC Pluripotency and Differentiation	γ-Secretase			multi_gene	PSEN1|PSEN2|NCSTN|APH1A|PSENEN	"[""PSEN1"", ""PSEN2"", ""NCSTN"", ""APH1A"", ""PSENEN""]"	5	existing		PSEN1	G3V2B1	1	https://www.uniprot.org/uniprotkb/G3V2B1/entry
Molecular and Cellular Biology of Alzheimer’s Disease	γ-Secretase			multi_gene	PSEN1|PSEN2|NCSTN|APH1A|PSENEN	"[""PSEN1"", ""PSEN2"", ""NCSTN"", ""APH1A"", ""PSENEN""]"	5	existing		PSEN1	G3V2B1	1	https://www.uniprot.org/uniprotkb/G3V2B1/entry
Molecular and Cellular Biology of Alzheimer’s Disease	γ-Secretase			multi_gene	PSEN1|PSEN2|NCSTN|APH1A|PSENEN	"[""PSEN1"", ""PSEN2"", ""NCSTN"", ""APH1A"", ""PSENEN""]"	5	existing		PSEN1	G3V2B1	1	https://www.uniprot.org/uniprotkb/G3V2B1/entry
Neuronal Activity-dependent APP Processing	γ-Secretase			multi_gene	PSEN1|PSEN2|NCSTN|APH1A|PSENEN	"[""PSEN1"", ""PSEN2"", ""NCSTN"", ""APH1A"", ""PSENEN""]"	5	existing		PSEN1	G3V2B1	1	https://www.uniprot.org/uniprotkb/G3V2B1/entry
Neuronal Activity-dependent APP Processing	γ-Secretase			multi_gene	PSEN1|PSEN2|NCSTN|APH1A|PSENEN	"[""PSEN1"", ""PSEN2"", ""NCSTN"", ""APH1A"", ""PSENEN""]"	5	existing		PSEN1	G3V2B1	1	https://www.uniprot.org/uniprotkb/G3V2B1/entry
B Cell Receptor Signaling	Rap			multi_gene	RAP1A|RAP1B|RAP2A|RAP2B|RAP2C	"[""RAP1A"", ""RAP1B"", ""RAP2A"", ""RAP2B"", ""RAP2C""]"	5	forced_fill	Rap small GTPases.	RAP1A	P62834	1	https://www.uniprot.org/uniprotkb/P62834/entry
Vesicle Trafficking	EAAT			multi_gene	SLC1A1|SLC1A2|SLC1A3|SLC1A6|SLC1A7	"[""SLC1A1"", ""SLC1A2"", ""SLC1A3"", ""SLC1A6"", ""SLC1A7""]"	5	forced_fill	Excitatory amino acid transporter family.	SLC1A1	H0Y7R2	1	https://www.uniprot.org/uniprotkb/H0Y7R2/entry
Post-Synaptic Signaling	Syntrophin			multi_gene	SNTA1|SNTB1|SNTB2|SNTG1|SNTG2	"[""SNTA1"", ""SNTB1"", ""SNTB2"", ""SNTG1"", ""SNTG2""]"	5	existing		SNTA1	Q13424	1	https://www.uniprot.org/uniprotkb/Q13424/entry
G Protein-Coupled Receptors Signaling to MAPK-Erk	AC			multi_gene	ADCY1|ADCY2|ADCY3|ADCY5|ADCY6|ADCY9	"[""ADCY1"", ""ADCY2"", ""ADCY3"", ""ADCY5"", ""ADCY6"", ""ADCY9""]"	6	pathway_override	Common GPCR-linked adenylyl cyclases.	ADCY1	C9J1J0	1	https://www.uniprot.org/uniprotkb/C9J1J0/entry
Hippo Signaling ON-OFF	MAPK4Ks			multi_gene	MAP4K1|MAP4K2|MAP4K3|MAP4K4|MAP4K5|MINK1|TNIK	"[""MAP4K1"", ""MAP4K2"", ""MAP4K3"", ""MAP4K4"", ""MAP4K5"", ""MINK1"", ""TNIK""]"	7	forced_fill	MAP4K family / related HGK-MINK-TNIK branch.	MAP4K1	K7EJS6	1	https://www.uniprot.org/uniprotkb/K7EJS6/entry
Protein Acetylation	Sirtuins			multi_gene	SIRT1|SIRT2|SIRT3|SIRT4|SIRT5|SIRT6|SIRT7	"[""SIRT1"", ""SIRT2"", ""SIRT3"", ""SIRT4"", ""SIRT5"", ""SIRT6"", ""SIRT7""]"	7	forced_fill	Sirtuin family.	SIRT1	B0QZ35	1	https://www.uniprot.org/uniprotkb/B0QZ35/entry
Hypoxia Signaling	TCR			multi_gene	TRAC|TRBC1|TRBC2|CD3D|CD3E|CD3G|CD247	"[""TRAC"", ""TRBC1"", ""TRBC2"", ""CD3D"", ""CD3E"", ""CD3G"", ""CD247""]"	7	forced_fill	T-cell receptor complex genes.	TRAC	P01848	1	https://www.uniprot.org/uniprotkb/P01848/entry
NF-kB Signaling	TCR			multi_gene	TRAC|TRBC1|TRBC2|CD3D|CD3E|CD3G|CD247	"[""TRAC"", ""TRBC1"", ""TRBC2"", ""CD3D"", ""CD3E"", ""CD3G"", ""CD247""]"	7	forced_fill	T-cell receptor complex genes.	TRAC	P01848	1	https://www.uniprot.org/uniprotkb/P01848/entry
Vesicle Trafficking	VAMP			multi_gene	VAMP1|VAMP2|VAMP3|VAMP4|VAMP5|VAMP7|VAMP8	"[""VAMP1"", ""VAMP2"", ""VAMP3"", ""VAMP4"", ""VAMP5"", ""VAMP7"", ""VAMP8""]"	7	forced_fill	VAMP family.	VAMP1	F5GZV7	1	https://www.uniprot.org/uniprotkb/F5GZV7/entry
Vesicle Trafficking	VAMP			multi_gene	VAMP1|VAMP2|VAMP3|VAMP4|VAMP5|VAMP7|VAMP8	"[""VAMP1"", ""VAMP2"", ""VAMP3"", ""VAMP4"", ""VAMP5"", ""VAMP7"", ""VAMP8""]"	7	forced_fill	VAMP family.	VAMP1	F5GZV7	1	https://www.uniprot.org/uniprotkb/F5GZV7/entry
Vesicle Trafficking	VAMP			multi_gene	VAMP1|VAMP2|VAMP3|VAMP4|VAMP5|VAMP7|VAMP8	"[""VAMP1"", ""VAMP2"", ""VAMP3"", ""VAMP4"", ""VAMP5"", ""VAMP7"", ""VAMP8""]"	7	forced_fill	VAMP family.	VAMP1	F5GZV7	1	https://www.uniprot.org/uniprotkb/F5GZV7/entry
Vesicle Trafficking	VAMP			multi_gene	VAMP1|VAMP2|VAMP3|VAMP4|VAMP5|VAMP7|VAMP8	"[""VAMP1"", ""VAMP2"", ""VAMP3"", ""VAMP4"", ""VAMP5"", ""VAMP7"", ""VAMP8""]"	7	forced_fill	VAMP family.	VAMP1	F5GZV7	1	https://www.uniprot.org/uniprotkb/F5GZV7/entry
Vesicle Trafficking	VAMP			multi_gene	VAMP1|VAMP2|VAMP3|VAMP4|VAMP5|VAMP7|VAMP8	"[""VAMP1"", ""VAMP2"", ""VAMP3"", ""VAMP4"", ""VAMP5"", ""VAMP7"", ""VAMP8""]"	7	forced_fill	VAMP family.	VAMP1	F5GZV7	1	https://www.uniprot.org/uniprotkb/F5GZV7/entry
Vesicle Trafficking	VAMP			multi_gene	VAMP1|VAMP2|VAMP3|VAMP4|VAMP5|VAMP7|VAMP8	"[""VAMP1"", ""VAMP2"", ""VAMP3"", ""VAMP4"", ""VAMP5"", ""VAMP7"", ""VAMP8""]"	7	forced_fill	VAMP family.	VAMP1	F5GZV7	1	https://www.uniprot.org/uniprotkb/F5GZV7/entry
Examples of Crosstalk Between Post-Translational Modifications	14-3-3			multi_gene	YWHAB|YWHAE|YWHAG|YWHAH|YWHAQ|YWHAZ|SFN	"[""YWHAB"", ""YWHAE"", ""YWHAG"", ""YWHAH"", ""YWHAQ"", ""YWHAZ"", ""SFN""]"	7	existing		YWHAB	P31946	1	https://www.uniprot.org/uniprotkb/P31946/entry
G2-M DNA Damage Checkpoint	14-3-3			multi_gene	YWHAB|YWHAE|YWHAG|YWHAH|YWHAQ|YWHAZ|SFN	"[""YWHAB"", ""YWHAE"", ""YWHAG"", ""YWHAH"", ""YWHAQ"", ""YWHAZ"", ""SFN""]"	7	existing		YWHAB	P31946	1	https://www.uniprot.org/uniprotkb/P31946/entry
Hippo Signaling ON-OFF	14-3-3			multi_gene	YWHAB|YWHAE|YWHAG|YWHAH|YWHAQ|YWHAZ|SFN	"[""YWHAB"", ""YWHAE"", ""YWHAG"", ""YWHAH"", ""YWHAQ"", ""YWHAZ"", ""SFN""]"	7	existing		YWHAB	P31946	1	https://www.uniprot.org/uniprotkb/P31946/entry
Hippo Signaling ON-OFF	14-3-3			multi_gene	YWHAB|YWHAE|YWHAG|YWHAH|YWHAQ|YWHAZ|SFN	"[""YWHAB"", ""YWHAE"", ""YWHAG"", ""YWHAH"", ""YWHAQ"", ""YWHAZ"", ""SFN""]"	7	existing		YWHAB	P31946	1	https://www.uniprot.org/uniprotkb/P31946/entry
Hippo Signaling ON-OFF	14-3-3			multi_gene	YWHAB|YWHAE|YWHAG|YWHAH|YWHAQ|YWHAZ|SFN	"[""YWHAB"", ""YWHAE"", ""YWHAG"", ""YWHAH"", ""YWHAQ"", ""YWHAZ"", ""SFN""]"	7	existing		YWHAB	P31946	1	https://www.uniprot.org/uniprotkb/P31946/entry
Insulin Receptor Signaling	14-3-3			multi_gene	YWHAB|YWHAE|YWHAG|YWHAH|YWHAQ|YWHAZ|SFN	"[""YWHAB"", ""YWHAE"", ""YWHAG"", ""YWHAH"", ""YWHAQ"", ""YWHAZ"", ""SFN""]"	7	existing		YWHAB	P31946	1	https://www.uniprot.org/uniprotkb/P31946/entry
Insulin Receptor Signaling	14-3-3			multi_gene	YWHAB|YWHAE|YWHAG|YWHAH|YWHAQ|YWHAZ|SFN	"[""YWHAB"", ""YWHAE"", ""YWHAG"", ""YWHAH"", ""YWHAQ"", ""YWHAZ"", ""SFN""]"	7	existing		YWHAB	P31946	1	https://www.uniprot.org/uniprotkb/P31946/entry
MAPK-Erk in Growth and Differentation	14-3-3			multi_gene	YWHAB|YWHAE|YWHAG|YWHAH|YWHAQ|YWHAZ|SFN	"[""YWHAB"", ""YWHAE"", ""YWHAG"", ""YWHAH"", ""YWHAQ"", ""YWHAZ"", ""SFN""]"	7	existing		YWHAB	P31946	1	https://www.uniprot.org/uniprotkb/P31946/entry
Mitochondrial Control of Apoptosis	14-3-3			multi_gene	YWHAB|YWHAE|YWHAG|YWHAH|YWHAQ|YWHAZ|SFN	"[""YWHAB"", ""YWHAE"", ""YWHAG"", ""YWHAH"", ""YWHAQ"", ""YWHAZ"", ""SFN""]"	7	existing		YWHAB	P31946	1	https://www.uniprot.org/uniprotkb/P31946/entry
Mitochondrial Control of Apoptosis	14-3-3			multi_gene	YWHAB|YWHAE|YWHAG|YWHAH|YWHAQ|YWHAZ|SFN	"[""YWHAB"", ""YWHAE"", ""YWHAG"", ""YWHAH"", ""YWHAQ"", ""YWHAZ"", ""SFN""]"	7	existing		YWHAB	P31946	1	https://www.uniprot.org/uniprotkb/P31946/entry
PI3 Kinase-Akt Signaling	14-3-3			multi_gene	YWHAB|YWHAE|YWHAG|YWHAH|YWHAQ|YWHAZ|SFN	"[""YWHAB"", ""YWHAE"", ""YWHAG"", ""YWHAH"", ""YWHAQ"", ""YWHAZ"", ""SFN""]"	7	existing		YWHAB	P31946	1	https://www.uniprot.org/uniprotkb/P31946/entry
Regulation of Apoptosis	14-3-3			multi_gene	YWHAB|YWHAE|YWHAG|YWHAH|YWHAQ|YWHAZ|SFN	"[""YWHAB"", ""YWHAE"", ""YWHAG"", ""YWHAH"", ""YWHAQ"", ""YWHAZ"", ""SFN""]"	7	existing		YWHAB	P31946	1	https://www.uniprot.org/uniprotkb/P31946/entry
SAPK-JNK Signaling	14-3-3			multi_gene	YWHAB|YWHAE|YWHAG|YWHAH|YWHAQ|YWHAZ|SFN	"[""YWHAB"", ""YWHAE"", ""YWHAG"", ""YWHAH"", ""YWHAQ"", ""YWHAZ"", ""SFN""]"	7	existing		YWHAB	P31946	1	https://www.uniprot.org/uniprotkb/P31946/entry
SAPK-JNK Signaling	14-3-3			multi_gene	YWHAB|YWHAE|YWHAG|YWHAH|YWHAQ|YWHAZ|SFN	"[""YWHAB"", ""YWHAE"", ""YWHAG"", ""YWHAH"", ""YWHAQ"", ""YWHAZ"", ""SFN""]"	7	existing		YWHAB	P31946	1	https://www.uniprot.org/uniprotkb/P31946/entry
SAPK-JNK Signaling	14-3-3			multi_gene	YWHAB|YWHAE|YWHAG|YWHAH|YWHAQ|YWHAZ|SFN	"[""YWHAB"", ""YWHAE"", ""YWHAG"", ""YWHAH"", ""YWHAQ"", ""YWHAZ"", ""SFN""]"	7	existing		YWHAB	P31946	1	https://www.uniprot.org/uniprotkb/P31946/entry
SAPK-JNK Signaling	14-3-3			multi_gene	YWHAB|YWHAE|YWHAG|YWHAH|YWHAQ|YWHAZ|SFN	"[""YWHAB"", ""YWHAE"", ""YWHAG"", ""YWHAH"", ""YWHAQ"", ""YWHAZ"", ""SFN""]"	7	existing		YWHAB	P31946	1	https://www.uniprot.org/uniprotkb/P31946/entry
SAPK-JNK Signaling	MAPKKKs			multi_gene	MAP3K1|MAP3K4|MAP3K5|MAP3K7|MAP3K10|MAP3K11|MAP3K12|MAP3K13	"[""MAP3K1"", ""MAP3K4"", ""MAP3K5"", ""MAP3K7"", ""MAP3K10"", ""MAP3K11"", ""MAP3K12"", ""MAP3K13""]"	8	pathway_override	JNK/p38-upstream MAP3Ks.	MAP3K1	Q13233	1	https://www.uniprot.org/uniprotkb/Q13233/entry
SAPK-JNK Signaling	MAPKKKs			multi_gene	MAP3K1|MAP3K4|MAP3K5|MAP3K7|MAP3K10|MAP3K11|MAP3K12|MAP3K13	"[""MAP3K1"", ""MAP3K4"", ""MAP3K5"", ""MAP3K7"", ""MAP3K10"", ""MAP3K11"", ""MAP3K12"", ""MAP3K13""]"	8	pathway_override	JNK/p38-upstream MAP3Ks.	MAP3K1	Q13233	1	https://www.uniprot.org/uniprotkb/Q13233/entry
G Protein-Coupled Receptors Signaling to MAPK-Erk	Src-like			multi_gene	SRC|FYN|YES1|LYN|LCK|HCK|FGR|BLK	"[""SRC"", ""FYN"", ""YES1"", ""LYN"", ""LCK"", ""HCK"", ""FGR"", ""BLK""]"	8	forced_fill	Src-family kinases.	SRC	P12931	1	https://www.uniprot.org/uniprotkb/P12931/entry
Warburg Effect	Glucose Transporters			multi_gene	SLC2A1|SLC2A2|SLC2A3|SLC2A4|SLC2A5|SLC2A6|SLC2A8|SLC2A10|SLC2A12	"[""SLC2A1"", ""SLC2A2"", ""SLC2A3"", ""SLC2A4"", ""SLC2A5"", ""SLC2A6"", ""SLC2A8"", ""SLC2A10"", ""SLC2A12""]"	9	forced_fill	Major GLUT family members.	SLC2A1	A6NL68	1	https://www.uniprot.org/uniprotkb/A6NL68/entry
Ubiquitin-Proteasome	DUBs			multi_gene	USP1|USP7|USP9X|USP14|CYLD|OTUD5|OTUB1|BRCC3|BAP1|ATXN3	"[""USP1"", ""USP7"", ""USP9X"", ""USP14"", ""CYLD"", ""OTUD5"", ""OTUB1"", ""BRCC3"", ""BAP1"", ""ATXN3""]"	10	forced_fill	Representative human deubiquitinases; not exhaustive.	USP1	C9JC88	1	https://www.uniprot.org/uniprotkb/C9JC88/entry
Ubiquitin-Proteasome	DUBs			multi_gene	USP1|USP7|USP9X|USP14|CYLD|OTUD5|OTUB1|BRCC3|BAP1|ATXN3	"[""USP1"", ""USP7"", ""USP9X"", ""USP14"", ""CYLD"", ""OTUD5"", ""OTUB1"", ""BRCC3"", ""BAP1"", ""ATXN3""]"	10	forced_fill	Representative human deubiquitinases; not exhaustive.	USP1	C9JC88	1	https://www.uniprot.org/uniprotkb/C9JC88/entry
DNA Methlyation	HDAC			multi_gene	HDAC1|HDAC2|HDAC3|HDAC4|HDAC5|HDAC6|HDAC7|HDAC8|HDAC9|HDAC10|HDAC11	"[""HDAC1"", ""HDAC2"", ""HDAC3"", ""HDAC4"", ""HDAC5"", ""HDAC6"", ""HDAC7"", ""HDAC8"", ""HDAC9"", ""HDAC10"", ""HDAC11""]"	11	forced_fill	HDAC family.	HDAC1	Q13547	1	https://www.uniprot.org/uniprotkb/Q13547/entry
RNA LifeCycle Diagram	SR			multi_gene	SRSF1|SRSF2|SRSF3|SRSF4|SRSF5|SRSF6|SRSF7|SRSF9|SRSF10|SRSF11|SRSF12	"[""SRSF1"", ""SRSF2"", ""SRSF3"", ""SRSF4"", ""SRSF5"", ""SRSF6"", ""SRSF7"", ""SRSF9"", ""SRSF10"", ""SRSF11"", ""SRSF12""]"	11	forced_fill	SR splicing factor family.	SRSF1	J3KSR8	1	https://www.uniprot.org/uniprotkb/J3KSR8/entry
RNA LifeCycle Diagram	SR			multi_gene	SRSF1|SRSF2|SRSF3|SRSF4|SRSF5|SRSF6|SRSF7|SRSF9|SRSF10|SRSF11|SRSF12	"[""SRSF1"", ""SRSF2"", ""SRSF3"", ""SRSF4"", ""SRSF5"", ""SRSF6"", ""SRSF7"", ""SRSF9"", ""SRSF10"", ""SRSF11"", ""SRSF12""]"	11	forced_fill	SR splicing factor family.	SRSF1	J3KSR8	1	https://www.uniprot.org/uniprotkb/J3KSR8/entry
RNA LifeCycle Diagram	SR			multi_gene	SRSF1|SRSF2|SRSF3|SRSF4|SRSF5|SRSF6|SRSF7|SRSF9|SRSF10|SRSF11|SRSF12	"[""SRSF1"", ""SRSF2"", ""SRSF3"", ""SRSF4"", ""SRSF5"", ""SRSF6"", ""SRSF7"", ""SRSF9"", ""SRSF10"", ""SRSF11"", ""SRSF12""]"	11	forced_fill	SR splicing factor family.	SRSF1	J3KSR8	1	https://www.uniprot.org/uniprotkb/J3KSR8/entry
RNA LifeCycle Diagram	SR			multi_gene	SRSF1|SRSF2|SRSF3|SRSF4|SRSF5|SRSF6|SRSF7|SRSF9|SRSF10|SRSF11|SRSF12	"[""SRSF1"", ""SRSF2"", ""SRSF3"", ""SRSF4"", ""SRSF5"", ""SRSF6"", ""SRSF7"", ""SRSF9"", ""SRSF10"", ""SRSF11"", ""SRSF12""]"	11	forced_fill	SR splicing factor family.	SRSF1	J3KSR8	1	https://www.uniprot.org/uniprotkb/J3KSR8/entry
RNA LifeCycle Diagram	SR			multi_gene	SRSF1|SRSF2|SRSF3|SRSF4|SRSF5|SRSF6|SRSF7|SRSF9|SRSF10|SRSF11|SRSF12	"[""SRSF1"", ""SRSF2"", ""SRSF3"", ""SRSF4"", ""SRSF5"", ""SRSF6"", ""SRSF7"", ""SRSF9"", ""SRSF10"", ""SRSF11"", ""SRSF12""]"	11	forced_fill	SR splicing factor family.	SRSF1	J3KSR8	1	https://www.uniprot.org/uniprotkb/J3KSR8/entry
RNA LifeCycle Diagram	SR			multi_gene	SRSF1|SRSF2|SRSF3|SRSF4|SRSF5|SRSF6|SRSF7|SRSF9|SRSF10|SRSF11|SRSF12	"[""SRSF1"", ""SRSF2"", ""SRSF3"", ""SRSF4"", ""SRSF5"", ""SRSF6"", ""SRSF7"", ""SRSF9"", ""SRSF10"", ""SRSF11"", ""SRSF12""]"	11	forced_fill	SR splicing factor family.	SRSF1	J3KSR8	1	https://www.uniprot.org/uniprotkb/J3KSR8/entry
RNA LifeCycle Diagram	SR			multi_gene	SRSF1|SRSF2|SRSF3|SRSF4|SRSF5|SRSF6|SRSF7|SRSF9|SRSF10|SRSF11|SRSF12	"[""SRSF1"", ""SRSF2"", ""SRSF3"", ""SRSF4"", ""SRSF5"", ""SRSF6"", ""SRSF7"", ""SRSF9"", ""SRSF10"", ""SRSF11"", ""SRSF12""]"	11	forced_fill	SR splicing factor family.	SRSF1	J3KSR8	1	https://www.uniprot.org/uniprotkb/J3KSR8/entry
RNA LifeCycle Diagram	SR			multi_gene	SRSF1|SRSF2|SRSF3|SRSF4|SRSF5|SRSF6|SRSF7|SRSF9|SRSF10|SRSF11|SRSF12	"[""SRSF1"", ""SRSF2"", ""SRSF3"", ""SRSF4"", ""SRSF5"", ""SRSF6"", ""SRSF7"", ""SRSF9"", ""SRSF10"", ""SRSF11"", ""SRSF12""]"	11	forced_fill	SR splicing factor family.	SRSF1	J3KSR8	1	https://www.uniprot.org/uniprotkb/J3KSR8/entry
RNA LifeCycle Diagram	SR			multi_gene	SRSF1|SRSF2|SRSF3|SRSF4|SRSF5|SRSF6|SRSF7|SRSF9|SRSF10|SRSF11|SRSF12	"[""SRSF1"", ""SRSF2"", ""SRSF3"", ""SRSF4"", ""SRSF5"", ""SRSF6"", ""SRSF7"", ""SRSF9"", ""SRSF10"", ""SRSF11"", ""SRSF12""]"	11	forced_fill	SR splicing factor family.	SRSF1	J3KSR8	1	https://www.uniprot.org/uniprotkb/J3KSR8/entry
RNA LifeCycle Diagram	SR			multi_gene	SRSF1|SRSF2|SRSF3|SRSF4|SRSF5|SRSF6|SRSF7|SRSF9|SRSF10|SRSF11|SRSF12	"[""SRSF1"", ""SRSF2"", ""SRSF3"", ""SRSF4"", ""SRSF5"", ""SRSF6"", ""SRSF7"", ""SRSF9"", ""SRSF10"", ""SRSF11"", ""SRSF12""]"	11	forced_fill	SR splicing factor family.	SRSF1	J3KSR8	1	https://www.uniprot.org/uniprotkb/J3KSR8/entry
RNA LifeCycle Diagram	SR			multi_gene	SRSF1|SRSF2|SRSF3|SRSF4|SRSF5|SRSF6|SRSF7|SRSF9|SRSF10|SRSF11|SRSF12	"[""SRSF1"", ""SRSF2"", ""SRSF3"", ""SRSF4"", ""SRSF5"", ""SRSF6"", ""SRSF7"", ""SRSF9"", ""SRSF10"", ""SRSF11"", ""SRSF12""]"	11	forced_fill	SR splicing factor family.	SRSF1	J3KSR8	1	https://www.uniprot.org/uniprotkb/J3KSR8/entry
Dopamine Signaling_interactive icons	β,γ			multi_gene	GNB1|GNB2|GNB3|GNB4|GNB5|GNG2|GNG3|GNG4|GNG5|GNG7|GNG10|GNG11|GNG12|GNG13	"[""GNB1"", ""GNB2"", ""GNB3"", ""GNB4"", ""GNB5"", ""GNG2"", ""GNG3"", ""GNG4"", ""GNG5"", ""GNG7"", ""GNG10"", ""GNG11"", ""GNG12"", ""GNG13""]"	14	forced_fill	G-protein beta/gamma subunits.	GNB1	B1AKQ8	1	https://www.uniprot.org/uniprotkb/B1AKQ8/entry
Dopamine Signaling_interactive icons	β,γ			multi_gene	GNB1|GNB2|GNB3|GNB4|GNB5|GNG2|GNG3|GNG4|GNG5|GNG7|GNG10|GNG11|GNG12|GNG13	"[""GNB1"", ""GNB2"", ""GNB3"", ""GNB4"", ""GNB5"", ""GNG2"", ""GNG3"", ""GNG4"", ""GNG5"", ""GNG7"", ""GNG10"", ""GNG11"", ""GNG12"", ""GNG13""]"	14	forced_fill	G-protein beta/gamma subunits.	GNB1	B1AKQ8	1	https://www.uniprot.org/uniprotkb/B1AKQ8/entry
MAPK-Erk in Growth and Differentation	H3 Histone			multi_gene	H3C1|H3C2|H3C3|H3C4|H3C6|H3C7|H3C8|H3C10|H3C11|H3C12|H3C13|H3C14|H3C15|H3-3A|H3-3B	"[""H3C1"", ""H3C2"", ""H3C3"", ""H3C4"", ""H3C6"", ""H3C7"", ""H3C8"", ""H3C10"", ""H3C11"", ""H3C12"", ""H3C13"", ""H3C14"", ""H3C15"", ""H3-3A"", ""H3-3B""]"	15	forced_fill	Histone H3 genes.	H3C1	P68431	1	https://www.uniprot.org/uniprotkb/P68431/entry
Senescence Signaling	H3K9Me2/3			multi_gene	H3C1|H3C2|H3C3|H3C4|H3C6|H3C7|H3C8|H3C10|H3C11|H3C12|H3C13|H3C14|H3C15|H3-3A|H3-3B	"[""H3C1"", ""H3C2"", ""H3C3"", ""H3C4"", ""H3C6"", ""H3C7"", ""H3C8"", ""H3C10"", ""H3C11"", ""H3C12"", ""H3C13"", ""H3C14"", ""H3C15"", ""H3-3A"", ""H3-3B""]"	15	forced_fill	Modification state mapped back to histone H3 genes.	H3C1	P68431	1	https://www.uniprot.org/uniprotkb/P68431/entry
Ubiquitin-Proteasome	E3			multi_gene	CBL|CBLB|ITCH|NEDD4|NEDD4L|HUWE1|TRAF6|RNF8|RNF168|FBXW7|SKP2|MDM2|BIRC2|BIRC3|XIAP|TRIM25	"[""CBL"", ""CBLB"", ""ITCH"", ""NEDD4"", ""NEDD4L"", ""HUWE1"", ""TRAF6"", ""RNF8"", ""RNF168"", ""FBXW7"", ""SKP2"", ""MDM2"", ""BIRC2"", ""BIRC3"", ""XIAP"", ""TRIM25""]"	16	forced_fill	Representative E3 ligases; not exhaustive.	CBL	P22681	1	https://www.uniprot.org/uniprotkb/P22681/entry
Ubiquitin-Proteasome	E3			multi_gene	CBL|CBLB|ITCH|NEDD4|NEDD4L|HUWE1|TRAF6|RNF8|RNF168|FBXW7|SKP2|MDM2|BIRC2|BIRC3|XIAP|TRIM25	"[""CBL"", ""CBLB"", ""ITCH"", ""NEDD4"", ""NEDD4L"", ""HUWE1"", ""TRAF6"", ""RNF8"", ""RNF168"", ""FBXW7"", ""SKP2"", ""MDM2"", ""BIRC2"", ""BIRC3"", ""XIAP"", ""TRIM25""]"	16	forced_fill	Representative E3 ligases; not exhaustive.	CBL	P22681	1	https://www.uniprot.org/uniprotkb/P22681/entry
ESC Pluripotency and Differentiation	Polycomb			multi_gene	BMI1|PCGF2|PCGF4|RING1|RNF2|CBX2|CBX4|CBX6|CBX7|CBX8|PHC1|PHC2|PHC3|EZH1|EZH2|SUZ12|EED	"[""BMI1"", ""PCGF2"", ""PCGF4"", ""RING1"", ""RNF2"", ""CBX2"", ""CBX4"", ""CBX6"", ""CBX7"", ""CBX8"", ""PHC1"", ""PHC2"", ""PHC3"", ""EZH1"", ""EZH2"", ""SUZ12"", ""EED""]"	17	forced_fill	Representative PRC1/PRC2 components.	BMI1	P35226	1	https://www.uniprot.org/uniprotkb/P35226/entry
PI3 Kinase-Akt Signaling	GABAAR			multi_gene	GABRA1|GABRA2|GABRA3|GABRA4|GABRA5|GABRA6|GABRB1|GABRB2|GABRB3|GABRG1|GABRG2|GABRG3|GABRD|GABRE|GABRP|GABRQ|GABRR1|GABRR2|GABRR3	"[""GABRA1"", ""GABRA2"", ""GABRA3"", ""GABRA4"", ""GABRA5"", ""GABRA6"", ""GABRB1"", ""GABRB2"", ""GABRB3"", ""GABRG1"", ""GABRG2"", ""GABRG3"", ""GABRD"", ""GABRE"", ""GABRP"", ""GABRQ"", ""GABRR1"", ""GABRR2"", ""GABRR3""]"	19	pathway_override	Assumed GABAA receptor family.	GABRA1	E5RHL6	1	https://www.uniprot.org/uniprotkb/E5RHL6/entry
Post-Synaptic Signaling	GABAR			multi_gene	GABRA1|GABRA2|GABRA3|GABRA4|GABRA5|GABRA6|GABRB1|GABRB2|GABRB3|GABRG1|GABRG2|GABRG3|GABRD|GABRE|GABRP|GABRQ|GABRR1|GABRR2|GABRR3	"[""GABRA1"", ""GABRA2"", ""GABRA3"", ""GABRA4"", ""GABRA5"", ""GABRA6"", ""GABRB1"", ""GABRB2"", ""GABRB3"", ""GABRG1"", ""GABRG2"", ""GABRG3"", ""GABRD"", ""GABRE"", ""GABRP"", ""GABRQ"", ""GABRR1"", ""GABRR2"", ""GABRR3""]"	19	pathway_override	Assumed GABAA receptor family for postsynaptic node.	GABRA1	E5RHL6	1	https://www.uniprot.org/uniprotkb/E5RHL6/entry
Post-Synaptic Signaling	GABAR			multi_gene	GABRA1|GABRA2|GABRA3|GABRA4|GABRA5|GABRA6|GABRB1|GABRB2|GABRB3|GABRG1|GABRG2|GABRG3|GABRD|GABRE|GABRP|GABRQ|GABRR1|GABRR2|GABRR3	"[""GABRA1"", ""GABRA2"", ""GABRA3"", ""GABRA4"", ""GABRA5"", ""GABRA6"", ""GABRB1"", ""GABRB2"", ""GABRB3"", ""GABRG1"", ""GABRG2"", ""GABRG3"", ""GABRD"", ""GABRE"", ""GABRP"", ""GABRQ"", ""GABRR1"", ""GABRR2"", ""GABRR3""]"	19	pathway_override	Assumed GABAA receptor family for postsynaptic node.	GABRA1	E5RHL6	1	https://www.uniprot.org/uniprotkb/E5RHL6/entry
Post-Synaptic Signaling	GABAR			multi_gene	GABRA1|GABRA2|GABRA3|GABRA4|GABRA5|GABRA6|GABRB1|GABRB2|GABRB3|GABRG1|GABRG2|GABRG3|GABRD|GABRE|GABRP|GABRQ|GABRR1|GABRR2|GABRR3	"[""GABRA1"", ""GABRA2"", ""GABRA3"", ""GABRA4"", ""GABRA5"", ""GABRA6"", ""GABRB1"", ""GABRB2"", ""GABRB3"", ""GABRG1"", ""GABRG2"", ""GABRG3"", ""GABRD"", ""GABRE"", ""GABRP"", ""GABRQ"", ""GABRR1"", ""GABRR2"", ""GABRR3""]"	19	pathway_override	Assumed GABAA receptor family for postsynaptic node.	GABRA1	E5RHL6	1	https://www.uniprot.org/uniprotkb/E5RHL6/entry
Mitochondrial Dysfunction_interactive icons	CDK			multi_gene	CDK1|CDK2|CDK3|CDK4|CDK5|CDK6|CDK7|CDK8|CDK9|CDK10|CDK11A|CDK11B|CDK12|CDK13|CDK14|CDK15|CDK16|CDK17|CDK18|CDK19|CDK20	"[""CDK1"", ""CDK2"", ""CDK3"", ""CDK4"", ""CDK5"", ""CDK6"", ""CDK7"", ""CDK8"", ""CDK9"", ""CDK10"", ""CDK11A"", ""CDK11B"", ""CDK12"", ""CDK13"", ""CDK14"", ""CDK15"", ""CDK16"", ""CDK17"", ""CDK18"", ""CDK19"", ""CDK20""]"	21	forced_fill	Generic CDK family node.	CDK1	E5RIU6	1	https://www.uniprot.org/uniprotkb/E5RIU6/entry
RNA LifeCycle Diagram	4OS			multi_gene	RPSA|RPS2|RPS3|RPS4X|RPS4Y1|RPS5|RPS6|RPS7|RPS8|RPS9|RPS10|RPS11|RPS12|RPS13|RPS14|RPS15|RPS15A|RPS16|RPS17|RPS18|RPS19|RPS20|RPS21|RPS23|RPS24|RPS25|RPS26|RPS27|RPS27A|RPS28|RPS29	"[""RPSA"", ""RPS2"", ""RPS3"", ""RPS4X"", ""RPS4Y1"", ""RPS5"", ""RPS6"", ""RPS7"", ""RPS8"", ""RPS9"", ""RPS10"", ""RPS11"", ""RPS12"", ""RPS13"", ""RPS14"", ""RPS15"", ""RPS15A"", ""RPS16"", ""RPS17"", ""RPS18"", ""RPS19"", ""RPS20"", ""RPS21"", ""RPS23"", ""RPS24"", ""RPS25"", ""RPS26"", ""RPS27"", ""RPS27A"", ""RPS28"", ""RPS29""]"	31	forced_fill	Interpreted as 40S ribosomal subunit / cytosolic RPS family.	RPSA	C9J9K3	1	https://www.uniprot.org/uniprotkb/C9J9K3/entry
