Uniprot_ID,Gene Symbol,C: 853_0hr_x-y_853_1hr,C: 853_0hr_x-y_853_4hr,C: 853_0hr_x-y_853_12hr,C: 853_0hr_x-y_853_24hr,C: 853_0hr_x-y_853_72hr
Q76L83,ASXL2,-0.20209,-0.237947,-0.460919,-0.43243,-0.595481
O60341,KDM1A,-0.253164,-0.248998,-0.149881,-0.299738,-0.224597
Q99453,PHX2B,1.58243,0.731394,0.97314,1.6233,1.03752
Q96JP5,ZFP91,-0.285265,-0.162527,-0.15204,-0.108292,-0.119548
Q8N697,S15A4,-0.192904,0.0371716,0.619546,0.594211,0.217505
Q9Y4H2,IRS2,0.644325,0.489665,0.0354285,-0.0833459,0.600658
P36578,RL4,0.501044,0.50352,0.263835,0.38733,0.507928
Q96T58,MINT,-0.0756235,-0.0474164,0.0121412,-0.0139647,0.0408673
Q6SPF0,SAMD1,-0.272329,0.00640178,0.0123823,-0.24217,-0.25843
Q9ULW3,ABT1,-0.135984,-0.108543,-0.0192275,-0.0191727,0.197011
Q8WUQ7,CATIN,-0.0338836,0.0503163,-0.0860736,0.0131459,0.112871
P82914,RT15,-0.37628,-0.400395,0.0240636,-0.00636506,-0.231852
Q9Y2Y6,TMM98,0.00882602,0.487229,0.521344,0.606435,0.385903
A6NIH7,U119B,0.697481,0.893149,0.61626,0.536436,0.618001
Q9P258,RCC2,0.199047,0.562453,0.23204,0.240308,0.691089
A0A994J7P9,A0A994J7P9,-0.0524611,-0.235467,-0.109929,-0.144166,-0.218843
A0A8V8TMQ1,A0A8V8TMQ1,0.0270669,-0.155245,-0.0147719,-0.0131218,-0.109502
H7C4S4,H7C4S4,0.0810254,0.553617,0.575875,0.50778,0.734979
Q06787-7,FMR1,0.0910826,-0.158034,0.0396206,-0.0507679,-0.217677
P51114-2,FXR1,-0.0610683,-0.210366,-0.13077,-0.151704,-0.351786
Q06787-9,FMR1,-0.259358,-0.510829,-0.475387,-0.241096,-0.594272
A0A3B3ISV4,A0A3B3ISV4,0.488626,0.857865,0.526403,0.507305,-0.0596404
Q13671,RIN1,1.05612,0.982359,0.636968,0.523811,1.04755
P30044,PRDX5,-0.23682,-0.0747681,0.109089,-0.0337749,-0.0674801
Q96L91,EP400,-0.375919,-0.439175,-0.365973,-0.316873,-0.415957
Q6ZTU2-6,E400N,0.677732,-0.139282,0.317973,1.08892,-0.0572231
P52701,MSH6,0.00469375,0.465703,0.0982461,0.159208,0.523943
Q8WWH5,TRUB1,-0.211097,-0.0432153,-0.19771,-0.0747197,-0.0507884
P46459,NSF,-0.294974,-0.2929,-0.12311,-0.178032,-0.182028
Q969G3,SMCE1,-0.462545,-0.680549,-0.454296,-0.533676,-0.654903
Q8N8D1,PDCD7,0.387617,-0.0695798,0.239698,0.174341,-0.158301
Q9Y2W1,TR150,-0.408446,-0.553236,-0.343522,-0.278648,-0.550977
Q9NYF8,BCLF1,-0.516634,-0.728248,-0.404066,-0.338847,-0.458191
Q9NYF8-4,BCLF1,-0.209651,-0.573609,-0.416199,-0.204496,-0.047276
Q00839,HNRPU,-0.455936,-0.494441,-0.217605,-0.215685,-0.330904
Q9BUJ2,HNRL1,-0.641642,-0.61309,-0.331843,-0.304337,-0.440776
Q00839-2,HNRPU,-0.835225,-0.671727,-0.856911,-0.307869,-0.638699
Q86UP3-5,ZFHX4,-0.445836,-0.316861,-0.415806,-0.678642,-0.691627
Q15911,ZFHX3,-0.174486,-0.292763,0.338835,0.420703,-0.222454
O43292,GPAA1,-0.325416,-0.329539,0.0930767,0.0497811,-0.19055
Q9UKX7,NUP50,-0.422017,-0.493486,-0.285482,-0.29095,-0.285464
O95159,ZFPL1,-0.366645,-0.113938,0.0189443,0.159615,-0.315372
Q6P2E9,EDC4,0.288727,0.354059,0.0108612,0.00769758,0.106071
Q9UNF1,MAGD2,0.345329,0.574227,0.0950558,0.00157857,0.4691
Q12816,TROP,0.519815,0.714277,0.411035,0.330725,0.355816
Q9Y5V3,MAGD1,0.359269,0.478386,0.392743,0.393979,0.280699
Q9NQP4,PFD4,0.621033,0.47539,-0.0404096,0.249132,0.470428
Q8N3L3,TXLNB,0.699382,0.925913,0.356326,0.169092,0.584565
Q9H9Y2,RPF1,-0.584959,-0.584116,-0.291825,-0.133937,-0.257049
Q01780,EXOSX,-0.363275,-0.430192,-0.333961,-0.293724,-0.34576
O94826,TOM70,-0.121601,-0.304931,0.27996,0.37854,-0.183575
P13497,BMP1,0.593341,0.239414,-0.54383,-0.317253,-0.184877
Q96PE7,MCEE,-0.246575,0.0590167,0.159021,0.131933,-0.140367
P23381,SYWC,0.670089,0.816427,0.118048,0.170158,0.675262
P35221,CTNA1,-0.0534613,-0.149471,0.0383904,0.0767355,-0.337942
Q96C19,EFHD2,0.219305,0.171658,0.233123,0.200093,0.30496
Q7Z7H5,TMED4,-0.218458,-0.109848,0.0637164,0.101528,-0.179244
Q9BVK6,TMED9,-0.310277,-0.239265,-0.0110199,0.0411148,0.00420356
Q96T51,RUFY1,-0.11313,0.0339856,-0.0635307,-0.051621,0.100337
Q8WXA3,RUFY2,-0.18611,-0.189195,-0.273983,-0.0889266,-0.0860481
Q7L099-3,RUFY3,0.687219,0.631801,-0.0144978,0.0951569,0.210577
P54578,UBP14,0.472269,0.666336,0.0112305,0.0566096,0.34452
Q9H147,TDIF1,-0.298761,-0.125374,-0.247599,-0.469563,-0.542235
Q8N3D4,EH1L1,0.141011,0.309201,0.113317,0.165526,0.19707
Q8NDI1,EHBP1,0.62203,0.782925,0.320331,0.426258,0.523235
P61970,NTF2,0.932641,1.07621,0.474965,0.602548,0.480873
A0A0A0MRM8,A0A0A0MRM8,0.20237,0.226221,-0.0412576,-0.0601544,-0.208068
Q9BR61,ACBD6,0.574821,0.707865,0.404215,0.14818,0.43696
Q8IWS0,PHF6,-0.421519,-0.4154,-0.0966613,-0.150622,0.0735896
Q9Y618,NCOR2,-0.263546,-0.027884,0.0105808,-0.176649,-0.048142
O75376,NCOR1,-0.479686,-0.329982,-0.390274,-0.468691,-0.460283
Q6JQN1,ACD10,-0.310875,-0.265482,-0.055737,-0.0994649,-0.325053
P05091,ALDH2,-0.358155,-0.443793,-0.210612,-0.289453,-0.455787
P30837,AL1B1,-0.595068,-0.671143,-0.253781,-0.229042,-0.418845
Q9UBB5,MBD2,-0.299221,-0.451525,-0.265113,-0.219678,-0.432286
O95983,MBD3,-0.396747,-0.496511,-0.232009,-0.264574,-0.193619
P31948,STIP1,0.515808,0.632636,0.0209322,0.0421429,0.402716
P50502,F10A1,0.666313,0.762609,0.239182,0.227457,0.637727
Q13423,NNTM,-0.164665,-0.300732,0.356205,0.491829,-0.244348
Q96A00,PP14A,-0.527561,-1.9705,-0.511444,-0.214749,-0.855008
Q68DK7,MSL1,0.701566,0.942074,0.604131,0.515161,0.984652
Q96C90,PP14B,2.35553,2.09911,1.35773,1.36925,1.73342
P35251,RFC1,-0.337929,-0.378066,-0.271666,-0.205564,-0.336281
Q9NSE4,SYIM,-0.409579,-0.542211,-0.336153,-0.385232,-0.694974
P10109,ADX,-0.527385,-0.569008,-0.389247,-0.492919,-0.65745
Q92575,UBXN4,-0.471054,-0.496211,-0.250083,-0.206701,-0.489394
O60885,BRD4,-0.565734,-0.613322,-0.512778,-0.578256,-0.708646
Q15059,BRD3,-0.321543,-0.36167,-0.306109,-0.244349,-0.471256
P25440,BRD2,-0.444521,-0.322182,-0.533624,-0.400651,-0.473822
Q14498,RBM39,-0.569792,-0.554432,-0.256547,-0.293945,-0.218882
Q86U06-2,RBM23,-0.74894,-0.0756836,-0.375231,0.362718,0.305288
Q9NX63,MIC19,0.236215,-0.040678,0.812757,1.07303,0.111984
P26641,EF1G,0.661022,0.85669,0.260726,0.24878,0.717016
P31350,RIR2,0.903776,1.13843,0.769162,1.20581,1.29177
Q7LG56,RIR2B,0.68101,0.809433,0.258173,0.122601,0.380056
Q3B7T1,EDRF1,0.786695,0.965987,0.633945,0.165581,0.879791
Q9Y426,C2CD2,-0.002949,-0.39319,-0.228397,-0.328793,-0.463003
P30153,2AAA,0.506195,0.696953,0.168584,0.236442,0.439452
P30154,2AAB,0.44286,0.543708,0.377446,0.216182,0.54801
Q96P48,ARAP1,0.529588,0.676147,0.239702,0.11763,0.441081
P08559,ODPA,-0.40028,-0.55841,-0.144482,-0.244349,-0.49326
Q10570,CPSF1,-0.335668,-0.35084,-0.151509,-0.334266,-0.27613
Q9UK99,FBX3,-0.792342,-0.108608,0.815326,-0.404791,-0.54386
Q99733,NP1L4,0.66256,0.657169,0.192345,0.195369,0.300889
P55209,NP1L1,0.534461,0.783197,0.304721,0.355345,0.667339
Q15262-3,PTPRK,-0.128207,-0.216931,-0.0402055,0.128181,0.225451
Q8N1S5,S39AB,-0.399034,0.168833,0.240938,-0.154672,-0.668961
O15146,MUSK,-0.123295,0.164229,-0.110186,0.0602326,-0.422913
Q03252,LMNB2,-0.289391,-0.451165,0.0106711,0.0791442,-0.384166
P02545,LMNA,-0.455961,-0.675378,-0.237407,-0.137926,-0.594705
P20700,LMNB1,-0.217525,-0.447022,0.0743086,0.0791211,-0.427665
P49006,MRP,-0.417119,-0.69345,-0.175789,0.206532,-0.147154
P29966,MARCS,-0.437576,-0.465195,-0.208805,0.157977,0.154517
Q14978-2,NOLC1,-0.417544,-0.589736,-0.303702,-0.230862,-0.237842
Q9UII4,HERC5,0.349944,0.695214,0.350033,0.125416,0.34918
Q7KZF4,SND1,-0.0522668,-0.045202,-0.10249,-0.0825405,-0.120469
Q9BQC6,RT63,-0.23977,-0.23246,-0.0594456,-0.0965831,-0.27677
Q92618,ZN516,-0.19356,-0.11775,-0.0688429,0.0564959,-0.0805314
P18206,VINC,0.702999,0.879169,0.295373,0.337402,0.577452
Q8IYI6,EXOC8,0.499666,0.318257,-0.209671,-0.238505,-0.0516999
P42858,HD,0.634415,0.725489,0.275239,0.152905,0.43681
P19404,NDUV2,-0.467308,-0.472581,0.375748,0.369137,-0.394304
Q8N201,INT1,-0.142761,0.153039,0.0636828,-0.321119,-0.018651
Q9UBF2,COPG2,0.686203,0.878901,0.278351,0.362364,0.629684
Q9Y678,COPG1,0.80385,0.992225,0.295094,0.239036,0.644513
Q92521,PIGB,-0.203892,-0.353364,0.139431,0.0337162,-0.162888
P54802,ANAG,-0.319812,-0.327922,-0.0354745,-0.263876,-0.35378
O00330,ODPX,-0.517524,-0.603161,-0.301102,-0.353587,-0.582056
P13995,MTDC,-0.463987,-0.627095,-0.464719,-0.322317,-0.055903
Q9H903,MTD2L,-0.888589,-1.193,-0.490335,-0.71454,-0.67954
Q9Y2D5-8,PLAK2,0.0112286,-0.0553284,-0.0608301,0.0574644,0.0319176
Q9Y2D5,PLAK2,0.0344005,0.0232308,-0.0365739,-0.0103784,0.166783
Q9Y2D5-6,PLAK2,-0.0641816,0.0624599,-0.0641222,0.147866,0.137487
O43765,SGTA,0.322531,0.545216,0.261777,0.29944,0.538304
P55060,XPO2,0.58551,0.986558,0.322274,0.344022,0.676189
Q00577,PURA,0.161976,0.176478,-0.0699213,-0.0708938,0.0118258
Q96QR8,PURB,0.168733,0.311,-0.0358,-0.105695,-0.0356359
Q9UJV8,PURG,0.22522,0.415276,0.090101,0.058486,0.126968
Q13889,TF2H3,-0.402321,-0.465274,-0.240406,-0.342135,-0.326683
O95235,KI20A,-0.440733,-0.270268,-0.14009,0.267367,0.224385
Q9HC38-2,GLOD4,0.604178,0.867533,0.247396,0.260986,0.502993
Q53H12,AGK,-0.319093,-0.251403,0.286299,0.397749,-0.273961
Q05086,UBE3A,0.349649,0.466538,0.103398,-0.0246727,0.537908
Q9UNF0,PACN2,0.710626,0.722306,0.15175,0.164619,0.417043
Q53G44,IF44L,0.25613,0.654104,0.0917056,-0.261216,-0.193043
Q8N1B4,VPS52,0.465126,0.943803,0.366915,0.261159,0.663378
O43143,DHX15,-0.263661,-0.294488,-0.240055,-0.226164,-0.132571
O60231,DHX16,-0.256077,-0.0722589,-0.0614343,-0.236138,0.027097
Q5JWF2,GNAS1,-0.229718,-0.345099,-0.139153,-0.0697942,-0.242673
P04899,GNAI2,-0.0966761,-0.195755,0.277054,0.45098,0.0175626
Q14344,GNA13,-0.0470417,-0.0615847,0.0868134,0.10193,-0.358379
F5H658,F5H658,-0.363447,-0.322278,-0.281301,-0.202152,-0.332
P29992,GNA11,-0.109393,-0.358228,0.173668,0.334579,-0.210777
Q9NVE7,PANK4,0.549879,0.460971,0.280486,0.270965,0.29153
P50148,GNAQ,0.108945,-0.279244,0.476873,0.0988483,-0.0509341
A8MTJ3,GNAT3,0.0196757,0.327627,0.740277,0.394773,0.314393
P09471,GNAO,0.0387306,-0.095072,0.2672,0.170233,-0.353776
P63096,GNAI1,0.184827,-0.132755,0.182494,0.0590646,0.111188
P08754,GNAI3,-0.0824871,-0.223903,0.113865,0.0643175,0.0429769
Q03113,GNA12,-0.117244,-0.0726466,0.284716,0.0542333,-0.123692
P30679,GNA15,0.442308,0.600944,0.600791,0.600465,0.236584
A6NHR9,SMHD1,-0.30831,-0.352383,-0.264457,-0.354987,-0.262175
Q7Z2Z2,EFL1,0.611806,0.8032,0.167096,0.179246,0.438987
Q6UUV9,CRTC1,0.311102,0.306969,0.0535629,0.0560868,0.0552907
P17544,ATF7,-0.234311,-0.678574,-0.384869,-0.47736,-0.302558
Q6P1J9,CDC73,-0.405793,-0.372196,-0.319249,-0.445273,-0.258826
P51452,DUS3,0.929231,1.20965,0.66388,0.607413,0.999224
Q9Y277,VDAC3,-0.027123,-0.14462,0.675325,0.662218,-0.0364792
P21796,VDAC1,-0.0839214,-0.143469,0.65609,0.686581,-0.00837064
P45880,VDAC2,-0.0195272,-0.0971558,0.76042,0.802884,0.135762
Q5JSD2,Q5JSD2,1.14637,0.739758,1.37431,1.77294,0.851456
Q9NPP4,NLRC4,-0.180778,-0.341886,0.0870781,0.22475,-0.258182
O95785,WIZ,-0.338037,-0.426788,-0.181191,-0.104997,-0.32023
O95785-3,WIZ,-0.543997,-1.42193,-0.485836,1.00662,-0.536308
Q7Z3D6-2,GLUCM,-0.242632,-0.337395,0.00505686,-0.136391,-0.161476
Q92979,NEP1,-0.479407,-0.538429,-0.285351,-0.334921,-0.117102
O43395,PRPF3,-0.422227,-0.53139,-0.392839,-0.409534,-0.505087
Q9H4W6,COE3,-0.126358,0.0369201,0.240945,0.0642178,-0.11124
Q9NQX3,GEPH,0.489702,0.55506,0.0790069,0.108948,0.371962
Q86VP6,CAND1,0.414021,0.75066,0.286971,0.193888,0.678165
Q96ST3,SIN3A,-0.375023,-0.316847,-0.251383,-0.353057,-0.405178
O75815,BCAR3,0.505486,1.55609,0.844005,0.512333,1.01159
O75182,SIN3B,-0.368501,-0.311366,-0.0996749,-0.198974,-0.431968
Q8NE62,CHDH,-0.248335,0.0131836,0.000844002,0.0623875,-0.0376813
Q8NDF8,PAPD5,-0.199446,-0.111109,-0.137136,-0.0399899,0.029124
Q5XG87,PAPD7,0.265596,0.554111,0.244676,0.293952,0.704543
Q9UIF9,BAZ2A,-0.572033,-0.561499,-0.405382,-0.361475,-0.555893
Q12888,TP53B,-0.436043,-0.472243,-0.224649,-0.388142,-0.496863
Q96QT4,TRPM7,-0.0522883,-0.105022,0.0685658,0.0266469,-0.362956
P78362-2,SRPK2,0.316227,0.286251,0.233786,0.115724,0.238806
Q96SB4,SRPK1,0.526974,0.713247,0.45595,0.377166,0.609285
E9PLM2,E9PLM2,-0.732968,0.319332,0.0743766,-0.479836,-0.713838
Q15293,RCN1,-0.386751,-0.470213,-0.340987,-0.453,-0.364224
O15382,BCAT2,-0.325858,-0.282635,-0.132037,-0.303256,-0.376952
Q9BZL4,PP12C,0.243646,0.195732,0.107412,-0.0443566,0.0864072
P67809,YBOX1,0.578846,0.658371,0.0820055,0.292353,0.507829
P16989,YBOX3,0.350693,0.262884,0.0580957,0.21903,0.330777
Q96QE3,ATAD5,0.193694,0.469078,0.197031,0.135366,0.347774
Q9NZJ5,E2AK3,-0.0937285,-0.13821,-0.336304,-0.102929,-0.391606
Q9BUN8,DERL1,-0.107395,0.0811589,-0.149157,-0.0699704,-0.311119
Q6PK04,CC137,-0.330938,-0.0635126,-0.0590301,-0.0777938,-0.102765
Q9NRL2,BAZ1A,-0.356666,-0.31828,-0.136874,-0.152389,-0.122381
O60784,TOM1,0.0948007,0.198771,0.0908556,0.0846882,0.178653
Q1ED39,KNOP1,-0.43947,-0.482168,-0.363228,-0.220508,-0.297982
Q08357,S20A2,-0.0841463,-0.0843115,0.328637,0.246078,0.17075
Q6VMQ6,MCAF1,-0.285403,-0.252329,-0.156038,-0.27701,-0.201541
P80723,BASP1,-0.302819,-0.620307,-0.107055,0.0190406,-0.131305
Q969T9,WBP2,0.39273,0.146458,0.124555,0.0761132,0.191435
P0DTL6,ZTRF1,0.210577,0.106946,-0.255506,-0.244457,0.00122595
O75569,PRKRA,0.582296,0.468546,0.124985,0.205467,0.104048
Q9NVH0,EXD2,0.051141,-0.0380611,0.137431,0.133699,0.101631
Q8N163,CCAR2,-0.332974,-0.346772,-0.327296,-0.349065,-0.410778
O94776,MTA2,-0.336432,-0.358951,-0.206885,-0.306264,-0.199286
Q13330,MTA1,-0.369915,-0.396594,-0.11135,-0.091285,-0.256527
Q9BTC8,MTA3,-0.474169,-0.546992,-0.219651,-0.311673,-0.391887
E7EV10,E7EV10,0.0791256,-0.660352,0.850159,0.436603,0.251514
P55884,EIF3B,0.52786,0.838098,0.221301,0.104176,0.626517
Q8IZ83,A16A1,0.424927,0.560609,0.00531745,-0.0738649,0.183845
Q12929,EPS8,0.623905,0.477648,0.288922,0.388152,0.533006
Q14554,PDIA5,-0.401179,-0.590686,-0.318438,-0.306227,-0.411904
Q2NKX8,ERC6L,0.397768,0.568597,0.180081,0.224216,0.278231
P06454,PTMA,0.55679,0.852645,0.0732045,0.325538,0.589831
A0A1C7CYX9,A0A1C7CYX9,0.416641,0.459646,0.153116,0.168265,0.263505
Q96JJ3,ELMO2,0.591231,0.782497,0.271392,0.201513,0.195726
Q14195-2,DPYL3,0.56376,0.593504,0.144945,0.253174,0.48239
Q14194,DPYL1,0.563931,0.461702,-0.00950623,0.133821,0.300119
Q9UQ90,SPG7,-0.200018,-0.112457,0.169681,0.0461512,-0.304332
Q9UKS6,PACN3,0.230064,0.176511,0.168397,0.349288,0.20177
Q9Y2A7,NCKP1,0.47489,0.590813,0.289597,0.123333,0.452643
P35475,IDUA,-0.344083,-0.506293,-0.138283,-0.263335,-0.536279
P17480,UBF1,-0.390016,-0.562086,-0.334896,-0.178779,-0.540152
Q2M2I8,AAK1,0.39538,0.614793,0.0833108,0.0940111,0.26953
Q92736,RYR2,0.48867,0.463959,0.174175,0.230551,0.380716
Q9Y316,MEMO1,0.846937,1.08488,0.219498,0.361954,0.630656
A0A096LP25,A0A096LP25,0.408258,0.316257,0.181067,0.0784991,0.249604
Q9NSY1,BMP2K,-0.264626,-0.433285,-0.204716,0.0603595,-0.173338
Q9NW82,WDR70,0.00109053,0.271549,0.111688,0.161133,0.307065
P09496-2,CLCA,0.162438,0.263163,0.017982,0.105158,0.216479
Q5VUB5,F1711,-0.233022,-0.226812,0.226425,0.158641,-0.195148
Q9Y4W6,AFG32,-0.274291,-0.22571,0.0977864,0.155332,-0.306582
P20962,PTMS,-0.0697746,0.324222,-0.0392323,0.0370164,0.317791
Q9UKK6,NXT1,-0.294002,-0.371575,-0.119262,-0.237384,-0.37413
Q9NPF5,DMAP1,-0.451117,-0.505794,-0.400215,-0.40597,-0.418541
P11586,C1TC,0.765459,0.910878,0.267096,0.293953,0.673255
Q6UB35,C1TM,-0.44916,-0.610225,-0.255978,-0.182542,-0.108115
B7ZM99,B7ZM99,-0.523473,-0.66636,-0.310534,-0.306669,-0.229004
Q8IYQ7,THNS1,-0.170756,-0.244124,-0.219321,-0.197908,-0.465145
Q9Y5W8,SNX13,-0.183605,-0.28706,-0.126025,-0.0692987,-0.195534
Q8WUM4,PDC6I,0.411548,0.3977,0.295336,0.153244,0.36241
Q7Z3B4,NUP54,-0.308097,-0.40688,-0.233767,-0.273803,-0.411842
O60337,MARH6,-0.226277,-0.126878,0.184468,-0.182034,-0.237385
Q9UHB6-4,LIMA1,-0.359112,-0.481515,-0.295809,-0.157814,0.0605094
P05997,CO5A2,-0.309859,-0.537933,-0.239798,-0.104653,-0.377388
Q9BT23,LIMD2,0.542549,0.489926,0.468966,0.526157,0.462462
Q9NVR2,INT10,-0.351925,-0.290932,-0.208718,-0.428633,-0.390278
Q9NW13,RBM28,-0.266026,-0.348292,-0.106972,-0.035301,-0.11789
P62917,RL8,0.36236,0.282119,0.0867786,0.277316,0.328402
Q86XN7,PRSR1,-0.338856,-0.393515,-0.204074,-0.110919,-0.258658
P40818,UBP8,0.617626,0.848045,0.227078,0.160045,0.398289
Q9P260,RELCH,0.815123,1.00295,0.200059,0.0396569,0.576476
P42338,PK3CB,0.793454,1.66868,0.742278,0.486301,1.1978
Q8WUY3,PRUN2,0.253366,0.583603,0.281516,0.128644,0.394572
H7C096,H7C096,0.10688,0.445267,-0.0952439,-0.153268,0.350606
P17568,NDUB7,-0.255938,-0.620838,-0.384776,0.558367,-0.312592
Q5VYK3,ECM29,0.404892,0.491166,0.0770116,0.0515099,0.347367
Q9UHV9,PFD2,0.665116,1.04768,0.459684,0.294556,0.841292
O15127,SCAM2,-0.269947,-0.215214,-0.300968,-0.177536,-0.448099
Q8TF61,FBX41,0.197374,0.571612,-0.0336118,-0.0721107,0.134859
O94906,PRP6,-0.44489,-0.501285,-0.362418,-0.415797,-0.502987
Q502W7,CCD38,0.0155351,-0.147878,0.134939,0.176587,-0.0684061
Q9BUK6,MSTO1,0.388853,0.234982,0.0714884,0.0745032,0.218191
Q9UG01,IF172,0.239472,0.272146,0.345661,0.209239,0.301718
Q5U5Q3,MEX3C,0.485674,1.3044,0.568334,0.591414,0.584412
Q13702,RAPSN,-0.0575998,0.110847,0.372634,0.191634,0.373936
Q86TM6,SYVN1,-0.252476,-0.0277336,-0.0444701,0.11539,-0.351061
P33176,KINH,0.682028,0.811569,0.151117,0.167103,0.364558
Q12840,KIF5A,0.536355,0.757862,0.253276,0.17475,0.474271
O60282,KIF5C,0.369508,0.286522,-0.24744,-0.127057,-0.412042
Q6ICG6,K0930,0.0887885,0.573986,-0.129079,0.256015,-0.0827785
Q9Y5G2,PCDGE,0.141348,-0.00713229,0.461253,0.54828,-0.548645
Q9UN67,PCDBA,-0.0913928,0.0170836,0.362756,0.321915,-0.0406814
Q9Y5E9,PCDBE,0.505609,-0.0119901,0.257153,0.6721,0.293002
Q9Y5E4,PCDB5,0.21161,-0.260863,0.061223,0.224999,0.0924211
O75909,CCNK,-0.517994,-0.637442,-0.212894,-0.508556,-0.220971
Q9C0C2,TB182,0.307055,0.142907,-0.057641,-0.013819,0.0450768
Q2T9J0,TYSD1,-0.23495,-0.254903,-0.0336823,-0.109145,-0.447313
Q5VYV7,SLX4I,0.0657036,0.100668,-0.271069,-0.414634,-0.139929
Q96RU3,FNBP1,0.561845,0.795954,0.258417,0.062602,0.315733
P35606,COPB2,0.675889,0.83082,0.264816,0.198892,0.531474
P53985,MOT1,0.451522,0.182272,0.446389,0.626387,0.437823
Q9BY42,RTF2,0.477257,1.22423,0.264449,0.386749,0.63409
Q9Y5Q9,TF3C3,-0.242014,-0.299039,-0.208899,-0.297828,-0.230249
Q9P032,NDUF4,-0.423084,-0.548547,-0.196987,-0.153403,-0.5072
Q9NZN8,CNOT2,0.256871,0.181639,-0.0407658,-0.0589097,0.0504065
Q5HYK3,COQ5,-0.380745,-0.518429,-0.220548,-0.0601091,-0.246125
Q9GZS1,RPA49,-0.409686,-0.860655,-0.27558,-0.27415,-0.226464
P55809,SCOT1,-0.380262,-0.448858,-0.311579,-0.352443,-0.607362
P56192,SYMC,0.435289,0.460837,0.0802503,0.0916326,0.268209
P52272,HNRPM,-0.406257,-0.142556,-0.237426,-0.226099,-0.440121
M0QZM1,M0QZM1,-0.963378,-0.17245,-0.691537,-0.781833,-0.747792
Q8N4A0,GALT4,-0.223542,-0.252378,-0.123709,-0.0761123,-0.377734
Q10471,GALT2,-0.313332,-0.262746,0.0371985,0.00556993,-0.302514
Q7Z7M9,GALT5,-0.152092,-0.114324,0.133033,0.351504,-0.15093
Q13045,FLII,0.617737,0.698535,0.258781,0.206861,0.545274
Q86YR5,GPSM1,0.865678,1.25796,0.516455,0.699648,0.473206
Q9Y4A5,TRRAP,-0.309019,-0.36179,-0.198231,-0.372293,-0.257674
Q96BM9,ARL8A,-0.346212,-0.245186,-0.19402,-0.0890551,-0.456649
Q9NVJ2,ARL8B,-0.738235,-0.702205,-0.276684,-0.441979,-0.483048
Q9NR31,SAR1A,0.148462,0.25063,0.155047,0.105903,0.0896697
Q9Y6B6,SAR1B,1.10601,1.28846,0.650357,0.580486,0.813952
P49257,LMAN1,-0.222671,-0.388887,-0.0446436,0.0223727,-0.223107
Q9Y6Y8,S23IP,0.370503,0.193237,0.0211792,0.104281,0.118
O94830,DDHD2,0.613633,0.687566,0.156613,0.107492,-0.0401051
P50416,CPT1A,-0.23884,-0.16703,0.146614,-0.0475049,-0.313505
O00273,DFFA,0.456082,0.664295,0.296489,0.28101,0.550621
P31040,SDHA,-0.492365,-0.627567,-0.266603,-0.238322,-0.598862
P04406,G3P,0.543252,0.772437,0.20169,0.153004,0.437679
Q4KMQ2,ANO6,-0.0369315,-0.155028,0.110918,0.219454,-0.292166
Q7Z5J4,RAI1,-0.317558,-0.365897,-0.195729,-0.165663,-0.372475
Q9UGU0,TCF20,-0.325933,-0.419763,-0.156675,-0.131394,-0.419819
Q86XP3,DDX42,-0.389749,-0.446832,-0.186444,-0.157272,-0.188953
Q13123,RED,-0.580025,-0.753286,-0.500068,-0.482682,-0.614285
Q14517,FAT1,-0.119981,-0.0437825,0.0561793,0.181601,-0.0771184
Q8TDW7,FAT3,1.61506,1.43337,0.493601,0.849574,0.836072
Q96CT7,CC124,0.803821,0.41627,0.128793,0.299923,0.368956
Q9UKD2,MRT4,-0.369049,-0.397453,-0.113396,-0.0697544,-0.101896
P19623,SPEE,0.576747,0.894021,0.360445,0.406835,0.90293
P26006,ITA3,-0.121733,-0.252667,0.102648,0.0622637,-0.406721
Q92925,SMRD2,-0.466568,-0.480235,-0.354396,-0.388432,-0.502466
Q6STE5,SMRD3,-0.133072,-0.213055,-0.0868945,-0.133643,-0.0953193
Q96GM5,SMRD1,-0.43136,-0.552865,-0.416821,-0.435359,-0.575787
P16401,H15,-0.469643,-0.531273,-0.318655,-0.125471,-0.68845
P16403,H12,-0.60307,-0.74526,-0.405499,-0.117916,-1.03838
P10412,H14,-0.431316,-0.358363,-0.35407,-0.0687447,-0.72
P16402,H13,-0.461531,-0.412711,-0.321146,-0.167245,-0.758298
Q99798,ACON,-0.470929,-0.52183,-0.261655,-0.389205,-0.572072
Q8IWA0,WDR75,-0.427407,-0.636198,-0.193299,-0.148005,-0.207446
Q68DN1,S31H1,0.470444,0.93864,0.64547,0.50886,0.682413
P68104,EF1A1,0.785277,1.02529,0.397962,0.412796,0.911161
Q05639,EF1A2,0.448802,0.494893,0.226861,0.230395,0.671332
Q96D46,NMD3,0.532453,1.30601,0.349811,0.273269,1.12404
O75175,CNOT3,0.110603,0.0240161,-0.266065,-0.152537,-0.133012
Q9Y4K1,CRBG1,0.168472,0.0710096,-0.107599,-0.0414643,0.177979
O75056,SDC3,0.138708,0.0535672,0.0248358,0.296955,-0.366078
P18827,SDC1,-0.683376,-1.11138,-0.504346,0.0465477,-0.188265
P46379,BAG6,0.184079,0.405524,0.10769,0.0665066,0.326957
F6WML8,F6WML8,0.272491,0.360204,0.478858,0.0219867,0.123322
P52758,RIDA,-0.0911438,0.0701995,0.0153055,0.112586,-0.0785272
Q3LXA3,TKFC,0.62284,0.789533,0.308608,0.166121,0.423843
Q96RK0,CIC,-0.296555,-0.119658,-0.105394,-0.22416,-0.331827
P09758,TACD2,0.0200913,0.0577028,0.66041,-0.041621,-0.251782
Q12899,TRI26,0.549399,0.72056,0.148426,0.222802,0.418225
Q93074,MED12,-0.375455,-0.193188,-0.261533,-0.596601,-0.405577
Q14692,BMS1,-0.4583,-0.559462,-0.20276,-0.231082,-0.327178
Q99543,DNJC2,0.670954,0.806988,0.223881,0.240675,0.549953
O95786,RIGI,0.693708,0.803124,0.395824,0.145764,0.408804
Q9UHI6,DDX20,0.369218,0.610415,-0.0168006,0.00686717,0.318525
Q8NI77,KI18A,-0.343278,-0.0190299,-0.129049,0.243099,0.130882
Q86Y91,KI18B,-0.172926,-0.126702,-0.213247,0.506731,0.226183
Q0VDF9,HSP7E,0.765316,1.03222,0.41529,0.379107,0.790999
Q9UMZ2,SYNRG,0.418338,0.436431,0.026552,0.20213,0.288436
Q92499,DDX1,0.0330911,0.0560496,-0.035115,-0.0591893,0.060571
P46926,GNPI1,0.537245,0.700586,0.132361,0.0926113,0.500777
Q8TDQ7,GNPI2,0.633192,0.659552,0.543209,0.190732,0.421662
Q8IYS2,K2013,0.181587,-0.107079,0.0276144,-0.187782,-0.0958338
P28838,AMPL,0.375046,0.314552,-5.32E-05,0.0574768,0.0127416
Q99459,CDC5L,-0.492903,-0.667883,-0.473478,-0.438323,-0.570315
Q9Y646,CBPQ,-0.35838,-0.513463,-0.165107,-0.458547,-0.698183
Q8TEQ6,GEMI5,0.503477,0.58575,0.148636,0.141334,0.571368
Q13523,PRP4K,-0.383371,-0.470836,-0.258003,-0.352217,-0.406278
Q96SB3,NEB2,-0.405342,-0.546343,-0.169762,-0.173805,-0.355309
Q9ULJ8,NEB1,-0.0284352,-0.0309858,0.181751,0.0702264,-0.245979
O75533,SF3B1,-0.346534,-0.439268,-0.130941,-0.198658,-0.185925
O95071,UBR5,-0.265477,-0.263126,-0.201429,-0.354596,-0.0936418
Q9Y4P8,WIPI2,0.543737,0.591293,0.237242,0.168157,0.563781
Q15526,SURF1,-0.171894,-0.313004,0.304725,0.58836,-0.537178
Q5MNZ6,WIPI3,0.0832562,0.267044,-0.119277,-0.157598,0.10527
P07199,CENPB,-0.321572,-0.247883,-0.138339,-0.187289,-0.257416
Q8NHS4,CLHC1,-0.23294,-0.133678,-0.23255,-0.270209,-0.540083
Q8IUD2,RB6I2,0.541615,0.296865,0.0801067,0.114109,0.289704
O15083,ERC2,0.316423,0.27483,0.0435963,0.0119154,0.298334
Q5VU65,P210L,0.749569,0.738683,0.274002,0.122683,0.557944
Q6ZN18,AEBP2,0.152051,0.934514,0.0591252,-0.0584197,0.280429
Q9BW92,SYTM,-0.476767,-0.526405,-0.222423,-0.346333,-0.571418
O00488,ZN593,-0.454529,-0.434407,-0.426906,-0.327271,0.139843
O75446,SAP30,-0.482078,-0.628196,-0.295494,-0.409504,-0.378556
Q15785,TOM34,0.652381,0.717351,0.206988,0.309485,0.625164
J3KN01,J3KN01,0.0980673,-0.0996194,-0.100986,-0.13189,-0.106603
Q14676,MDC1,-0.302702,-0.326055,-0.200192,-0.273818,-0.077302
Q5JRA6,TGO1,-0.376569,-0.388115,-0.176597,-0.0868919,-0.408177
O95782,AP2A1,-0.157247,-0.254768,-0.0390368,-0.114461,-0.216085
O94973,AP2A2,-0.311432,-0.405446,-0.177907,-0.225215,-0.500206
Q460N5,PAR14,0.232944,0.478798,0.173418,-0.262824,0.0754566
O14497,ARI1A,-0.436522,-0.541135,-0.248299,-0.362564,-0.37258
Q8NFD5,ARI1B,-0.377945,-0.435904,-0.198128,-0.308938,-0.356124
Q9BQ69,MACD1,-0.463843,-0.554966,-0.294165,-0.300585,-0.484553
P20618,PSB1,0.193522,0.143191,-0.0680718,-0.117741,0.204875
Q96PV7,F193B,-0.127679,-0.242278,-0.081835,-0.0190237,-0.269803
Q99973,TEP1,-0.127976,-0.473,0.38433,0.249649,-0.055274
O60313-10,OPA1,-0.412441,-0.542729,-0.307683,-0.283582,-0.639314
O95613,PCNT,0.437796,0.610795,0.113383,0.192538,0.36759
O95202,LETM1,-0.493042,-0.554812,-0.236483,-0.128352,-0.590881
Q9Y3D6,FIS1,-0.550361,-0.429959,0.117786,-0.0445483,-0.191398
O43909,EXTL3,-0.244059,-0.322133,-0.0163405,-0.0895152,-0.160783
Q68CQ4,UTP25,-0.294615,-0.448022,-0.341704,-0.281847,-0.197221
P62280,RS11,0.473415,0.667541,0.304856,0.345211,0.519236
Q9HBR0,S38AA,-0.254795,-0.063405,0.346465,0.123379,-0.702318
Q9Y230,RUVB2,0.135076,0.206187,0.0188105,-0.0367572,0.279297
Q8TBX8,PI42C,0.519757,0.655148,-0.0152771,-0.0857706,0.0435133
P78356,PI42B,0.326183,0.203462,-0.00620151,0.00505567,0.122399
P48426,PI42A,0.329297,0.20548,0.179226,0.405084,0.134169
Q8IUH3-3,RBM45,-0.299507,-0.309867,-0.166518,-0.198514,-0.449153
O75390,CISY,-0.577472,-0.71382,-0.363564,-0.32195,-0.652029
F8VWQ5,F8VWQ5,-1.74105,-1.29213,-1.64046,-0.968355,-1.2006
Q9Y2B0,CNPY2,-0.277901,-0.357564,-0.262947,-0.523896,-0.255451
Q9H444,CHM4B,0.524243,0.611128,0.199757,0.307072,0.370884
O95373,IPO7,0.484638,0.770964,0.143668,0.187303,0.591651
P13591,NCAM1,0.354354,0.227629,0.439429,0.630207,0.263556
A0A0D9SF30,A0A0D9SF30,1.11205,0.582828,0.983457,0.757154,0.602204
Q5JSH3,WDR44,0.777833,0.758697,0.0913491,0.141061,0.238093
Q8WZA9,IRGQ,0.465503,0.730898,0.300636,0.345799,0.450852
Q9BYK8,HELZ2,0.278726,0.18929,-0.108963,-0.383675,-0.242884
Q9BRD0,BUD13,-0.17885,-0.227367,-0.166022,0.0380797,-0.19576
P78371,TCPB,0.709842,0.856981,0.321443,0.326634,0.716977
Q9BYJ9,YTHD1,0.221363,-0.0217078,-0.00392723,0.242873,0.0855033
Q7Z739,YTHD3,0.157607,0.0914698,0.0865152,0.0890284,0.341442
Q9Y5A9,YTHD2,0.155853,0.0453615,0.0789483,0.118434,0.296805
Q2TAY7,SMU1,-0.450719,-0.532366,-0.211627,-0.257692,-0.2273
Q53F19,NCBP3,-0.301272,-0.414679,-0.265094,-0.206319,-0.488827
O14727,APAF,0.0999997,-0.233922,-0.0674014,-0.0103912,0.0675378
Q9NPE3,NOP10,-0.159911,0.185514,0.162045,0.0248587,0.156556
Q96PK6,RBM14,-0.520061,-0.582966,-0.351337,-0.267304,-0.637636
Q9BWF3,RBM4,-0.390803,-0.17362,-0.111477,-0.112259,-0.443745
Q9BQ04,RBM4B,-0.33466,-0.530531,0.0614116,-0.316896,-0.19948
Q71F23,CENPU,-0.243312,-0.479983,-0.222199,-0.0351639,-0.156236
Q96HA7,TONSL,-0.0487514,0.114395,0.103384,0.361768,0.37979
Q92804,RBP56,-0.470014,-0.555692,-0.344197,-0.2674,-0.551018
P35637,FUS,-0.26102,-0.385495,-0.402962,-0.233558,-0.394887
Q9UGY1,NOL12,-0.537709,-0.333092,-0.209042,-0.157588,0.0222042
Q9NR28,DBLOH,-0.474411,-0.527085,0.0852301,-0.161492,-0.303022
Q9Y2W6,TDRKH,-0.138312,-0.285734,0.201134,0.446513,-0.219667
P35232,PHB1,-0.11734,-0.0692472,0.717176,0.883486,0.0957923
O00767,SCD,-0.360002,-0.0804152,-0.0315144,-0.317519,-0.679692
O14744,ANM5,0.305777,0.471362,0.10716,0.0450137,0.387002
Q9NPA8,ENY2,0.175052,0.387143,0.324155,0.29006,0.386562
Q96I25,SPF45,-0.418869,-0.404685,-0.295795,-0.352557,-0.341086
Q08380,LG3BP,-0.413892,-0.239092,-0.0855699,-0.335716,-0.375059
Q9NXG0,CNTLN,-0.200398,0.909628,0.35257,-0.0425124,0.125479
Q70CQ2,UBP34,-0.114881,0.087563,-0.00593877,-0.0941098,0.237131
Q7Z3J2,VP35L,0.312724,0.490227,0.29111,0.146722,0.490727
P22234,PUR6,0.619834,0.800011,0.255459,0.283515,0.816166
O43567,RNF13,-0.420451,-0.555612,-0.262536,-0.320792,-0.576245
Q7Z417,NUFP2,0.167898,0.0407367,-0.0787327,-0.0792944,0.0637393
Q13084,RM28,-0.184168,-0.356176,-0.0803981,-0.148303,-0.42944
Q99986,VRK1,-0.357163,-0.102884,-0.233941,-0.119616,0.00157166
Q9HA77,SYCM,-0.448713,-0.56523,-0.296752,-0.379354,-0.676828
Q9H1K1,ISCU,-0.612637,-0.637697,-0.320721,-0.342704,-0.795205
Q6ZMZ3,SYNE3,-0.369207,-0.451371,0.207244,0.0361497,-0.815563
Q9NZC9,SMAL1,-0.039536,0.409907,0.158027,0.122699,0.404404
Q15424,SAFB1,-0.538341,-0.653336,-0.269533,-0.265928,-0.461314
Q14151,SAFB2,-0.488249,-0.651476,-0.314112,-0.247438,-0.466985
Q9NWH9,SLTM,-0.472756,-0.589497,-0.237682,-0.16772,-0.508423
O75197,LRP5,0.58463,1.00799,0.387692,0.625181,0.0607977
P09417,DHPR,0.310678,0.498041,0.118669,0.189105,0.374142
Q9UKP4,ATS7,-0.412915,0.643649,-0.209412,-0.0787017,-0.172298
Q8NFW8,NEUA,-0.341488,-0.258808,-0.0951302,-0.292488,0.0727923
P34897,GLYM,-0.499765,-0.515473,-0.262405,-0.284492,-0.396369
P34896,GLYC,0.87472,1.41331,0.375416,0.3253,0.561389
O95319,CELF2,-0.205729,-0.0274551,-0.15554,-0.150795,-0.257058
O95319-3,CELF2,0.0640671,0.513084,-0.251876,0.343618,-0.55084
Q92879,CELF1,-0.229421,-0.204069,-0.224614,-0.418007,-0.285146
Q6ZNB6,NFXL1,-0.620053,-0.803454,-0.634826,-0.443103,-0.847843
Q96CW5,GCP3,0.631118,0.721228,0.174767,0.307293,0.31464
P12081,HARS1,0.58708,0.692443,0.294938,0.210975,0.506053
P49590,SYHM,-0.509686,-0.543882,-0.26325,-0.388767,-0.478408
Q15057,ACAP2,-1.34389,-0.893775,-1.07527,-0.897012,-1.48139
Q96P50,ACAP3,0.841435,1.39463,0.401842,0.333181,0.89682
P78549,NTH,0.692658,-0.573238,0.923501,0.494477,-0.158378
P09601,HMOX1,-0.423602,-0.399551,-0.11222,0.0887358,-0.248171
Q5M775,CYTSB,-0.10635,-0.085995,-0.121648,-0.0518613,-0.271534
O75643,U520,-0.25702,-0.290139,-0.0526512,-0.218005,-0.109319
Q12872,SFSWA,-0.434915,-0.58181,-0.396098,-0.325442,-0.386698
Q96GD0,PLPP,0.299994,0.450252,0.39456,0.384258,0.216567
P22570,ADRO,-0.553575,-0.642755,-0.411631,-0.416086,-0.637761
Q86V59,PNM8A,0.0512433,0.40231,0.528053,0.191568,0.383009
O00401,WASL,0.772198,0.711189,0.126364,0.126285,0.43687
Q9C0C9,UBE2O,0.748179,0.933175,0.363246,0.298961,0.630905
K7ES11,K7ES11,0.475096,-0.541158,-0.124708,1.19151,1.16296
P78346,RPP30,-0.20707,-0.11335,-0.015671,-0.0518465,0.0166936
P49641,MA2A2,-0.220819,-0.114465,0.145076,0.0926831,-0.639146
Q16706,MA2A1,-0.283369,-0.233702,0.0806403,0.024823,-0.251635
Q9BQ52,RNZ2,-0.0280151,0.194223,0.113514,0.0548937,0.171999
Q9Y5B9,SP16H,-0.299625,-0.15022,-0.109146,-0.0869374,-0.0253999
Q86VN1,VPS36,0.409325,0.728448,0.269552,0.145779,0.40818
P34059,GALNS,-0.234323,-0.420917,-0.555405,-0.410196,-0.955657
P15289,ARSA,-0.214834,-0.394829,-0.445027,-0.454279,-0.660044
Q9P287,BCCIP,0.186837,0.38035,0.152411,0.159154,0.541702
O75592,MYCB2,0.148523,0.0253253,0.0095861,0.0158279,-0.106808
Q3ZAQ7,VMA21,-0.164817,-0.408381,0.0904908,-0.0517392,-0.374085
Q9BVA6,FICD,-0.363711,-0.499796,-0.280074,-0.148384,-0.237531
P48059-3,LIMS1,0.789841,0.863306,0.413579,0.313043,0.690333
Q7Z4I7,LIMS2,0.516484,0.530206,0.433069,0.282396,0.711314
Q5T0F9,C2D1B,0.625191,0.742762,0.330546,0.365967,0.666908
P10636-6,TAU,-1.3835,-2.00604,-1.16264,-1.20197,-1.90817
Q5UIP0,RIF1,-0.499797,-0.55318,-0.252642,-0.305528,-0.301503
P10636-7,TAU,0.0157609,0.293149,-0.451208,-0.562496,0.070035
P61586,RHOA,-0.022599,0.0336418,0.219347,0.354302,0.244386
O15270,SPTC2,-0.409642,-0.102832,-0.30814,-0.535179,-0.498962
P62745,RHOB,-0.00219417,0.099932,0.179608,0.134284,0.231526
O00139,KIF2A,0.0234463,0.052887,-0.205396,-0.0285037,0.0730531
Q99661,KIF2C,0.208174,0.482754,0.104034,0.422794,0.7503
P62851,RS25,0.538806,0.776465,0.204974,0.335772,0.543338
Q13625,ASPP2,0.467306,0.812,0.153217,0.201667,0.353938
Q32P41,TRM5,-0.0350873,0.224006,-0.00505614,0.0516815,0.117917
Q96MT8,CEP63,0.249146,0.590196,0.254481,0.198548,0.145269
Q9UNQ2,DIM1,-0.351955,-0.315171,-0.324419,-0.158168,-0.159849
P42765,THIM,-0.49612,-0.679118,-0.296103,-0.329082,-0.559972
K7ER88,K7ER88,-0.575506,-0.0788634,0.42915,-0.285634,0.779951
Q8TDN4,CABL1,-0.401129,-0.0682805,-0.42246,-0.348359,-0.626333
O95831,AIFM1,-0.534568,-0.695599,-0.333972,-0.278875,-0.66882
Q04637,IF4G1,0.696978,0.801124,0.26795,0.205636,0.71277
A0A8I5KV92,A0A8I5KV92,0.545014,0.589937,0.331321,0.213919,0.422418
P61201,CSN2,0.0643313,0.024936,-0.0542552,-0.0448253,0.0390239
Q7Z589,EMSY,0.0191333,0.180817,-0.0178952,0.0346644,0.0181575
Q9C0H5,RHG39,-0.27201,-0.242405,-0.168714,-0.124095,-0.242608
Q9BUE6,ISCA1,-0.395693,-0.558441,-0.403496,-0.371351,-0.608095
O00231,PSD11,0.217975,0.204221,-0.00528836,-0.121954,0.214006
Q96GQ5,RUSF1,-0.312803,-0.380239,-0.181726,-0.0358095,-0.572855
Q9BUF5,TBB6,0.732506,1.05742,0.407644,0.437582,0.603159
P07437,TBB5,0.563086,0.652274,0.270498,0.356443,0.535072
Q13509,TBB3,0.72127,0.875758,0.347378,0.367929,0.533939
Q13885,TBB2A,0.681436,0.806468,0.362901,0.456056,0.556857
Q9BVA1,TBB2B,0.642967,0.758233,0.291285,0.339621,0.6028
P68371,TBB4B,0.840672,1.0801,0.464932,0.435222,0.650864
P04350,TBB4A,1.17485,0.900237,0.0299478,0.152074,0.209243
O76024,WFS1,-0.13435,-0.255525,-0.0664659,-0.0848219,-0.126066
P54886,P5CS,-0.438561,-0.467764,-0.264938,-0.271991,-0.412868
Q14534,ERG1,-0.357967,-0.175088,-0.596064,-0.178271,-0.305319
P02792,FRIL,-0.408014,-0.284946,0.0783036,-0.179615,0.474375
O60725,ICMT,-0.40907,-0.718509,-0.119118,-0.126534,-0.576506
Q10567,AP1B1,0.00963664,0.0431225,0.0510037,0.0176125,0.143242
P63010,AP2B1,-0.064265,-0.116183,-0.089597,-0.116266,-0.167624
Q9Y2E5,MA2B2,-0.390296,-0.428578,-0.160934,-0.586513,-0.74426
Q6KC79,NIPBL,-0.282764,-0.425493,-0.320836,-0.260619,-0.513357
Q5QJE6,TDIF2,-0.493318,-0.410282,-0.400894,-0.206723,-0.35527
Q9NYL9,TMOD3,0.551158,0.528675,0.29875,0.242162,0.512882
Q9NZR1,TMOD2,0.117513,-0.532477,-0.566457,-0.0479126,-0.234094
P28289,TMOD1,0.446375,0.26334,0.129141,0.126374,0.291879
P15336,ATF2,-0.404462,-0.856584,-0.0764072,-0.33958,-0.760922
Q15398,DLGP5,0.445604,0.509558,0.0606313,0.363082,0.682453
P25787,PSA2,0.115211,0.145354,-0.107513,-0.195195,0.17551
Q92581,SL9A6,0.14947,-0.186142,-0.032937,0.184387,-0.0856862
Q8WXI9,P66B,-0.409993,-0.467905,-0.360085,-0.27742,-0.457944
Q86YP4,P66A,-0.326994,-0.428846,-0.245981,-0.203823,-0.182933
Q86Y07,VRK2,-0.169846,-0.35591,-0.224952,-0.387861,-0.264018
Q9Y6H3,ATP23,-0.469024,-0.689678,0.135862,-0.1856,-0.718391
Q9H115,SNAB,-0.198229,-0.260398,-0.013273,0.0189273,0.0375519
P54920,SNAA,-0.306625,-0.266996,-0.0428867,0.0840929,-0.149521
P46063,RECQ1,-0.0970435,0.123416,-0.0945642,-0.119185,0.35016
P54132,BLM,-0.169194,0.106405,-0.0233581,-0.00100946,0.231475
P08574,CY1,-0.159834,-0.0861924,0.388211,0.413415,-0.156974
Q9BV44,THUM3,0.842647,0.826769,0.44043,0.543417,0.777236
Q9C0H2,TTYH3,-0.088321,-0.0671294,0.0982921,0.0591347,-0.106149
Q9BTC0,DIDO1,-0.497238,-0.664347,-0.589347,-0.547298,-0.594818
Q92576,PHF3,-0.369915,-0.482399,-0.409593,-0.525238,-0.658585
Q8IY81,SPB1,-0.498451,-0.463842,-0.269687,-0.212248,-0.360811
Q765P7,MTSS2,0.145987,0.124676,0.350702,0.312955,0.176591
Q9Y4L1,HYOU1,-0.43301,-0.630491,-0.470334,-0.511856,-0.643549
Q8IWB7,WDFY1,-0.186996,-0.113394,-0.0769582,-0.0340755,-0.014802
Q9BXT5,TEX15,-0.656284,-0.420565,-0.333277,-0.596038,-0.657924
P36915,GNL1,0.741948,1.01193,0.307821,0.219416,0.448324
P49588,SYAC,0.833927,1.03919,0.186756,0.262656,0.753111
Q13641,TPBG,-0.256379,-0.210742,-0.158084,-0.225613,-0.261437
Q6P2Q9,PRP8,-0.151878,-0.112023,0.00888467,-0.126871,-0.0343864
Q92802,N42L2,-0.232784,0.0842524,-0.160801,-0.0556018,-0.264825
O60287,NPA1P,-0.290668,-0.432256,-0.12222,-0.0516841,-0.151334
Q5VW36,FOCAD,0.517109,0.747443,0.327316,0.38758,0.692014
Q14181,DPOA2,0.14287,0.366336,0.237661,0.343405,0.74829
Q14320,FA50A,0.288866,0.579372,0.196319,0.200915,0.545841
P08F94,PKHD1,-0.0778329,-0.301782,0.101546,0.0918405,0.473838
Q9HA65,TBC17,0.435087,0.664934,0.195435,0.470327,0.458597
O00506,STK25,0.225346,0.61787,0.0776029,0.0824199,0.400833
Q9P289,STK26,0.771529,0.673131,0.15939,0.273207,0.557712
Q9Y6E0,STK24,0.484904,0.882715,0.185274,0.0938802,0.540825
Q9NY93,DDX56,-0.392013,-0.454956,-0.0496471,-0.112453,-0.0954092
P56182,RRP1,-0.475296,-0.600094,-0.221891,-0.157731,-0.374104
Q96JN8,NEUL4,-0.0258729,0.0416307,-0.0149627,-0.0924454,-0.199175
Q29RF7,PDS5A,-0.314879,-0.346807,-0.299742,-0.346358,-0.223997
Q9NTI5,PDS5B,-0.381169,-0.485053,-0.27024,-0.257022,-0.341043
A9IYQ1,A9IYQ1,-0.803626,-0.853299,-0.473952,-0.307477,-0.829995
Q8N4C6,NIN,0.0262303,0.438012,-0.0861604,-0.399367,-0.130488
Q9UBP6,TRMB,0.100185,0.591876,0.658101,0.395621,0.986301
Q9Y2R9,RT07,-0.505601,-0.593362,-0.121943,-0.273337,-0.462516
Q8N350,CBARP,-0.46714,1.32565,-0.421558,0.815676,-1.21133
P50914,RL14,0.476872,0.337227,0.379898,0.458297,0.578557
Q8NF37,PCAT1,-0.32111,-0.146229,-0.0089395,0.106668,-0.554619
Q96GQ7,DDX27,-0.734853,-1.14484,-0.421897,-0.493331,-0.702421
Q9Y639,NPTN,-0.183949,-0.103778,0.233615,0.163985,0.119959
P98160,PGBM,-0.335992,-0.356368,-0.207854,-0.557257,-0.969315
Q92947,GCDH,-0.411956,-0.464433,-0.282978,-0.304351,-0.551072
Q14697,GANAB,-0.312433,-0.413597,-0.188114,-0.357286,-0.3444
Q14697-2,GANAB,-0.499613,-0.653552,-0.420998,-0.494692,-0.816775
Q96BH1,RNF25,0.303987,0.45809,0.19656,0.418718,0.340551
Q15181,IPYR,0.787736,0.983593,0.38193,0.468078,0.880272
Q9H2U2,IPYR2,-0.103822,-0.265464,-0.147552,-0.190219,-0.407195
Q15233,NONO,-0.421635,-0.471533,-0.280846,-0.224323,-0.425843
P23246,SFPQ,-0.417505,-0.44054,-0.199341,-0.268193,-0.351714
Q8WXF1,PSPC1,-0.391102,-0.348564,-0.332525,-0.312093,-0.329861
P55265,DSRAD,-0.374972,-0.520359,-0.338474,-0.359945,-0.699579
Q8N612,FHI1B,0.432784,0.648556,-0.0430412,-0.00279284,0.322128
Q9NUD5,ZCHC3,0.445755,-0.162046,-0.152343,-0.180597,0.0229933
P06737,PYGL,0.647191,0.965091,0.365323,0.267045,0.60068
P11216,PYGB,0.864928,1.13263,0.319101,0.0604258,0.478583
Q8N9I9,DTX3,-0.294254,-0.229851,0.0660913,-0.266075,-0.562387
Q9NW75,GPTC2,0.11524,0.832275,0.00587869,0.217507,0.385375
Q5T6F2,UBAP2,0.463303,0.437768,0.0940197,0.153828,0.480058
P54619,AAKG1,0.238878,0.585232,0.131585,0.131377,0.251266
O95793,STAU1,0.249978,0.215239,0.0346217,0.15167,0.134887
Q9NUL3,STAU2,0.073508,0.293386,0.037288,0.0462217,-0.0976827
Q99501,GA2L1,0.348515,0.462084,0.107215,0.155217,-0.112218
Q7L2J0,MEPCE,-0.411593,-0.409593,-0.376305,-0.369027,-0.231938
Q9H0K1,SIK2,0.410879,1.05949,1.02423,0.224993,0.825607
O75691,UTP20,-0.374411,-0.471066,-0.0880551,-0.122926,-0.172241
Q01954,BNC1,-0.153289,0.0024209,-0.115156,-0.0207977,0.150204
Q9H334,FOXP1,-0.939696,-0.40479,-0.323787,-0.866874,-0.803551
P38435,VKGC,-0.301437,-0.162962,0.044328,0.0439389,-0.253865
O14763,TR10B,0.0626464,0.394521,0.296889,0.4776,0.243074
O75694,NU155,-0.34418,-0.406243,-0.0955291,-0.129187,-0.194758
Q96L73,NSD1,-0.196714,-0.021776,-0.158127,-0.200879,-0.32305
Q9BZ95,NSD3,-0.309554,-0.343515,-0.107283,-0.286011,-0.430081
O96028,NSD2,-0.427217,-0.577701,-0.112422,0.12796,-0.250369
Q9ULL8,SHRM4,0.154181,0.0192108,-0.041347,-0.0895717,-0.413929
Q96RT1,ERBIN,-0.175878,-0.252311,-0.075048,-0.0395055,-0.317219
Q9NXF1,TEX10,-0.448729,-0.528636,-0.234656,-0.2259,-0.373585
Q9Y6H1,CHCH2,-0.821607,-0.639608,-0.262939,-0.250221,-0.386573
O95817,BAG3,0.557968,0.389827,-0.0840268,0.124162,0.744134
Q9UBZ9,REV1,-0.197825,-0.274657,0.0268102,0.113894,-0.35029
Q96HS1,PGAM5,-0.295732,-0.361489,-0.031955,-0.00368571,-0.419113
Q9BRP8,PYM1,0.531202,0.484242,0.212509,0.141337,0.359268
P06576,ATPB,-0.484877,-0.61104,-0.29519,-0.249989,-0.617372
H0YI37,H0YI37,-0.804355,-1.04016,-0.408859,-0.162249,-0.360913
P84157,MXRA7,-0.456269,-0.535697,0.485087,0.623456,0.182036
P84157-3,MXRA7,-1.7416,-0.836058,0.86391,-0.00594473,-1.16135
Q969R5,LMBL2,-0.185856,-0.0720942,0.243284,-0.0749776,0.26953
Q05BQ5,MBTD1,0.0966618,0.546787,0.604023,0.512465,0.969075
Q9H3U1,UN45A,0.567343,0.844479,0.304905,0.16811,0.440319
P41440,S19A1,0.287106,0.260312,0.394614,0.755309,0.685432
P37837,TALDO,0.423561,0.896216,0.291489,0.274163,0.665858
P62995,TRA2B,-0.619494,-0.820598,-0.36662,-0.278974,-0.635482
Q13595,TRA2A,-0.403589,-0.402343,-0.0502193,0.0167563,-0.036813
Q8WY91,THAP4,-0.472026,-0.461411,-0.250231,-0.22963,-0.27849
Q8WXA9-2,SREK1,-0.396521,-0.570557,-0.314792,-0.386443,-0.463643
P04075,ALDOA,0.48141,0.719783,0.285841,0.200624,0.560848
P09972,ALDOC,0.479497,0.603326,0.258608,0.144897,0.558266
Q9NW08,RPC2,-0.0624747,-0.112055,-0.0377753,-0.0471199,0.0184104
Q5SXM2,SNPC4,-0.0403454,-0.0882304,-0.0822847,0.0257771,0.126359
A2RRP1,NBAS,-0.351732,-0.373475,-0.115595,-0.154389,-0.358701
Q7Z5K2,WAPL,-0.331792,-0.303496,-0.219889,-0.327149,-0.136534
Q92738,US6NL,-0.0534916,-0.205969,0.155312,0.0271354,-0.22691
Q9P2R7,SUCB1,-0.564899,-0.696069,-0.28888,-0.371644,-0.624579
P62910,RL32,0.519665,0.54571,0.336562,0.496775,0.499607
P19367,HXK1,-0.511037,-0.589025,-0.301829,-0.406951,-0.518875
P52789,HXK2,-0.334018,-0.116507,-0.149525,-0.341724,0.204754
P05362,ICAM1,-0.422199,-0.53842,-0.380437,-0.252051,-0.749094
Q9UKU7,ACAD8,-0.4354,-0.686493,-0.429207,-0.341107,-0.892071
P09622,DLDH,-0.419203,-0.587963,-0.151647,-0.109204,-0.328679
Q16204,CCDC6,0.7851,0.86794,0.227537,0.296457,0.583448
Q969V3,NCLN,-0.415471,-0.444612,-0.0901828,-0.18697,-0.282926
Q9NRF2,SH2B1,0.849033,0.438719,0.464839,0.0892427,0.275092
Q99623,PHB2,-0.0763338,-0.22582,0.590883,0.704202,0.103473
P05455,LA,-0.242812,-0.0691833,-0.0668561,-0.128749,0.281001
P48729-3,KC1A,0.258133,-0.423926,-0.156871,-0.0517452,-0.112967
P48729,KC1A,0.0285811,0.0955014,-0.17842,-0.0324607,0.145272
P78318,IGBP1,0.729174,0.630733,0.262278,0.428995,0.659579
P35914,HMGCL,-0.318829,-0.26508,-0.0832667,-0.21219,-0.549505
P35716,SOX11,-0.311023,-0.41592,-0.0966501,0.563802,-0.268322
Q9UMR2,DD19B,0.647751,0.852564,0.392453,0.34202,0.620763
Q9NUU7,DD19A,0.429712,0.347077,0.0703924,0.335255,0.319506
P49750,YLPM1,-0.453532,-0.602477,-0.331787,-0.346943,-0.636069
Q13642,FHL1,0.319096,0.266967,0.152615,0.0796762,0.395584
Q15642-3,CIP4,0.663054,0.81415,0.293628,0.406008,0.515606
Q8IVM0,CCD50,0.789735,0.792365,0.428836,0.544959,0.761357
Q6NXR4,TTI2,0.544574,-0.229946,-0.11257,-0.161984,0.371878
Q969G5,CAVN3,-0.310361,-0.463373,-0.0153472,-0.0301077,-0.305719
Q9NR56,MBNL1,0.0871396,0.19605,-0.154979,-0.157059,0.0427456
P23588,IF4B,0.684544,0.759676,0.0915825,0.178813,0.505765
Q9UKY7,CDV3,0.678188,0.764592,0.22141,0.315982,0.757635
A0A8I5KX85,A0A8I5KX85,1.33809,0.963451,0.507512,0.532959,1.11048
O00116,ADAS,-0.471842,-0.718755,-0.258232,-0.17658,-0.488115
O00154,BACH,0.547678,0.728663,0.241121,0.174085,0.484108
O75907,DGAT1,-0.0816321,-0.10725,0.049526,-0.0513067,-0.134568
Q96C12,ARMC5,-0.0347643,0.491377,0.132329,0.151635,0.728592
P13861,KAP2,0.264646,0.390132,-0.0159414,-0.0458448,0.212008
P31323,KAP3,0.456704,0.289524,0.135438,-0.0358872,0.145621
Q6FI81,CPIN1,0.565401,0.781069,0.40442,0.321319,0.660448
Q9BZI1,IRX2,0.287938,1.05955,0.490116,0.760571,0.879193
Q96JM3,CHAP1,-0.451529,-0.62546,-0.296334,-0.289237,-0.563208
Q8IXQ6,PARP9,0.530163,0.579432,0.106519,-0.124285,-0.133591
Q9UK73,FEM1B,0.372199,0.841236,0.373702,0.0624292,0.525863
Q9Y6K9,NEMO,-0.061868,1.43319,-0.390553,-0.00866103,0.102608
P85037,FOXK1,-0.0601795,0.0184274,-0.0631545,-0.0687301,0.0952296
Q01167,FOXK2,-0.0862639,0.23125,0.068089,-0.0104334,0.00374293
Q14BN4,SLMAP,-0.367598,-0.440425,-0.261715,-0.10469,-0.543529
Q9H269,VPS16,0.448175,0.646076,0.137346,-0.0607219,0.237304
O14730,RIOK3,0.471169,0.841869,0.15619,0.261048,0.406341
Q9NZC7,WWOX,-0.0301335,-0.641979,-0.220739,-0.316927,-0.617017
Q13907,IDI1,0.403217,0.214629,0.368515,0.336376,0.984388
Q969F9,HPS3,0.501529,0.58744,0.236222,0.18698,0.349058
Q8N9M1,CS047,-0.374314,-0.339013,-0.229565,0.0459397,-0.290028
P09525,ANXA4,0.796101,1.12195,0.55705,0.565274,0.599994
P08758,ANXA5,0.89705,1.16256,0.552889,0.7528,0.846842
P60510,PP4C,0.242471,0.4003,0.314826,0.0772855,0.684352
P67775,PP2AA,0.561459,0.703683,0.357842,0.19102,0.668016
E5RI56,E5RI56,0.224844,0.328835,0.113545,0.0820076,0.318701
Q96CM8,ACSF2,-0.504252,-0.577883,-0.218604,-0.307767,-0.613119
P26640,SYVC,0.758925,0.968262,0.379045,0.362942,0.8814
Q8N653,LZTR1,0.0586133,0.927762,0.399957,0.00374293,0.217184
Q12959-4,DLG1,-0.296373,-0.473007,-0.177355,-0.159303,-0.249697
O43633,CHM2A,0.6228,0.824116,0.430015,0.47123,0.527478
Q96PC5,MIA2,-0.102708,-0.152318,-0.0862396,-0.0789366,-0.432843
Q9NX20,RM16,-0.457782,-0.492418,-0.213891,-0.294339,-0.568095
Q08378,GOGA3,-0.431268,-0.149458,-0.197171,-0.116216,0.0912833
Q9BYG3,MK67I,-0.566117,-0.535382,-0.009372,0.155247,-0.0415266
O15550,KDM6A,-0.339487,-0.627765,-0.443316,-0.754418,-0.288617
Q96N66,MBOA7,-0.14159,-0.286151,0.00599003,0.0609839,-0.260971
Q92545,TM131,-0.357268,-0.285083,-0.0520132,-0.148954,-0.327824
Q9P275,UBP36,-0.371648,-0.507274,-0.178227,-0.0705304,-0.186524
O15061,SYNEM,-0.384423,-0.48051,-0.211038,-0.236768,-0.59545
P53041,PPP5,0.541305,0.687532,0.132944,0.0579517,0.337225
Q6IPU0,CENPP,-0.52495,-0.384706,-0.326376,0.0119522,-0.0396452
Q96N46,TTC14,-0.362993,-0.175825,-0.426375,-0.47954,-0.487636
Q9UPA5,BSN,-0.0316293,-0.441482,-0.0230486,0.0113807,0.192794
O15484,CAN5,-0.182574,-0.0331602,0.163309,0.392366,-0.132545
Q02156,KPCE,-0.328282,-0.395772,-0.20845,-0.149395,-0.351943
Q05655,KPCD,0.150975,0.238369,0.164623,0.180022,0.196583
P17252,KPCA,0.471489,0.604985,0.218731,0.416153,0.245466
Q13838,DX39B,-0.321855,-0.418316,-0.173288,-0.216013,-0.260566
O60749,SNX2,0.568248,0.607217,-0.0177364,-0.0274208,0.319595
Q13596,SNX1,0.400015,0.518856,0.0649204,0.0780163,0.310075
Q86UP2,KTN1,-0.332626,-0.518802,-0.217128,-0.180124,-0.649646
Q9Y4F3,MARF1,0.106411,0.212835,0.0161719,-0.0246837,0.207867
O00148,DX39A,-0.309881,-0.390874,-0.190196,-0.143109,-0.156035
Q04759,KPCT,-0.161176,-0.0982945,-0.16142,-0.0507751,-0.178711
P42684,ABL2,0.540979,0.220096,-0.00875831,0.37298,0.311769
Q66K74,MAP1S,0.826031,0.844436,0.226058,0.171176,0.441715
Q96JG6,VPS50,0.773947,0.942207,0.264197,0.151265,0.759362
O15269,SPTC1,-0.298038,-0.116455,-0.0384386,-0.0672145,-0.424273
P55010,IF5,0.753265,0.927428,0.121913,0.116875,0.422693
Q5XPI4,RN123,-0.082932,0.18726,0.0421257,-0.0257645,-0.0647662
Q9Y3F4,STRAP,0.564103,0.831076,0.165892,0.158785,0.492721
Q13263,TIF1B,-0.336874,-0.22246,-0.243903,-0.313503,-0.1246
Q02952,AKA12,0.351382,0.275722,0.189599,0.224431,0.600272
Q92747,ARC1A,0.551197,0.716536,0.433413,0.238079,1.02028
O15143,ARC1B,0.569994,0.826712,0.363346,0.153723,0.715018
O15294,OGT1,-0.0581107,0.115261,0.0977361,-0.0951159,0.0332832
Q9H6T3,RPAP3,0.60842,0.650115,0.0813503,0.0736761,0.362295
Q9HCC0,MCCB,-0.432215,-0.386972,-0.222695,-0.250427,-0.515083
Q53GS7,GLE1,-0.382036,-0.274588,-0.252404,-0.0580573,-0.373577
P50454,SERPH,-0.37439,-0.52347,-0.59114,-0.619602,-0.222365
P57740,NU107,-0.30071,-0.320302,-0.12855,-0.213565,-0.2851
Q99615,DNJC7,0.627901,0.646422,0.302438,0.347465,0.684756
Q6PD74,AAGAB,0.481396,0.65781,0.346836,0.252217,0.627349
P53365,ARFP2,-0.389382,-0.257651,-0.0712049,-0.267099,0.107915
Q9P2W1,HOP2,0.638964,1.21522,0.681503,0.479755,0.831872
P13667,PDIA4,-0.391424,-0.627984,-0.457848,-0.475595,-0.565468
C9JMN9,C9JMN9,-0.674957,-0.657474,-0.571301,-0.500773,-0.798957
Q9UKG1,DP13A,-0.187535,-0.427265,-0.30144,-0.288399,-0.32626
Q8NEU8,DP13B,0.574313,0.618461,0.292731,0.278585,0.250514
Q96NB3,ZN830,-0.354728,-0.621681,-0.445057,-0.352325,-0.46136
P51795,CLCN5,-0.0978916,-0.248713,0.223047,0.388419,-0.0423017
P09455,RET1,0.245361,0.614697,0.120709,-0.0171919,0.221404
Q15118,PDK1,-0.441668,-0.548285,-0.292571,-0.203163,-0.493964
Q15120,PDK3,-0.298833,-0.191283,-0.225129,-0.372008,-0.635111
Q15119,PDK2,-0.508082,-0.642364,-0.363252,-0.182587,-0.506333
P08133,ANXA6,0.825347,1.04268,0.504808,0.6848,0.780978
A0A0S2Z377,A0A0S2Z377,0.82727,1.13653,0.892361,0.815269,1.13196
P51790,CLCN3,-0.132527,-0.0471704,0.261019,0.269402,0.0178726
P80303,NUCB2,-0.343315,-0.249092,-0.241997,-0.1858,-0.467212
P51608,MECP2,-0.518478,-0.612149,-0.332186,-0.28018,-0.716029
Q92766,RREB1,-0.321225,-0.359622,-0.281501,-0.160306,-0.454006
Q9BXK5,B2L13,-0.207091,-0.356952,0.294867,0.456597,-0.245998
Q7L266,ASGL1,0.884917,1.30423,0.343487,0.465136,0.707732
P19440,GGT1,0.0972559,0.246359,0.194575,0.226087,0.118159
Q9Y2R4,DDX52,-0.412504,-0.450949,-0.0783722,-0.0477717,-0.0662792
Q8TDD1,DDX54,-0.349178,-0.328161,-0.0982058,-0.170223,-0.221041
P61927,RL37,0.581991,0.864328,0.37194,0.401673,0.727493
P07910,HNRPC,-0.404379,-0.653197,0.0174649,0.0116973,-0.505839
B4DY08,B4DY08,-0.305598,-0.547566,0.231968,0.0863264,-0.419279
P40938,RFC3,-0.279322,-0.244737,0.00793219,-0.0732803,0.0710273
Q9UGC7,RF1ML,-0.376505,-0.622443,-0.0524473,-0.029948,-0.462589
Q9UKM9,RALY,-0.354162,-0.533556,0.222804,0.131668,-0.414907
P04181,OAT,-0.361014,-0.418934,-0.322265,-0.463401,-0.567755
O96013,PAK4,0.333909,0.231129,0.0941865,0.157285,0.245116
P60866,RS20,0.669467,0.96994,0.378912,0.326033,0.559799
O75152,ZC11A,-0.495079,-0.562753,-0.445679,-0.453374,-0.518429
Q96F86,EDC3,0.318418,0.38576,0.0758119,0.106552,0.34182
P11766,ADHX,0.6219,0.866807,0.36265,0.265937,0.753789
P13804,ETFA,-0.473965,-0.582853,-0.242465,-0.256842,-0.496081
Q96TA2,YMEL1,-0.13409,-0.104053,0.409969,0.512339,-0.0484176
Q13155,AIMP2,0.562462,0.779004,0.241937,0.192967,0.469195
Q86Y13,DZIP3,-0.0772252,0.191235,0.132208,0.40668,-0.305652
O94874,UFL1,-0.404228,-0.498497,-0.255353,-0.362025,-0.529819
Q92845,KIFA3,0.423635,0.763975,0.199075,-0.0616577,0.149564
P31153,METK2,0.369388,0.575605,0.378217,0.254575,0.700909
Q05823,RN5A,0.870175,1.40165,0.201004,0.49193,0.79596
P36957,ODO2,-0.530497,-0.626792,-0.294322,-0.310697,-0.645049
Q9H0X9,OSBL5,-0.314796,-0.417004,-0.0921853,-0.00371933,-0.74827
Q9BZF1,OSBL8,-0.326521,-0.407665,-0.150752,-0.158041,-0.267044
P10809,CH60,-0.509979,-0.732482,-0.472224,-0.378686,-0.636428
P49321,NASP,0.115316,0.522552,0.145788,0.201612,0.704154
P49247,RPIA,0.413571,-0.052177,-0.5496,-0.319435,0.236538
P63316,TNNC1,-0.769103,-0.609845,-1.03839,-1.35191,-0.89786
Q01844,EWS,-0.312014,-0.110565,-0.236364,-0.214808,-0.0189614
P12110,CO6A2,-0.444768,0.120159,-0.113392,-0.306657,-0.623483
P12110-2,CO6A2,-0.702648,-0.409896,-0.0108101,0.0954258,-0.279165
O95684,CEP43,0.572968,0.632742,0.255501,0.286274,0.445855
Q86V81,THOC4,-0.257289,-0.303896,-0.0939016,-0.11363,-0.241087
Q9NR30,DDX21,-0.446379,-0.510836,-0.18383,-0.162787,0.0741119
Q9BQ39,DDX50,-0.355661,-0.330438,-0.211011,-0.237988,-0.440132
Q9Y4E6,WDR7,0.502257,0.505312,0.319193,0.0467856,0.278449
Q13683-7,ITA7,0.112611,0.0574882,0.425632,0.42748,-0.244315
Q13435,SF3B2,-0.387703,-0.488465,-0.214245,-0.257324,-0.313697
Q6V1X1,DPP8,0.759428,0.609679,0.349572,0.230706,0.555156
Q86TI2,DPP9,0.667635,0.936208,0.409489,0.405356,0.595976
O75882,ATRN,-0.117797,-0.156882,-0.0703485,-0.30495,-0.219174
Q9BZE4,GTPB4,-0.451335,-0.532274,-0.22824,-0.1156,-0.168399
Q96GX9,MTNB,0.179343,0.125063,0.0293517,0.258637,0.978899
P35222,CTNB1,-0.215072,-0.277311,-0.0678868,-0.0725951,-0.393379
P05023,AT1A1,-0.232124,-0.373931,-0.00449681,0.223094,-0.347167
P50993,AT1A2,-0.249799,-0.129398,0.196838,0.326877,-0.0887396
P13637,AT1A3,-0.293627,-0.368925,-0.0332978,-0.16292,-0.211147
P16615,AT2A2,-0.346793,-0.33407,-0.0241184,-0.0536947,-0.19913
P16615-2,AT2A2,-0.706413,-0.330376,0.3542,-0.177924,0.0975034
P98194-7,AT2C1,-0.306376,-0.245551,-0.142353,0.0114088,-0.194417
P54098,DPOG1,-0.319669,-0.24179,-0.0554881,-0.10457,-0.408358
P39060,COIA1,-0.157896,-0.135232,0.112569,-0.218731,-0.489927
Q8N3C7,CLIP4,0.132798,-0.011013,0.199651,0.205884,-0.130767
Q7L311,ARMX2,-0.329921,-0.285154,0.0517378,0.025866,-0.246295
A4D0V7,CPED1,0.684777,1.33084,0.707906,0.334172,0.789543
P00558,PGK1,0.486017,0.677355,0.276196,0.217441,0.450815
Q9NQG1,MANBL,-0.139816,-0.456431,-0.188306,-0.196101,-0.499259
Q71F56,MD13L,-0.477843,-0.439653,-0.583087,-0.720887,-0.524929
Q8NEF9,SRFB1,-0.480894,-0.587805,-0.333866,-0.236605,-0.187001
Q9UMY1,UTP16,-0.505417,-0.597203,-0.234815,-0.14424,-0.332083
P22033,MUTA,-0.486836,-0.59714,-0.271595,-0.381772,-0.791677
Q9HCU9,BRMS1,-0.22611,-0.262882,-0.302176,-0.260144,-0.44687
Q9NP81,SYSM,-0.405629,-0.588278,-0.295612,-0.229045,-0.503433
Q8IZT6,ASPM,0.185086,-0.146335,0.0379105,0.483927,-0.211768
P18754,RCC1,-0.46404,-0.575769,-0.24865,-0.258659,-0.357992
O00534,VMA5A,0.61158,0.966735,0.263388,0.231421,0.23878
P00390,GSHR,0.379471,0.42403,0.0922132,0.153853,0.141858
Q15125,EBP,0.766697,0.0235777,-0.439613,0.527543,0.265993
P35611,ADDA,0.195451,-0.023865,0.122329,0.200779,0.13346
P35612,ADDB,0.166874,-0.0714512,0.0269628,0.153089,0.0829682
Q9UEY8,ADDG,-0.0125635,-0.172678,0.0699713,0.0648284,0.0795665
P49916,DNLI3,-0.429792,-0.439656,-0.334926,-0.343609,-0.287625
O60504,VINEX,0.562567,0.541107,0.247908,0.199927,0.329201
P11172,UMPS,0.554301,0.63158,0.304035,0.283115,0.592041
Q8NEY1,NAV1,0.0748057,-0.0783751,-0.111404,-0.191374,-0.292345
Q9BZH6,WDR11,0.131139,0.323117,0.244051,0.0211666,0.247293
Q9H6K4,OPA3,-0.0938747,0.617765,1.02384,0.464919,0.645816
P09884,DPOLA,0.000856161,0.290179,0.241618,0.30271,0.744329
O43149,ZZEF1,0.126224,0.56747,0.243066,0.396873,0.758914
Q99683,M3K5,0.549295,0.921003,0.709574,0.312668,0.541412
O75970,MPDZ,0.101745,0.211957,0.142164,-0.0282822,-0.138407
Q7L0Y3,TM10C,-0.503351,-0.667961,-0.35751,-0.323278,-0.618799
O75955,FLOT1,-0.181515,-0.260568,0.178312,0.196007,-0.138895
P05141,ADT2,-0.340115,-0.302137,0.18484,0.197294,-0.167811
P12236,ADT3,-0.174777,-0.196283,0.401322,0.522525,0.0549302
P12235,ADT1,-0.315955,-0.272768,-0.154142,-0.382607,-0.388985
Q9H0C2,ADT4,-0.154899,-0.0890701,0.27383,0.431233,0.0438213
P49821,NDUV1,-0.297902,-0.431187,0.0578034,0.238428,-0.568303
P04083,ANXA1,0.880292,1.03922,0.411607,0.688824,1.19436
Q9HBE1,PATZ1,0.0862207,-0.0970464,0.00356531,0.161645,-0.0699966
Q14019,COTL1,0.856138,1.05908,0.497712,0.390031,0.973396
P22695,QCR2,-0.108141,-0.254261,0.541051,0.590202,-0.121881
Q9C0B1,FTO,0.688084,0.237514,0.422636,0.606184,0.633123
P54136,SYRC,0.504942,0.397276,0.014199,0.102607,0.274214
Q9HCG7,GBA2,0.622908,1.06055,0.13039,0.0497465,0.277371
Q8NBJ5,GT251,-0.337381,-0.522145,-0.285635,-0.28281,-0.397187
Q8IYK4,GT252,-0.244774,-0.424025,-0.121858,-0.176682,-0.188327
P55290,CAD13,0.308381,0.365861,0.501163,0.517033,0.148919
Q9Y4E8,UBP15,0.248806,0.310314,0.0909219,0.0252373,0.306641
P51784,UBP11,0.135621,0.442725,0.240756,0.204354,0.606937
Q13107,UBP4,0.690942,0.859184,0.605674,0.425148,0.677449
P17980,PRS6A,0.0590835,0.0356023,-0.205171,-0.222624,0.0113225
P62873,GBB1,-0.515571,-0.677769,0.0270782,0.136933,-0.123252
P62879,GBB2,-0.491852,-0.642653,-0.187922,0.301728,-0.322709
Q9HAV0,GBB4,-0.548062,-0.576377,0.300225,-0.0306551,0.350144
Q9BRK4,LZTS2,-0.147837,0.203374,0.488227,0.320296,0.370036
Q15326,ZMY11,-0.160829,0.0276325,-0.124216,0.00246716,-0.177374
P48449,LSS,-0.486227,-0.587408,-0.214926,-0.285546,-0.52569
Q96BR5,COA7,-0.398124,-0.360154,0.260959,0.030957,0.0235844
O60563,CCNT1,-0.354805,-0.472418,-0.434668,-0.50428,-0.404619
Q9NRV9,HEBP1,0.110045,0.0098393,-0.294261,-0.200644,-0.409519
Q9Y6K5,OAS3,0.648459,0.721673,0.166934,0.084991,0.129578
Q9Y3S2,ZN330,0.87347,2.0178,0.351308,1.04231,1.27163
Q14847,LASP1,0.569613,0.783448,0.143412,0.230529,0.534961
P00533,EGFR,0.121235,0.227271,0.329454,0.430785,0.438166
P04626,ERBB2,0.315161,0.224518,0.650212,0.703285,0.406018
P55769,NH2L1,-0.392107,-0.38845,-0.0972581,-0.0375285,-0.388453
P60981,DEST,0.532207,0.891665,0.296135,0.245707,0.612654
Q9Y281,COF2,0.365104,0.797024,0.530838,0.310966,0.914947
P23528,COF1,0.416507,0.54008,0.264096,0.276527,0.587988
P29144,TPP2,0.258612,0.135535,-0.0954924,-0.279224,0.142446
P63272,SPT4H,-0.0896297,0.280102,-0.0857749,-0.191854,0.237401
Q9BQ67,GRWD1,-0.274416,-0.0180111,-0.0387573,0.0484719,0.118783
Q8IZL8,PELP1,-0.45672,-0.521396,-0.250712,-0.297822,-0.467293
Q8NHP8,PLBL2,-0.319837,-0.455565,-0.250015,-0.345513,-0.47422
P11717,MPRI,-0.06387,0.0962348,0.179588,0.184585,0.025522
P15927,RFA2,-0.00997639,0.312706,0.0627792,0.202986,0.53344
P61247,RS3A,0.429514,0.479041,0.120201,0.240018,0.408579
Q5T3I0,GPTC4,-0.415621,-0.247024,-0.120945,-0.0250933,0.0467896
P49368,TCPG,0.572479,0.679723,0.0606897,0.0256488,0.439711
Q16878,CDO1,0.119277,0.54819,-0.315616,-0.0676441,0.0271201
O14976,GAK,0.583706,0.717423,0.39979,0.279046,0.468176
P04844,RPN2,-0.307535,-0.529608,0.00425982,0.00262642,-0.17085
Q5JYR7,Q5JYR7,-0.0539079,-0.124363,0.360498,0.366451,0.2167
P61163,ACTZ,0.473233,0.693822,0.0589147,-0.0168095,0.211957
P42025,ACTY,0.555847,0.61848,0.219096,0.0732689,0.630125
P68032,ACTC,0.0542192,0.0488961,0.162564,0.153727,0.478724
I3L4N8,I3L4N8,-0.00230098,-0.110706,0.154169,0.153996,0.383325
A0A2R8Y793,A0A2R8Y793,0.0769093,-0.645553,0.0524743,0.623147,-0.0896738
Q562R1,ACTBL,-0.0227177,0.202232,0.345529,0.479801,0.81353
P61160,ARP2,0.40538,0.566456,0.26256,0.202648,0.536871
Q9HDC5,JPH1,-0.350904,-0.518471,0.0633736,-0.00735426,-0.364431
Q6FIF0,ZFAN6,0.446428,0.542823,0.471281,0.103003,0.348154
O76080,ZFAN5,0.50455,0.51373,-0.294088,0.366807,0.466997
Q9H8Y8,GORS2,0.371164,0.343352,-0.209786,-0.0803316,-0.169861
Q9NWZ5,UCKL1,-0.177605,-0.780607,0.299321,0.00515866,0.221131
Q96ES7,SGF29,-0.156499,0.0143821,0.0732272,-0.132344,0.319055
Q96IZ7,RSRC1,-0.317258,-0.585938,-0.345541,-0.247268,-0.379445
Q68DH5,LMBD2,-0.664006,-0.779863,-0.389317,0.0866088,-0.529164
O95405,ZFYV9,-0.369017,0.0598478,-0.429899,-0.340954,-0.217989
A2VDJ0,T131L,-0.108778,-0.129444,0.116696,0.0851142,-0.285788
P52298,NCBP2,-0.20701,-0.159104,-0.0586481,-0.140667,-0.048701
P47897,SYQ,0.614786,0.778391,0.293341,0.210766,0.508207
O14936,CSKP,-0.22859,-0.193873,0.0305693,-0.00161815,-0.199331
O14965,AURKA,0.0896342,0.43949,0.240569,0.591315,1.00084
Q96GD4,AURKB,0.420053,0.464796,0.166706,0.150893,0.634329
Q15569,TESK1,0.146698,0.370156,0.117102,0.236851,1.54843
P05204,HMGN2,-0.457078,-0.648443,-0.523191,-0.37991,-0.621693
Q15651,HMGN3,-0.479339,-0.589254,-0.422215,-0.223133,-0.525702
O00479,HMGN4,-0.601309,-1.08084,-0.478338,-0.599023,-0.93883
Q96HH9-3,GRM2B,-0.206862,-0.271843,0.157625,0.260277,0.143149
P20929,NEBU,-0.0848541,0.264488,0.269247,0.0249727,-0.240828
Q15836,VAMP3,0.470666,1.00184,1.33194,1.23317,0.977658
O95427,PIGN,-0.0598121,-0.2685,-0.0142851,0.241762,-0.284112
Q8NC60,NOA1,-0.448228,-0.232819,-0.107714,-0.2107,-0.265231
Q68CZ2,TENS3,0.876856,0.711863,0.488801,0.408309,0.570101
Q9HBL0,TENS1,0.517861,0.649132,0.41646,0.445525,0.68216
O95433,AHSA1,0.684232,0.965651,0.359646,0.323545,0.772613
P49411,EFTU,-0.531817,-0.60332,-0.3341,-0.401667,-0.612698
Q15042,RB3GP,0.711352,0.69291,0.175338,0.270571,0.27285
Q5TA31,RN187,0.245143,0.345803,-0.204004,0.193906,0.509753
Q96L58,B3GT6,0.724036,0.063581,0.179679,-0.143621,0.197511
Q9H6R4,NOL6,-0.437918,-0.456897,-0.189451,-0.221635,-0.162087
P00441,SODC,0.413688,0.450337,-0.00579929,0.0673757,0.260507
Q13111,CAF1A,-0.258718,-0.557676,-0.0392275,0.154247,-0.310462
O75821,EIF3G,0.515484,0.758977,0.133052,0.168052,0.430391
Q00610,CLH1,0.298338,0.517572,0.137094,0.0169697,0.288212
P61764,STXB1,-0.250295,-0.104562,-0.239628,-0.219792,-0.392315
Q15833,STXB2,-0.454014,-0.531215,-0.257475,-0.100582,-0.418888
Q9Y2W2,WBP11,-0.385735,-0.537522,-0.42613,-0.412501,-0.373892
Q53FZ2,ACSM3,0.232846,-0.190632,0.0151899,0.508918,0.274524
P61421,VA0D1,-0.232087,-0.404204,0.378747,0.382678,-0.270972
P09913,IFIT2,0.710631,0.80045,-0.145005,-0.267298,0.23523
P09914,IFIT1,0.665352,0.659296,0.027216,-0.246856,0.0898259
Q96QZ7,MAGI1,0.428121,0.537696,-0.232335,-0.216044,0.0716963
Q13325,IFIT5,0.673946,0.946722,0.444138,0.203857,0.608434
Q5C9Z4,NOM1,-0.191442,-0.152798,-0.11943,-0.0870025,-0.110461
P11498,PYC,-0.415982,-0.562377,-0.246944,-0.27992,-0.66493
Q8NAN2,MIGA1,0.217225,0.360899,0.738425,0.555773,-0.566187
Q06830,PRDX1,0.606968,0.877437,0.154976,0.114617,0.399033
P32119,PRDX2,0.722476,0.936231,0.353973,0.300447,0.715871
Q13162,PRDX4,0.326546,0.401608,0.185022,0.14756,0.299091
Q149N8,SHPRH,0.000641108,0.0158818,0.109145,-0.0946994,0.177171
Q9H4A3,WNK1,0.600933,0.790475,0.242659,0.257481,0.616717
O95248,MTMR5,0.406244,0.4663,0.23955,0.0602269,0.0249152
Q86WG5,MTMRD,0.313805,0.518815,0.0388432,0.331528,0.163879
Q69YN4,VIR,-0.361861,-0.395896,-0.275825,-0.382339,-0.346111
Q14865,ARI5B,0.600666,0.428055,0.193249,0.513705,0.380245
P53396,ACLY,0.615892,0.914881,0.289732,0.253265,0.789636
P53396-2,ACLY,0.626832,0.92513,0.447653,0.330148,1.11745
P14868,SYDC,0.703266,0.873374,0.280491,0.15275,0.638902
Q92791,SC65,-0.311808,-0.463165,-0.0708973,-0.171957,-0.363229
O75718,CRTAP,-0.309429,-0.292288,-0.255149,-0.301421,-0.413765
O95573,ACSL3,-0.387055,-0.498091,-0.260734,-0.248397,-0.586931
O60488,ACSL4,-0.151093,-0.306183,-0.113698,-0.120002,-0.124904
Q96BZ9,TBC20,-0.452617,-0.687795,-0.454646,-0.351728,-0.612367
P61803,DAD1,-0.50523,-0.229121,0.883582,0.261329,0.190151
Q5HYJ3,FA76B,-0.378053,-0.657967,-0.374593,-0.586196,-0.117438
P08236,BGLR,-0.825344,-1.38918,-0.596904,-0.440524,-1.15965
Q14318,FKBP8,-0.247074,-0.483075,0.0828273,0.0704868,-0.300882
Q9NRA0,SPHK2,0.0847135,-0.198606,0.0471666,-0.186773,0.0278947
P17535,JUND,-0.421759,-0.514684,-0.313222,-0.244094,-0.502441
P17275,JUNB,-0.182717,-0.469176,-0.819292,-0.556432,-0.639293
P05412,JUN,-0.771689,-0.603518,0.253722,0.0637171,-0.264414
Q8TER5,ARH40,0.340328,0.301871,0.121384,0.111927,-0.218519
Q9Y4W2,LAS1L,-0.31617,-0.273394,0.0705619,0.0127695,-0.0770051
O15254,ACOX3,-0.421659,-0.490225,-0.141987,-0.0228453,-0.349671
P52788,SPSY,0.548498,0.652339,0.197292,0.330249,0.674345
P83436,COG7,0.469918,0.622425,-0.0391159,-0.197413,0.21166
A8K8P3,SFI1,-0.00675845,-0.184861,-0.0217953,0.31498,-0.205301
Q9NRF8,PYRG2,0.456404,0.601379,0.480878,0.346876,0.537718
P17812,PYRG1,0.7392,0.744986,0.403843,0.345199,0.906162
Q96A35,RM24,-0.127248,-0.341413,-0.00182867,-0.0782478,-0.270958
P63220,RS21,0.593331,1.14137,0.323394,0.361024,0.674618
Q4KMP7,TB10B,-0.125865,0.121077,-0.229804,0.016485,-0.0792315
Q9H3P2,NELFA,-0.331626,-0.234639,-0.310977,-0.168073,0.0422153
Q15155,NOMO1,-0.433067,-0.544257,-0.0923162,-0.138784,-0.490677
P69849,NOMO3,-0.982648,-1.33248,-0.547394,-0.517724,-0.93529
Q13308,PTK7,0.0770717,-0.00619531,0.28916,0.312306,-0.131271
P62241,RS8,0.756772,0.912571,0.467618,0.454102,0.812862
O75116,ROCK2,0.529934,0.552631,0.206055,0.178931,0.319729
Q9UQE7,SMC3,0.0647109,-0.121054,-0.00863004,-0.0983064,-0.11945
Q13464,ROCK1,0.595004,0.651975,0.120104,0.115977,0.238889
P55011,S12A2,0.153202,-0.155805,0.212085,0.523556,0.0850096
Q9NNW7,TRXR2,-0.317783,-0.452634,-0.138422,-0.165993,-0.45375
Q16881,TRXR1,0.34793,0.553957,0.0615151,-0.00825214,0.218389
O00748,EST2,-0.381491,-0.459262,-0.404042,-0.451387,-0.497017
Q8N371,KDM8,0.562369,0.395573,0.221177,0.201866,0.259694
P41250,GARS,0.463501,0.562458,0.189927,0.260162,0.64856
Q53GS9,UBP39,-0.42174,-0.457008,-0.193197,-0.345309,-0.193789
P08865,RSSA,0.541782,0.894227,0.472371,0.494181,0.850575
Q14669-2,TRIPC,-0.200167,-0.196493,-0.166346,-0.314144,-0.285851
Q92797,SYMPK,-0.407091,-0.553221,-0.31813,-0.42655,-0.442433
Q68DK2,ZFY26,0.492705,0.652587,0.373494,0.28942,0.599065
Q5VW32,BROX,0.654226,0.931655,0.253358,0.19796,0.559084
Q92743,HTRA1,0.113986,-0.38016,0.0599368,0.101699,-0.871745
Q9NW15,ANO10,-0.479592,-0.517388,-0.292052,-0.180116,-0.546481
Q27J81,INF2,-0.07844,-0.0834136,0.0542154,0.0132658,0.097744
P62269,RS18,0.428609,0.604878,0.173126,0.160924,0.373402
P61221,ABCE1,0.794483,1.08363,0.370852,0.427164,0.792518
Q53H82,LACB2,0.120925,0.204552,0.15136,-0.0585155,0.030442
Q96QT6,PHF12,-0.504802,-0.500898,-0.456434,-0.502106,-0.806306
P78357,CNTP1,-0.261796,-0.0680826,0.0206642,0.203868,-0.631956
P06748,NPM,-0.497074,-0.676527,-0.456898,-0.298429,-0.412467
Q8N1G4,LRC47,0.476249,0.671789,0.174298,0.158832,0.430219
Q13895,BYST,-0.0877144,-0.201678,-0.0740628,-0.0539608,0.168168
Q9P253,VPS18,0.352223,0.496386,-0.0185399,-0.0849388,0.175757
Q08379,GOGA2,-0.378843,-0.395218,-0.315877,-0.231651,-0.510676
Q9NXH8,TOR4A,-0.0864208,-0.417426,-0.16333,0.0165923,-0.327758
Q14997,PSME4,0.0997407,0.187819,0.034307,-0.105042,0.401644
Q9Y2Y9,KLF13,-0.302909,-0.0122335,-0.431315,-0.423925,-0.38977
P10301,RRAS,-0.121998,0.0570984,0.261672,0.297055,0.0871353
P62070,RRAS2,0.0230751,0.129732,0.200112,0.367025,0.162085
Q14106,TOB2,0.513626,1.159,-0.14331,0.0228345,0.081511
O94832,MYO1D,-0.354575,-0.36781,-0.0955741,-0.364533,-0.679848
P26022,PTX3,-0.337739,-0.26072,-0.766555,-0.418254,-0.168664
Q9H2W6,RM46,-0.590442,-0.675297,-0.373506,-0.271185,-0.664869
O95707,RPP29,-0.31519,-0.329448,-0.23886,-0.018877,-0.278351
P99999,CYC,-0.557974,-0.775504,-0.466106,-0.532558,-0.644096
Q92888,ARHG1,0.660524,0.593199,0.209715,0.250694,0.357026
P08195,4F2,0.281266,0.0671136,0.28959,0.474528,0.589136
Q9BQ95,ECSIT,-0.491945,-0.654955,-0.518924,-0.299834,-0.511433
Q15269,PWP2,-0.44522,-0.535914,-0.183961,-0.168598,-0.194184
Q9H089,LSG1,-0.362484,-0.464245,-0.218946,-0.183791,-0.222614
Q5T6C5,AT7L2,-0.232141,-0.222147,-0.25356,-0.295932,-0.416101
Q92508,PIEZ1,0.160837,0.149406,0.223533,0.62335,0.13463
Q86X10,RLGPB,0.281991,0.0780222,-0.490057,0.16848,-0.0653329
P31930,QCR1,-0.0615151,-0.308522,0.390955,0.50442,-0.315434
O75439,MPPB,-0.47057,-0.594605,-0.325918,-0.302734,-0.564228
Q14232,EI2BA,0.631298,0.721345,0.265616,0.265855,0.686504
P26639,SYTC,0.837992,1.08829,0.408204,0.364079,0.916224
Q8IV50,LYSM2,0.84255,0.986915,0.452254,0.621518,0.898188
A2RTX5,SYTC2,0.842053,1.12397,0.367723,0.438229,0.755386
Q9Y6D9,MD1L1,-0.239697,-0.146958,-0.31177,-0.445691,-0.270419
P36871,PGM1,0.874615,1.15863,0.46271,0.328407,0.546189
Q5VWN6,TASO2,0.0585897,0.221128,0.100278,0.0800273,0.15515
Q13347,EIF3I,0.536588,0.790607,0.0987113,0.0326488,0.453384
P20591,MX1,0.768206,0.802219,0.254652,-0.387684,-0.19805
P29374,ARI4A,-0.118277,-0.0797749,-0.303242,-0.30178,-0.610156
Q9P2D7,DYH1,0.745961,1.27667,1.05233,0.834525,1.62789
P62333,PRS10,-0.0240927,-0.082783,-0.165035,-0.237971,0.100872
Q8N8S7,ENAH,0.336723,0.540298,0.182164,0.0376639,0.538992
P20592,MX2,-0.207959,-0.32026,0.0268404,-0.355371,-0.589398
Q9UJS0,S2513,-0.280604,-0.435027,0.242894,0.415759,-0.284416
O75746,S2512,-0.0414059,-0.166687,0.411348,0.509772,-0.125792
Q9NXG6,P4HTM,-0.109518,-0.180153,-0.0120432,-0.246554,-0.638237
P78536,ADA17,-0.355511,-0.2995,-0.102387,-0.0925417,-0.40035
Q9UBT2,SAE2,0.18206,0.65631,0.193237,0.21009,0.642883
O14773,TPP1,-0.187559,0.0931189,-0.0305796,-0.296445,-0.143705
O95477,ABCA1,-0.308123,-0.280113,0.363841,0.0326746,-0.75507
Q9ULU4-19,ZMYD8,-0.416682,-0.485997,-0.293766,-0.125031,-0.524812
Q2NL82,TSR1,-0.0272923,0.170432,-0.0121379,0.107716,0.738661
Q15418,KS6A1,0.569907,0.446914,0.241079,0.304012,0.457285
P51812,KS6A3,0.487463,0.715078,0.252851,0.261054,0.415303
Q86UE8,TLK2,0.0661538,0.51672,0.0809376,0.0688736,0.42186
Q9UKI8,TLK1,-0.140776,-0.331866,0.215988,-0.0210419,-0.0407269
Q9UK32,KS6A6,0.314442,-0.0665095,0.0185788,0.157505,0.282825
Q96GX5,GWL,0.0996783,0.287848,0.142622,0.33917,0.663386
Q15014,MO4L2,-0.241631,0.674723,0.0482759,0.256823,0.371142
Q9UBU8,MO4L1,-0.336646,0.293144,-0.367002,-0.125996,-0.233275
Q8WUM9,S20A1,0.554859,1.05781,0.579265,0.494734,0.852932
P49327,FAS,0.800241,1.05517,0.405973,0.392679,0.674307
P28340,DPOD1,0.0565581,0.548012,0.508372,0.333694,0.61998
Q14161,GIT2,0.612549,0.692164,0.135024,0.142971,0.425029
Q9Y2X7,GIT1,0.518623,0.680213,0.247315,-0.0187089,0.185833
P82921,RT21,-0.0980897,-0.102558,-0.140328,0.171116,-0.358854
Q9NYG2,ZDHC3,-0.134406,0.0392649,0.231787,0.183139,0.00960565
P52434,RPAB3,0.0108206,0.245974,0.262262,0.0367818,0.285442
Q9NZN3,EHD3,0.696562,0.770631,0.386692,0.198534,0.539943
Q9H4M9,EHD1,0.551296,0.748697,0.130069,0.200636,0.0953624
Q7Z569,BRAP,0.752914,1.10821,0.355652,0.314068,0.58411
Q9H223,EHD4,0.705496,0.974985,0.355553,0.283602,0.593338
Q9NZN4,EHD2,0.584414,0.802076,0.304878,0.171585,0.328724
Q16594,TAF9,-0.390805,-0.562037,-0.230673,-0.278067,-0.439135
Q9HBM6,TAF9B,-0.147933,-0.259755,0.148723,0.155392,0.133387
P62263,RS14,0.600406,0.893407,0.308796,0.283168,0.6262
O60841,IF2P,0.73092,0.668622,0.17591,0.19615,0.566192
Q9H3R5,CENPH,0.0393188,-0.21925,-0.0435278,0.272985,0.121044
Q9UHB9,SRP68,0.354901,0.576841,0.103959,0.0663381,0.479078
Q7Z2K8,GRIN1,-0.121136,-0.423915,-0.137545,-0.0975616,-0.460136
Q2M3G4,SHRM1,0.789463,-1.3386,-1.75681,-1.1613,-0.0302632
Q9H1P3,OSBL2,-0.124207,0.144666,-0.0759146,-0.154844,0.0102289
Q9Y3Z3,SAMH1,0.0267162,0.551358,0.183707,-0.081238,0.0295365
P29323,EPHB2,0.467213,0.312866,0.761638,0.268955,0.347034
P29317,EPHA2,0.249259,0.221961,0.277088,0.374092,0.308839
P54753,EPHB3,0.0725234,0.34228,0.495821,-0.0638518,0.401685
P54760,EPHB4,0.452699,0.525804,0.701713,0.63761,0.361272
P60002,ELOF1,-0.630325,0.3637,-0.615315,0.276929,-0.0656533
Q9BVG4,PBDC1,0.790299,0.90073,0.276926,0.208498,0.656466
O15027,SC16A,0.196038,0.187654,0.000714779,0.0682864,0.0739968
Q5SNT2,TM201,-0.260078,-0.473171,0.00561905,-0.0831721,-0.370881
Q5H9F3,BCORL,-0.198015,-0.134779,-0.222382,-0.228178,-0.230254
Q9HCK1,ZDBF2,-0.0615387,-0.0408161,-0.265826,-0.175712,-0.288375
P09603,CSF1,0.101171,0.588975,-0.219007,-0.239343,-0.853541
Q08AM6,VAC14,0.14284,0.109499,-0.104315,-0.118271,0.0906267
Q66K14,TBC9B,1.00508,0.954845,0.329366,0.301187,0.440725
Q6ZT07,TBCD9,0.14405,1.12687,-0.0161316,0.121684,0.354922
P35659,DEK,-0.367374,-0.27046,-0.227769,-0.220388,0.0229805
O60333-3,KIF1B,0.496889,0.474881,0.307611,0.45679,0.531238
Q4R9M9,Q4R9M9,0.88217,0.860653,0.473046,0.351089,0.40555
Q9NQT8,KI13B,0.552061,0.630445,0.234607,0.124398,0.0622678
Q5VZL5,ZMYM4,-0.44083,-0.133407,-0.00680161,-0.159463,-0.50175
Q9H1H9,KI13A,0.608405,0.922673,0.36734,0.355429,0.606582
Q5SVZ6,ZMYM1,-0.376361,-0.158752,-0.424911,-0.615255,-0.364735
O43896,KIF1C,0.808884,0.769547,0.335894,0.468743,0.356591
P33993,MCM7,-0.120286,0.219995,-0.0292029,-0.141552,0.446434
Q15004,PAF15,0.367881,1.04759,0.613597,1.43218,1.61308
Q92900,RENT1,0.266424,0.39028,0.0420923,0.0419877,0.195949
O95376,ARI2,0.359736,0.488116,0.170819,-0.0932994,0.517182
Q9UKM7,MA1B1,-0.284721,-0.228805,0.0190279,-0.0742395,-0.47299
Q0VDG4,SCRN3,0.765834,0.918217,0.432048,0.349486,0.767425
Q12765,SCRN1,0.925573,1.31679,0.428588,0.323377,0.731758
P08582,TRFM,0.162588,0.197291,0.405853,0.450816,-0.172758
Q13454,TUSC3,-0.127594,0.0543802,0.174972,0.122765,-0.275368
Q9H0U3,MAGT1,-0.248926,-0.386624,-0.0670085,-0.0259774,-0.305142
P49959,MRE11,-0.383152,-0.403034,-0.301332,-0.510102,-0.398493
Q6UWZ7,ABRX1,0.0346928,0.0500543,0.38167,0.273678,0.457729
O15116,LSM1,1.03629,0.909458,0.916995,0.776459,1.30195
P43686,PRS6B,0.278962,0.351894,0.0678391,-0.061837,0.358796
P62191,PRS4,0.22324,0.190439,-0.0876143,-0.113657,0.187286
P35998,PRS7,0.284237,0.268829,0.022373,-0.0646131,0.37234
Q8NB90,AFG2A,0.373174,0.28582,0.0235431,0.00742817,0.313414
P62195,PRS8,0.0955849,0.0469677,-0.0773358,-0.151543,0.137869
Q86TX2,ACOT1,-0.464123,-0.597341,-0.312367,-0.414924,-0.653658
Q15019,2-Sep,0.598491,0.688308,0.252055,0.162979,0.558397
O14686,KMT2D,-0.55708,-0.61689,-0.395051,-0.355829,-0.465323
Q9UIS9,MBD1,-0.178215,-0.331808,-0.00145864,0.00409031,-0.21201
P84090,ERH,0.160759,0.520989,0.557352,0.49347,0.61541
Q96KQ7-2,EHMT2,-0.256163,-0.201549,0.135958,-0.00389504,-0.0258806
Q9H9B1,EHMT1,-0.530105,-0.492655,-0.0162244,-0.0704501,-0.311127
O14981,BTAF1,-0.183364,-0.0361755,-0.235496,-0.20299,-0.0993793
O00214,LEG8,0.0575981,0.106224,0.186594,0.0527027,-0.0525796
Q9P2R3,ANFY1,0.228345,0.536027,-0.0263586,-0.0846274,0.275362
Q9Y2L5,TPPC8,0.270659,0.26572,0.0212474,0.0219121,0.204739
Q9NW97,TMM51,0.0166025,-0.233733,0.516494,0.208595,0.218179
Q5THK1,PR14L,-0.0490644,-0.158458,-0.18892,-0.318756,-0.0456498
P47813,IF1AX,0.532393,0.721789,0.233029,0.168151,0.555229
Q08945,SSRP1,-0.303429,-0.197564,-0.0980623,-0.0202243,0.0570664
P23497,SP100,0.096386,0.0248921,-0.12655,-0.0588253,-0.0949333
P23497-4,SP100,-0.693644,-0.954119,1.66495,-0.80375,-0.672596
P09429,HMGB1,0.225069,0.590004,0.0560043,0.143336,0.44751
P26583,HMGB2,0.261796,0.466072,0.0834463,0.238332,0.463335
Q7Z7E8,UB2Q1,0.253802,0.519319,0.301374,0.195045,0.758863
O15347,HMGB3,0.374032,0.748043,0.290618,0.335812,0.737336
Q9H930,SP14L,-0.261443,-0.264992,-0.373934,-0.364271,-0.654625
Q9UGL1,KDM5B,0.0413718,0.568599,0.188155,0.23654,0.176228
Q92542,NICA,-0.270986,-0.245936,-0.0321681,-0.0336998,-0.34447
Q9H0K6,PUS7L,0.0790336,0.538908,0.184567,0.186301,0.665568
P04040,CATA,-0.497919,-0.550325,-0.165692,-0.146256,-0.617904
E9PN58,E9PN58,-0.227088,0.0288785,-0.0139265,-0.0758567,-0.077291
Q9GZR7,DDX24,-0.412176,-0.380263,-0.262396,-0.234633,-0.252268
Q8IXM2,BAP18,-0.134404,-0.0856016,0.249904,0.152146,0.119638
P41214,EIF2D,0.436051,0.799629,0.207573,0.202724,0.430162
Q96RQ9,OXLA,-0.417471,-0.524787,-0.313719,-0.473297,-0.544686
Q8IZQ5,SELH,-0.162625,0.197943,-0.185158,-0.184678,-0.128016
Q9H0H5,RGAP1,-0.149976,-0.0254266,-0.127689,0.240359,0.193139
P46199,IF2M,-0.322779,-0.387595,-0.28869,-0.380802,-0.597336
Q5T8P6-2,RBM26,-0.395585,-0.438067,-0.420591,-0.389143,-0.205218
A0A087X0H9,A0A087X0H9,0.235312,0.212966,0.0666194,0.0031991,0.555047
Q76N32,CEP68,-0.185615,-0.364733,-0.605101,-0.432032,0.0684564
Q7L2E3-2,DHX30,-0.160612,-0.192834,-0.142764,-0.101382,-0.313208
Q96CV9,OPTN,0.465711,0.535905,0.165075,0.145518,0.0801997
Q14764,MVP,0.41633,0.545719,0.02336,0.0236681,0.196692
O95340,PAPS2,0.577601,0.987841,0.315319,0.298124,0.682417
O43252,PAPS1,0.428525,0.734978,0.373468,0.320764,0.624611
Q96MG2,JSPR1,-0.411666,-0.329411,-0.0890367,-0.212851,-0.294276
Q9BSF4,TIM29,0.0151062,0.00108123,0.779705,0.631665,0.353047
O95671,ASML,0.405443,0.932318,0.36993,0.540019,0.416771
P25686,DNJB2,-0.0758913,-0.161693,-0.120056,-0.0881128,-0.199908
O75190,DNJB6,-0.0931172,0.257058,0.615935,0.234878,0.501857
O75190-2,DNJB6,0.176235,0.339362,0.440755,0.313768,0.412995
Q99470,SDF2,-0.362094,-0.452652,-0.390436,-0.39947,-0.646271
Q8TC07,TBC15,0.312072,0.264806,-0.0220883,0.0325482,0.293041
P82933,RT09,-0.354556,-0.432867,-0.123251,-0.145694,-0.466263
Q9NVT9,ARMC1,-0.0434089,-0.0193024,-0.0774302,-0.149837,-0.263791
Q92541,RTF1,0.043453,0.186124,-0.0355949,-0.0331674,0.306283
O43502,RA51C,0.34866,0.890126,0.221018,0.713975,0.86942
P48681,NEST,-0.485645,-0.561057,-0.107192,-0.0433671,-0.0713677
Q9UL33,TPC2L,0.627865,0.55368,0.511376,0.451833,0.49534
Q96EY5,MB12A,0.156559,0.149879,0.120178,0.194133,0.46424
A0A994J3X0,A0A994J3X0,-0.337503,-0.344702,-0.421698,-0.256837,-0.372327
Q8TCY9,URGCP,0.862695,1.2641,0.494169,0.406992,0.758765
Q52LR7,EPC2,-0.165398,-0.282768,-0.214508,-0.240858,-0.150969
P50748,KNTC1,0.833343,0.756673,0.336382,0.379272,0.640329
Q6PGP7,SKI3,0.568512,0.66025,0.175599,0.0831888,0.375307
Q4G176,ACSF3,-0.337078,-0.404009,-0.203472,-0.334198,-0.595996
Q9NX76,CKLF6,-0.318062,-0.246662,-0.211625,-0.0498476,-0.136198
Q86XZ4,SPAS2,0.219444,0.309153,0.180161,0.231713,0.20245
Q9NUQ6,SPS2L,0.225782,0.294864,0.267034,0.410185,0.422775
Q8NC44,RETR2,0.17412,0.132138,0.38144,0.177317,0.521519
Q9H0W5,CCDC8,0.270539,0.153303,0.43477,0.0526943,0.0113928
Q9P2E5,CHPF2,-0.232008,-0.20242,0.00933981,-0.329516,-0.288425
Q17RN3,FA98C,1.71248,1.02175,0.863577,1.00121,1.10446
Q8TEM1,PO210,-0.248131,-0.404727,0.121256,0.18034,-0.399963
P00505,AATM,-0.495898,-0.586766,-0.350117,-0.431533,-0.554782
Q8NBT2,SPC24,0.561243,0.454443,0.195821,0.537824,0.400183
Q702N8,XIRP1,-0.515686,-0.577687,0.0311527,0.0847554,0.0606067
Q02790,FKBP4,0.602388,0.751123,0.217139,0.174674,0.690738
Q13451,FKBP5,0.0925112,0.195528,-0.0319107,-0.0475292,0.284035
P49848,TAF6,-0.37113,-0.475984,-0.308633,-0.393871,-0.443051
Q9NST1,PLPL3,0.43377,0.158692,0.342696,0.154555,-0.213529
O75976,CBPD,-0.11391,-0.00484824,0.115457,0.110578,-0.235604
Q9UGU5,HMGX4,-0.283283,-0.299159,-0.269183,-0.249848,-0.316868
Q14566,MCM6,-0.204042,0.154717,-0.0342503,-0.0833323,0.513079
A0AVT1,UBA6,0.758276,0.98615,0.410527,0.307272,0.648864
P52732,KIF11,0.782008,0.826081,0.282627,0.586812,0.811056
P48163,MAOX,0.949344,1.20041,0.486957,0.287845,0.663763
Q16798,MAON,-0.177274,-0.361579,-0.0286977,-0.145373,-0.359417
P23368,MAOM,-0.464308,-0.520118,-0.239853,-0.299291,-0.463202
P04920,B3A2,0.194339,0.15903,0.312511,0.474415,0.41424
Q14149,MORC3,-0.364778,-0.269384,-0.295761,-0.402157,-0.00334907
Q9Y4G8,RPGF2,0.59423,1.4116,-0.204439,0.310541,0.244595
Q8TEU7,RPGF6,0.441537,0.334999,0.123234,-0.0288575,0.155097
H0YDM4,H0YDM4,0.461486,0.548005,-0.1793,-0.0904679,0.123414
P17677,NEUM,-0.151205,-0.121285,0.169684,0.497304,0.668807
O75153,CLU,1.00488,1.29896,0.57252,0.53839,1.00282
A0A494C0R8,A0A494C0R8,0.870211,1.03727,0.450686,0.367158,0.686145
Q6IEG0,SNR48,-0.377075,-0.370481,-0.348649,-0.170051,-0.363701
Q8WVC0,LEO1,-0.308412,-0.175215,-0.263109,-0.414103,-0.0788469
Q12802,AKP13,0.528497,0.635819,0.0767202,0.0593088,0.166751
Q5T3J3,LRIF1,-0.141159,-0.294943,-0.247526,-0.266145,-0.438303
P04818,TYSY,0.819264,1.2062,0.883024,1.03621,1.45161
O75347,TBCA,0.734028,0.880277,0.392007,0.418072,0.789241
P07355,ANXA2,0.70253,0.873867,0.308323,0.566135,0.631196
Q9BWW8,APOL6,-0.176673,0.833563,-0.20418,-0.00950837,-0.0945063
Q9NZM1,MYOF,-0.167599,-0.104415,0.13507,0.409631,0.0296431
O75923-8,DYSF,-0.14091,-0.0993474,0.115897,0.30893,-0.145868
Q9H078-2,CLPB,-0.467602,-0.674449,-0.299965,-0.386233,-0.631317
Q9BSJ8,ESYT1,-0.39965,-0.432577,-0.246845,-0.293315,-0.545684
Q9BSJ8-2,ESYT1,-0.33844,-0.0157695,0.078814,0.0111995,0.530205
A0FGR8-2,ESYT2,-0.417395,-0.5165,-0.267589,-0.23788,-0.642982
Q9HCH5,SYTL2,-0.184541,0.173781,0.118019,0.371473,-0.189289
Q9HC36,MRM3,-0.429175,-0.616023,-0.286262,-0.282146,-0.604612
P12004,PCNA,0.246306,0.674302,0.236248,0.286358,0.80508
Q9Y6G9,DC1L1,0.562302,0.541771,-0.0634742,0.0386419,0.336272
O43237,DC1L2,0.518722,0.695076,0.0886402,0.0157809,0.326102
Q86U86,PB1,-0.362257,-0.367928,-0.214079,-0.308656,-0.579238
Q9BU76,MMTA2,-0.472497,-0.477933,-0.377093,-0.211383,-0.599893
Q8IXQ5,KLHL7,-0.226064,-0.018965,-0.127944,-0.288492,-0.174565
Q13268,DHRS2,-0.212299,-0.165473,-0.251281,-0.687592,-0.869614
Q8WUH1,CHUR,0.698452,1.18306,0.561401,0.806057,1.31012
P49356,FNTB,0.763118,1.12817,0.47132,0.441593,0.684897
Q9BVJ6,UT14A,-0.528332,-0.741066,-0.404031,-0.288182,-0.572807
P05556,ITB1,-0.041075,-0.203094,0.10076,0.249249,-0.14055
Q9BX70,BTBD2,-0.470953,0.143581,0.367881,0.111812,0.308392
Q96QC0,PP1RA,-0.444584,-0.489867,-0.519608,-0.535707,-0.485991
Q96K58,ZN668,-0.278577,-0.0884616,-0.0636733,-0.0863507,0.0217502
O75683,SURF6,-0.158547,-0.130293,-0.364196,-0.144306,-0.381791
Q7Z6V5,ADAT2,0.485226,0.866717,0.249874,0.268779,0.481765
Q96NC0,ZMAT2,-0.399189,-0.407115,-0.269225,-0.238741,-0.336456
Q9UJU6,DBNL,0.714133,0.638181,0.326897,0.388556,0.544208
Q9BUQ8,DDX23,-0.425513,-0.503711,-0.305127,-0.417955,-0.527644
P55081,MFAP1,-0.247221,-0.718055,-0.361513,-0.259699,-0.568104
Q00653,NFKB2,-0.0653937,0.0599768,0.00802159,-0.221614,-0.325186
P36543,VATE1,0.0813389,0.349442,-0.126839,-0.156818,-0.0264711
Q7L3B6,CD37L,0.291443,0.112682,0.122917,0.314481,0.344129
O00499-2,BIN1,0.724047,0.91508,0.251262,0.240679,0.339344
P49418,AMPH,0.629622,0.527238,-0.0022099,0.0701547,-0.0375209
Q8N0X7,SPART,0.584634,0.643499,0.468501,0.358326,0.61974
Q02241,KIF23,-0.173164,0.000337601,-0.146466,0.128395,0.111986
P55822,SH3BG,0.430797,-0.214822,-0.382657,-0.951956,0.625188
Q9UBB9,TFP11,-0.375018,-0.453016,-0.25106,-0.248542,-0.3569
P62913,RL11,0.252315,0.328527,0.204233,0.251793,0.429212
Q8IXI1,MIRO2,0.0349476,0.32186,0.445705,0.797885,0.0818012
Q8IXI2,MIRO1,-0.0453269,-0.173059,0.558054,0.526071,-0.210501
P61225,RAP2B,0.0116467,-0.061496,0.421489,0.555676,0.159221
Q9Y3L5,RAP2C,-0.1145,-0.216621,-0.148345,-0.129171,-0.491475
O14828,SCAM3,-0.0689027,0.129769,0.0338252,0.0682299,-0.0239
Q9H5N1,RABE2,0.480616,0.498498,-0.0120826,0.0767915,0.363708
O00429,DNM1L,0.763285,0.904921,0.305242,0.260284,0.498037
O00429-2,DNM1L,0.56162,1.03032,0.167087,0.271019,0.293656
Q969S3,ZN622,0.601905,0.684832,0.108044,0.397488,0.718158
Q8WYA0,IFT81,1.17959,0.688432,0.5527,0.254757,0.419348
Q9H8W3,F204A,-0.253644,-0.0885534,0.0152457,0.229033,0.517802
P62993,GRB2,0.678212,0.842639,0.190784,0.179664,0.372525
Q2KHM9,MOONR,-0.413954,0.0572665,-0.0490298,0.00155592,0.172043
Q9Y666,S12A7,0.121366,-0.0198088,0.292105,0.161855,-0.614981
Q9UHW9,S12A6,-0.0124955,0.167385,0.135664,0.188375,-0.0472629
Q9UP95,S12A4,0.141022,0.225829,0.176802,0.326102,0.0397234
Q9H2X9,S12A5,1.58006,-0.611352,0.47722,0.126931,-0.061712
O14562,UBFD1,0.608046,0.757821,0.276945,0.288425,0.643178
Q7Z2Z1,TICRR,-1.06694,1.26631,-0.115071,0.552312,-0.03882
Q9NPE2,NGRN,-0.661969,-0.794241,-0.276406,-0.537943,-0.481471
Q587I9,SFT2C,-0.283735,-0.301892,-0.122451,-0.102774,-0.525599
Q96J01,THOC3,-0.268549,-0.388015,-0.186001,-0.173954,-0.154963
Q86VP1,TAXB1,-0.158338,0.313403,-0.375439,-0.150968,-0.15555
O75400,PR40A,-0.464767,-0.573196,-0.512971,-0.581681,-0.64071
O75400-3,PR40A,-0.274145,-0.499854,-0.232777,0.278047,-0.273986
P39880,CUX1,-0.352066,-0.364153,-0.188013,-0.212217,-0.354669
Q13948,CASP,-0.494255,-0.501698,-0.256553,-0.0387244,-0.687028
Q8NDT2,RB15B,-0.273744,-0.233701,-0.162648,-0.184371,-0.236797
Q96T37,RBM15,-0.460068,-0.481661,-0.338775,-0.334466,-0.533171
Q709C8,VP13C,0.393346,0.471112,0.318649,0.228588,0.293766
P11387,TOP1,-0.410643,-0.553623,-0.31261,-0.238464,-0.298763
Q9BYN8,RT26,-0.429192,-0.353204,-0.0456498,0.00228095,-0.326807
Q9BWH2,FUND2,-0.247586,-0.620089,-0.348938,-0.0896606,-1.00295
Q8WUX9,CHMP7,0.641515,0.805396,0.363005,0.319308,0.485623
P11234,RALB,-0.425729,-0.666802,-0.0485711,-0.127573,-0.326616
P11233,RALA,-0.0871289,-0.501241,0.0944118,0.164627,-0.134633
P52565,GDIR1,0.850568,1.07742,0.474907,0.314285,0.882717
Q07001,ACHD,-0.328583,0.0227334,0.453375,-0.143945,-1.08613
P25325,THTM,0.02829,0.458791,0.198967,0.0724204,0.343168
Q12874,SF3A3,-0.458519,-0.479447,-0.268985,-0.379791,-0.286338
Q6ZP82,CC141,-0.115611,-0.116938,0.233046,0.0664687,-0.164014
Q96B26,EXOS8,-0.356503,-0.443195,-0.470684,-0.436425,-0.353877
Q9UFW8,CGBP1,-0.10333,-0.00563288,-0.116773,0.0203779,0.342775
Q9UHY7,ENOPH,0.773241,1.3294,0.473225,0.497169,0.841849
O95487,SC24B,0.310356,-0.0461633,-0.193854,-0.0209892,0.108999
O95486,SC24A,1.09732,1.02381,0.500781,0.430371,0.592752
Q96EU7,C1GLC,-0.228642,-0.453623,-0.203645,-0.187416,-0.241448
Q9H4A4,AMPB,0.708703,0.958633,0.27936,0.216628,0.420107
Q05682-3,CALD1,0.455348,0.510583,0.120608,0.226232,0.761915
Q7Z5R6,AB1IP,1.05067,0.918138,0.379953,0.676337,1.29583
Q6UN15-5,FIP1,-0.455566,-0.494262,-0.397183,-0.384917,-0.442824
O95219,SNX4,0.328583,0.42371,0.0559249,-0.0563357,0.16556
Q9H4M7,PKHA4,0.313417,-0.775056,-0.414918,-0.698755,-0.361927
P16035,TIMP2,-0.475076,-0.58746,-0.336242,-0.236926,-0.344813
P16219,ACADS,-0.41957,-0.410416,-0.224555,-0.294105,-0.764822
Q8NDZ2,SIMC1,0.0121629,0.135402,0.0663159,0.157463,-0.110806
Q99570,PI3R4,0.521384,0.693955,0.119877,0.0435262,0.466109
Q96K76,UBP47,0.913892,1.02352,0.40677,0.402533,0.589725
Q8WXI2,CNKR2,-0.348407,-0.136483,0.0299742,0.276564,0.332238
Q9P2N6,KANL3,-0.478886,-0.445351,-0.165386,-0.272867,-0.286972
Q9UDR5,AASS,-0.424817,-0.624192,-0.412143,-0.36694,-0.754196
Q9UKK3,PARP4,0.469542,0.605652,0.208166,0.0819499,0.332654
Q562E7,WDR81,0.587377,1.07751,0.493549,0.208313,0.392964
P06400,RB,-0.0455945,0.326467,0.135909,0.211761,0.428421
Q92626,PXDN,-0.354024,-0.366057,-0.021651,-0.141023,-0.366544
P02461,CO3A1,0.0663254,0.164812,0.344297,0.428803,-0.0255053
O00411,RPOM,-0.259792,-0.238158,-0.132337,-0.181923,-0.241566
Q96JQ0,PCD16,-1.42364,-1.60369,-1.10482,-1.74722,-0.93971
Q9NVI7-2,ATD3A,-0.358063,-0.225003,0.0313852,0.0510378,-0.281356
Q5T9A4,ATD3B,-0.311801,-0.337486,-0.065119,0.119999,-0.339074
Q86UK7,ZN598,0.342349,0.654162,0.231831,0.200256,0.622207
P15880,RS2,0.523182,0.676782,0.290077,0.262251,0.534159
P56181-2,NDUV3,-0.234638,-0.482801,0.0146351,0.0509298,-0.440961
A0A8V8TNX9,A0A8V8TNX9,0.719713,1.00302,0.343385,0.258297,0.598734
H3BTN5,H3BTN5,0.455994,1.1216,0.353829,0.33133,0.394763
Q9NUQ8,ABCF3,0.77965,0.870111,0.392817,0.2873,0.739518
Q9UG22,GIMA2,-0.70763,-0.425019,-0.247815,-0.77297,-0.313903
P0DI83,NARR,-0.675958,0.595991,0.335,-0.0984914,-0.369199
Q9NZB2,F120A,0.241065,0.272526,-0.0484409,-0.0324631,-0.00337815
A0A8V8TNY3,A0A8V8TNY3,0.632834,0.566635,0.422515,0.272172,0.29401
P14854,CX6B1,-0.334087,-0.0583975,0.367774,0.165847,-0.114477
Q86WX3,AROS,-0.292081,0.0706539,-0.0446932,-0.00455117,-0.000464916
Q96EH3,MASU1,-0.204663,-0.41235,-0.0543501,-0.371667,-0.259998
P29590,PML,-0.533565,-0.5375,-0.147512,-0.250663,-0.536396
H3BT57,H3BT57,-0.499732,-0.274426,0.0802803,-0.202996,-0.213064
Q9NZ08,ERAP1,-0.323037,-0.442791,-0.234135,-0.391097,-0.487407
Q9UH99,SUN2,-0.194921,-0.370435,-0.0746627,-0.163996,-0.654582
O94901,SUN1,-0.246294,-0.161407,0.160357,0.101173,-0.606361
O95155,UBE4B,0.41146,0.481668,0.190779,0.0873594,0.310647
Q99805,TM9S2,-0.0770843,-0.076443,0.121437,-0.0524459,-0.0654471
P23229-6,ITA6,0.123382,0.123024,0.471239,0.647083,0.405798
Q13151,ROA0,-0.446665,-0.121179,0.0156004,-0.102113,-0.236683
P22626,ROA2,-0.509611,-0.696462,-0.396039,-0.341923,-0.75718
P09651,ROA1,-0.603507,-0.825541,-0.456159,-0.383232,-0.680689
P09651-2,ROA1,-0.300819,0.642556,-0.168735,-0.0833216,0.00641894
P51991,ROA3,-0.49777,-0.536413,-0.271968,-0.228796,-0.560028
Q9BRG1,VPS25,0.83849,1.28289,0.765001,0.665926,0.891894
Q9BX67,JAM3,0.0930729,-0.0489085,0.0893614,0.3769,-0.188571
Q96D15,RCN3,-0.338678,-0.425706,-0.379441,-0.368908,-0.6626
Q0ZGT2,NEXN,-0.373413,-0.433116,-0.195439,-0.21444,-0.102156
Q8NBP0,TTC13,-0.35361,-0.320232,-0.17144,-0.20723,-0.561587
Q9Y680,FKBP7,-0.286674,-0.536213,-0.527414,-0.347085,-0.498832
O94927,HAUS5,0.378198,0.45248,0.140477,-0.0181792,0.281536
Q9H993,ARMT1,0.96764,1.23877,0.655293,0.485627,1.05063
Q8N9N8,EIF1A,0.917674,0.829073,0.431724,0.551486,0.752413
Q6ZT21,TMPPE,-0.244745,-0.259834,-0.130169,-0.101355,-0.417114
O75382,TRIM3,0.419455,0.470317,0.155616,0.193635,0.390839
A0A6Q8PHG4,A0A6Q8PHG4,0.411737,0.831201,0.178275,0.1089,0.330181
Q9BSJ2,GCP2,0.710354,0.61473,0.181608,0.238502,0.343272
Q9H3S7,PTN23,0.571664,0.700099,0.224778,0.220306,0.440984
Q8WVR3,TPC14,-0.273568,-0.0464618,0.174009,-0.00432634,0.465568
Q9NTJ4,MA2C1,0.542421,1.42109,0.780243,0.844021,1.08962
Q15772,SPEG,-0.0100141,0.0692461,0.0636685,0.0050025,-0.0140507
Q12797,ASPH,-0.45833,-0.63976,-0.253538,-0.266261,-0.798043
O14879,IFIT3,0.54853,0.812984,-0.07548,-0.257968,-0.0266356
O43824,GTPB6,-0.53832,-0.501571,-0.323184,-0.344381,-0.474447
Q8N511,TM199,-0.219158,-0.0490308,0.183492,-0.0661964,-0.230304
Q13472,TOP3A,-0.413554,-0.34533,-0.237246,-0.233282,-0.320728
O95985,TOP3B,0.190695,0.0798359,0.132084,0.112772,0.317109
Q9BW71,HIRP3,0.0975907,0.206563,0.109768,0.520183,0.66299
Q9H6A9,PCX3,0.192189,-0.187929,0.279395,0.383902,-0.191703
Q96GZ6-9,S41A3,-0.161622,-0.0352743,0.207546,0.385827,0.40749
Q9ULQ0,STRP2,0.175787,0.844986,0.324125,0.44434,0.556436
Q5VSL9,STRP1,0.150885,0.151903,-0.0687284,-0.020417,0.0360706
Q9HB71,CYBP,0.625105,0.832245,0.0927818,0.127794,0.622282
Q7L7V1,DHX32,0.607437,0.819747,0.642802,0.34412,0.467607
Q8TDM6,DLG5,0.057477,0.32057,0.242215,0.246586,0.178817
Q13796,SHRM2,0.257522,-0.19167,0.0107865,0.212757,0.027298
Q12981,SEC20,-0.522143,-0.48048,-0.16113,-0.162389,-0.247046
P23919,KTHY,0.374027,0.359651,0.183377,0.294853,0.344028
P14373,TRI27,-0.27117,-0.59936,-0.202671,-0.151186,-0.0610943
O94880,PHF14,-0.381249,-0.47872,-0.249963,-0.194617,-0.622333
P51825,AFF1,0.00192952,0.0228758,0.0495386,-0.0597866,0.054481
P23396,RS3,0.550257,0.750041,0.337365,0.236139,0.608234
O43815,STRN,0.0289078,-0.174088,-0.299801,-0.237525,-0.360224
Q9NRL3,STRN4,0.234986,0.078279,-0.0466833,-0.174834,-0.00348616
Q13033,STRN3,0.215291,0.251255,-0.0453675,-0.0374024,0.0390105
Q7RTP6,MICA3,-0.329819,-0.404167,-0.190871,-0.0606728,-0.312184
P30049,ATPD,-0.472472,-1.19056,-0.769844,0.0425977,-0.918256
O94851,MICA2,-0.383723,-0.308167,0.0622826,-0.0350275,-0.335333
O94851-4,MICA2,-0.0838723,0.605568,0.93016,0.339131,0.3098
O15525,MAFG,-0.760849,-0.331375,-0.424032,-0.233505,-0.469887
O60675,MAFK,-0.948591,-2.08947,-0.581082,-0.168216,-0.72151
Q9ULX9,MAFF,-0.58934,-0.375741,-0.696963,-0.462186,-0.444485
Q14247,SRC8,0.479021,0.484005,0.242478,0.208219,0.352644
Q9NQ89,FERY3,0.515812,0.986146,0.347282,-0.392877,0.419646
Q9BVI4,NOC4L,-0.546273,-0.745906,-0.170602,-0.332287,-0.234996
Q6IAN0,DRS7B,-0.432181,-0.410561,0.0463109,-0.143361,-0.364064
O94992,HEXI1,0.0170255,0.417294,-0.0859091,-0.174463,0.0875502
Q15024,EXOS7,-0.411819,-0.425336,-0.253371,-0.271794,-0.184574
Q9HB40,RISC,-0.211182,-0.225157,-0.09232,-0.234688,-0.563274
Q5VIR6,VPS53,0.474097,0.809721,0.385835,0.246939,0.459493
P36551,HEM6,-0.460042,-0.617377,-0.395056,-0.445537,-0.68572
Q13546,RIPK1,0.58999,0.729056,0.474651,0.252895,0.465334
Q9Y5Z4,HEBP2,0.697192,1.08645,0.337031,0.329112,0.503968
Q8IX01,SUGP2,-0.498866,-0.231628,-0.165852,-0.0922997,-0.461576
Q68CP9,ARID2,-0.345637,-0.469218,-0.404333,-0.503642,-0.644686
Q9H792,PEAK1,-0.317644,-0.420711,-0.273515,-0.236567,-0.190894
A0A499FIZ0,A0A499FIZ0,-0.0935605,-0.0540702,0.0661767,-0.216903,0.0905368
P59998,ARPC4,0.646149,0.970709,0.528565,0.444893,0.882826
Q9NQT4,EXOS5,-0.178811,-0.155787,-0.288949,-0.100614,-0.0453148
Q15035,TRAM2,0.0273106,-0.11009,0.0813625,0.277304,0.212787
Q14596,NBR1,-0.289808,0.313088,-0.345469,-0.23982,-0.34888
Q96EP9,NTCP4,-0.16205,-0.384746,0.0583565,0.201961,-0.249698
Q9NU53,GINM1,0.175009,0.68443,0.111877,0.39119,0.172421
Q92544,TM9S4,-0.159872,0.0433321,0.238946,0.0771914,-0.160278
Q8IXT5,RB12B,-0.349227,-0.413698,-0.202791,-0.118448,-0.314395
P30519,HMOX2,-0.375071,-0.525566,-0.247901,-0.1726,-0.466382
Q2PPJ7,RGPA2,0.440801,0.974886,0.903873,0.424491,1.43001
P61254,RL26,0.515721,0.928226,0.30493,0.36387,0.636316
Q9UNX3,RL26L,0.298149,0.818009,0.544637,0.400416,0.637521
Q7Z4L5,TT21B,0.327136,0.566202,0.0841949,-0.121157,-0.060967
O75367,H2AY,-0.116839,-0.65593,0.349427,0.284174,-0.319871
Q9P0M6,H2AW,-0.0481362,-0.287561,0.30504,0.293009,-0.205932
Q13164,MK07,0.693148,0.0212016,0.288429,0.0681703,0.31949
P14649,MYL6B,0.357021,0.401515,0.175645,0.310119,0.404961
P08590,MYL3,0.819409,0.933019,-0.488573,-0.904859,0.0132706
P60660,MYL6,0.62447,0.834527,0.335917,0.424824,0.567813
P05976,MYL1,0.493716,1.0175,1.56174,1.23652,1.20389
P12829,MYL4,-0.13303,0.134755,-1.69461,-2.18667,-0.973893
P61088,UBE2N,0.932563,1.12883,0.51177,0.598596,0.989789
P41252,SYIC,0.522141,0.628335,0.186424,0.082725,0.521062
Q8N5Y2,MS3L1,-0.278925,-0.139285,-0.140184,-0.338633,0.0348592
P61158,ARP3,0.50201,0.751978,0.318671,0.19268,0.601342
Q9Y6N5,SQOR,-0.510699,-0.56768,-0.194818,-0.219011,-0.643317
P17482,HXB9,-0.212209,0.0674646,-0.38514,0.0996907,-0.154864
Q9NYD6,HXC10,-0.0974219,-0.0316818,-0.121713,0.00947928,-0.382705
P09629,HXB7,-0.176317,0.838067,-0.201801,0.353793,0.27187
P28356,HXD9,-0.0275559,0.26657,-0.0126133,-0.13132,-0.0375006
P31274,HXC9,-0.62702,0.252034,-0.121459,-0.246286,-0.232711
P31268,HXA7,-0.262745,-0.535126,0.184194,-0.126532,0.249207
O95777,LSM8,0.0648956,-0.473732,-0.206424,-0.256114,-0.188188
Q9UHD1,CHRD1,0.598341,0.781074,0.299416,0.279707,0.882744
Q12906,ILF3,-0.475075,-0.618239,-0.398063,-0.3059,-0.557502
Q12906-7,ILF3,-0.665166,-0.713342,-0.526885,-0.500759,-0.671776
Q96SI9,STRBP,-0.425962,-0.54165,-0.408326,-0.401836,-0.637787
P63244,RACK1,0.557812,1.09924,0.391161,0.26718,0.815408
O75448,MED24,-0.239621,-0.368148,-0.214285,-0.487236,-0.228395
P09874,PARP1,-0.357567,-0.289308,-0.246466,-0.200769,-0.0193677
Q8TCG2,P4K2B,0.256462,0.524526,0.23681,0.222224,0.327577
P06730,IF4E,0.716589,0.65622,-0.00193429,0.0203607,0.512438
Q9BTU6,P4K2A,-0.349957,-0.43858,-0.0659811,-0.00212502,-0.499272
Q15050,RRS1,-0.0675261,-0.164993,0.10353,0.0390892,0.015008
Q8NCN4,RN169,-0.417978,0.00202131,-0.34305,-0.232932,-0.200316
Q96DV4,RM38,-0.485513,-0.495864,-0.195858,-0.216492,-0.583754
Q9H307,PININ,-0.392439,-0.58619,-0.315439,-0.198373,-0.515785
Q8IYA6,CKP2L,-0.0561354,-0.176746,-0.114197,0.273163,0.151598
Q8WWK9,CKAP2,0.290351,0.240103,-0.0879881,0.576861,0.636302
Q14966-6,ZN638,-0.215027,0.804031,-0.0553098,-0.125251,-0.197162
Q14966,ZN638,-0.490691,-0.50292,-0.304871,-0.408621,-0.546052
Q9Y222,DMTF1,0.101263,0.115628,0.182028,-0.594722,0.388819
Q9UJZ1,STML2,-0.208704,-0.303244,0.316192,0.409317,-0.174663
Q07157,ZO1,0.0295072,0.00763226,0.153126,0.13975,0.194624
Q9H1E5,TMX4,-0.298226,-0.348687,0.0659957,0.00344515,-0.381195
Q9UDY2,ZO2,0.267235,0.280782,0.207266,0.221045,0.335951
Q9BUA3,SPNDC,-0.256853,-0.256679,-0.17515,0.0574205,-0.125204
Q92692,NECT2,0.422144,0.344542,0.452837,0.513862,0.127761
Q9P2F8,SI1L2,0.951527,0.873287,0.282217,0.356399,0.679355
P50991,TCPD,0.436181,0.505007,-0.0159504,-0.0243435,0.292343
P48643,TCPE,0.532194,0.716919,0.138978,0.0977371,0.528546
O43166,SI1L1,-0.163335,-0.0510705,0.129189,-0.101242,0.100761
O60292,SI1L3,-0.404004,-0.27654,-0.158374,-0.198036,-0.0690331
Q9BQK8,LPIN3,0.374557,0.262992,0.0239441,0.235899,0.152372
P32456,GBP2,0.755118,1.10905,0.438455,0.454593,0.655687
P32455,GBP1,0.655641,0.803935,0.171887,0.207711,0.435179
Q99569,PKP4,0.134009,0.0511661,0.134745,-0.10007,0.0797133
O95674,CDS2,-0.229659,-0.455827,-0.103704,-0.124007,-0.395108
B7ZLQ5,B7ZLQ5,-0.427055,-0.491587,-0.144593,-0.22207,-0.48641
O60264,SMCA5,-0.372403,-0.425978,-0.137568,-0.196952,-0.327443
Q9NQC3,RTN4,-0.51249,-0.484581,-0.104573,-0.244859,-0.0739055
Q9NQC3-2,RTN4,-0.75738,-1.22802,-1.82592,-1.39336,-1.57641
Q14684,RRP1B,-0.519822,-0.624148,-0.30159,-0.138914,-0.393603
Q5MIZ7,P4R3B,-0.38169,-0.326213,-0.181022,-0.299781,-0.0195057
Q6IN85,P4R3A,-0.0682032,-0.221144,0.0828307,-0.204607,0.465255
Q15437,SC23B,0.473784,0.687366,0.311749,0.110529,0.556976
Q15436,SC23A,0.13394,0.225696,0.0344272,-0.0180721,0.107241
P13798,ACPH,0.463486,0.512321,0.111213,0.00353861,0.283463
Q13126,MTAP,0.621554,0.759535,0.304032,0.146481,0.566961
H7C1K5,H7C1K5,-0.557812,-0.39153,-0.533306,0.207641,1.12352
Q9NQW6,ANLN,-0.152202,0.144638,0.0499613,0.542615,0.846284
Q9UKJ3,GPTC8,-0.439334,-0.495449,-0.374946,-0.334684,-0.420937
O43719,HTSF1,-0.263074,-0.278603,-0.155298,-0.30688,-0.067255
Q8TEA7,TBCK,0.689108,0.50687,0.222981,0.0166287,0.197792
Q16831,UPP1,0.137645,0.919292,-0.177501,0.118928,0.775533
Q9NZZ3,CHMP5,0.539088,0.506027,0.124983,0.0844986,0.450277
Q96S38,KS6C1,0.361905,0.542057,-0.151597,-0.140078,0.227871
Q03169,TNAP2,0.195594,0.192411,-0.0551229,0.00905395,-0.0357442
P22830,HEMH,-0.483508,-0.539109,-0.284457,-0.265663,-0.667588
P13797,PLST,0.5145,0.759873,0.190854,0.140152,0.650811
P13796,PLSL,0.414428,0.661462,0.0814443,0.1909,0.819026
Q14651,PLSI,0.66545,0.638752,0.0833464,0.0558293,0.179282
Q8TDZ2,MICA1,0.86672,1.00989,0.746785,0.584774,0.82577
Q9H2L5,RASF4,0.942519,1.10708,0.699862,0.346758,0.409397
P50749,RASF2,2.38426,0.248269,0.676097,0.619087,0.679114
Q9BZI7,REN3B,0.0568278,-0.0753975,-0.179836,0.021893,-0.0270262
Q13098,CSN1,0.383653,0.693899,0.244173,0.0789561,0.50359
A0A9L9PX62,A0A9L9PX62,0.274602,0.828192,0.480633,0.0116265,1.19317
Q9BWS9,CHID1,-0.436202,-0.484819,-0.154101,-0.236338,-0.57295
P53602,MVD1,0.376825,0.466554,0.135841,0.148809,0.306923
P18669,PGAM1,0.725695,0.903513,0.251244,0.250198,0.463693
Q8TDR0,MIPT3,0.547321,1.27489,0.228847,0.265404,0.564487
Q9Y613,FHOD1,1.03486,0.793969,0.409418,0.261871,0.534737
Q96EE3,SEH1,-0.370121,-0.164826,-0.10972,-0.300816,-0.142706
Q9Y6A5,TACC3,0.718304,0.902225,0.33821,0.685635,0.781423
Q96L96,ALPK3,0.422866,0.568717,0.460207,0.396119,0.61413
Q92917,GPKOW,-0.313084,-0.324858,-0.294747,-0.253946,-0.126801
Q8TBC4,UBA3,0.754611,1.06554,0.656328,0.666523,1.05855
P12259,FA5,-0.394081,-1.26636,-1.22595,-0.484694,-0.25297
Q6PML9,ZNT9,-0.357902,-0.518349,-0.178795,-0.0790906,-0.431602
Q9P0U4,CXXC1,-0.16051,-0.192774,-0.143472,-0.247623,-0.303708
P36959,GMPR1,-0.0738277,-0.26194,-0.131166,0.0988536,-0.0273054
Q9P2T1,GMPR2,0.511639,0.563262,0.163104,0.320834,0.496566
Q96JM2,ZN462,-0.133631,-0.20012,-0.0380735,-0.039747,-0.31794
P98171,RHG04,0.617422,0.10891,-0.0977175,0.214656,0.12768
P42167,LAP2B,-0.251328,-0.536953,0.0873177,0.105322,-0.443118
P42166,LAP2A,-0.176394,-0.111735,-0.00886631,-0.0702374,0.00978231
P42167-2,LAP2B,0.54975,0.0694089,0.62027,0.506431,0.331664
P0C7P0,CISD3,-0.275309,-0.35722,-0.0205095,0.210374,-0.288392
Q15067,ACOX1,-0.43787,-0.341897,0.200089,0.0824921,-0.273507
Q7L1Q6,5MP2,0.699013,0.900708,0.302914,0.266327,0.706944
Q9Y6E2,5MP1,0.681696,0.851472,0.326771,0.405908,0.93599
P21359,NF1,0.781381,0.545874,0.220949,0.136138,0.326714
P05165,PCCA,-0.444617,-0.570095,-0.223991,-0.348892,-0.734037
A0A0A0MR39,A0A0A0MR39,-0.40461,-0.400167,-0.179373,-0.185301,-0.458959
Q9H3K2,GHITM,-0.106446,-0.00409675,0.395567,0.400871,0.0136831
Q13769,THOC5,-0.395256,-0.540124,-0.39567,-0.473508,-0.42725
Q5JVS0,HABP4,0.492673,0.379222,-0.010236,0.0487056,0.15831
Q8WVQ1,CANT1,-0.328309,-0.367662,-0.394101,-0.320248,-0.648478
Q8IW35,CEP97,0.731877,0.843932,0.338891,0.307985,0.549264
Q00059,TFAM,-0.495964,-0.616739,-0.345218,-0.29282,-0.595538
Q9UP83,COG5,0.392398,0.410559,-0.235286,-0.0132272,0.210171
Q8IU85,KCC1D,1.01346,1.29511,0.728531,0.543941,0.502018
Q14012,KCC1A,0.843781,1.10071,0.17357,0.496422,0.313561
Q5VWP3,MLIP,0.313593,0.744081,0.330749,0.24408,0.679971
P30084,ECHM,-0.483858,-0.629339,-0.356018,-0.40897,-0.722058
Q14160,SCRIB,-0.110659,0.0215225,0.15687,0.114953,-0.0468667
Q14160-1,SCRIB,-0.439157,-1.02682,-0.711613,-0.392939,-0.285827
Q9H000,MKRN2,0.405635,0.556407,0.403494,0.17748,0.457229
Q86XL3,ANKL2,-0.380375,-0.36638,-0.147214,-0.0193539,-0.336331
Q6R327,RICTR,0.468342,0.276582,0.090379,0.0650592,0.107312
Q5T7W7,TSTD2,0.567215,1.84449,0.817332,0.751532,1.30396
Q14166,TTL12,0.484504,0.601012,0.306226,0.324192,0.62554
P57721,PCBP3,0.311384,0.483419,0.210602,0.220033,0.354843
Q15365,PCBP1,0.311719,0.53729,0.213224,0.258811,0.479418
Q15366-3,PCBP2,0.398428,0.531216,0.235742,0.234163,0.553708
Q15366-5,PCBP2,2.10558,1.84469,-0.139066,-0.0280395,0.554874
F8VZX2,F8VZX2,1.03428,0.985441,-0.0309861,0.197926,1.52366
P57723,PCBP4,0.542059,0.630871,0.286656,0.35515,0.623805
Q969Y2,GTPB3,-0.304469,-0.539446,-0.282134,-0.311709,-0.430714
Q8NAF0,ZN579,0.26087,0.267944,0.103881,0.0520525,0.515419
Q86WA9,S2611,-0.105828,-0.153659,0.0232406,-0.0130322,-0.261995
P58317,ZN121,4.12E-05,0.00164485,0.807635,0.244742,-0.38492
Q12857,NFIA,-0.0704288,-0.437655,0.144504,0.477458,-0.113193
P08651,NFIC,-0.22884,0.095897,0.228695,-0.0162075,0.318421
Q14938,NFIX,-0.309215,-0.486167,-0.328391,-0.237333,-0.564586
Q9H0R6,GATA,-0.537289,-0.465162,-0.0849962,-0.23993,0.000934839
P54577,SYYC,0.69749,0.829107,0.238764,0.334473,0.830242
Q7Z460,CLAP1,0.514532,0.580097,0.274235,0.207871,0.531501
E7ERI8,E7ERI8,0.393853,0.639709,0.497448,0.2535,0.716874
Q15543,TAF13,0.238915,0.935825,0.153887,0.401981,0.274147
Q8WUF5,IASPP,0.0415938,0.0728819,0.329192,0.401675,0.549302
Q9Y3D9,RT23,-0.491631,-0.492682,-0.173378,-0.199363,-0.493842
Q8N9F7,GDPD1,-0.362439,-0.521864,-0.214674,-0.210373,-0.701116
Q9H3G5,CPVL,-0.115765,-0.209797,0.128044,0.00416136,-0.0186367
O14908,GIPC1,0.345871,0.308999,0.178164,0.274175,0.310396
Q00973,B4GN1,-0.157751,0.0150173,0.211003,0.142821,0.0579524
Q00973-3,B4GN1,-0.0366492,0.589027,0.145761,0.128764,-0.360002
H0YI57,H0YI57,-0.151399,0.0880942,0.212068,0.454462,0.216243
O75071,EFC14,0.433021,0.253624,0.133514,0.406095,-0.211694
Q9UBV2,SE1L1,-0.421986,-0.603408,-0.223048,-0.227855,-0.658541
O75937,DNJC8,0.0782216,0.316549,0.179296,0.0610893,0.34727
Q13415,ORC1,0.0266435,-0.0588639,-0.016921,-0.078846,-0.271295
Q9NTK5,OLA1,0.766394,1.03746,0.32758,0.294295,0.639565
O43818,U3IP2,-0.731665,-0.957698,-0.482936,-0.520739,-0.762301
Q96ME7,ZN512,-0.47647,-0.603541,-0.291186,-0.208355,-0.735689
P42892,ECE1,-0.0891514,0.100013,0.0478754,0.161879,-0.287939
Q8TDB8,GTR14,0.580067,0.366893,0.574522,0.5862,1.03569
P11166,GTR1,0.246095,0.0434752,0.356684,0.533376,0.297016
O43929,ORC4,-0.140803,-0.216273,-0.193484,-0.164217,-0.00971842
P05166,PCCB,-0.478495,-0.421978,-0.183319,-0.379274,-0.581545
P49189,AL9A1,-0.12009,-0.186339,-0.0866597,-0.0996764,-0.166064
O15015-1,ZN646,0.118025,-0.118505,0.087616,0.0583525,-0.00674534
P43304,GPDM,-0.154881,-0.173678,0.271458,0.474537,-0.29944
P55786,PSA,0.532146,0.805432,0.314626,0.245147,0.456611
P51659,DHB4,-0.514868,-0.559616,-0.119117,-0.171704,-0.462916
O00204,ST2B1,0.227985,0.384922,0.304683,0.33026,0.293839
Q6ZRP7,QSOX2,-0.323021,-0.350518,0.123953,0.109855,-0.366448
Q9H5H4,ZN768,-0.220234,-0.0864387,-0.123724,0.0305359,-0.204468
Q14587,ZN268,0.089777,-0.225978,-0.262931,-0.413145,0.0564537
Q9P0J1,PDP1,-0.504073,-0.591892,-0.274211,-0.418615,-0.745369
Q96FW1,OTUB1,1.03906,1.70633,0.901459,0.685508,1.44011
Q96QD8,S38A2,-0.113309,0.0163207,0.0573361,0.23283,0.248202
Q15813,TBCE,0.661467,0.79398,0.268025,0.204119,0.453757
Q9BQ24,ZFY21,0.122372,0.143057,0.0566113,-0.078985,0.0486252
Q13620,CUL4B,-0.0580943,0.0274119,-0.0424609,-0.120818,0.108162
Q13619,CUL4A,0.155103,0.244551,0.279172,0.165847,0.309691
P84103,SRSF3,-0.382509,-0.46361,-0.233382,-0.127441,-0.384387
Q16629,SRSF7,-0.400927,-0.564795,-0.254739,-0.0905583,-0.415305
Q9BPX5,ARP5L,0.428538,0.576079,0.292493,0.299179,0.478486
O15511,ARPC5,0.449614,0.548418,0.220843,0.267257,0.535661
Q96IR2,ZN845,-0.365095,-0.0431788,0.233414,0.316553,-0.06552
Q8IYM9,TRI22,-0.304877,-0.218268,0.00952697,-0.0454161,0.43602
Q8NFP9,NBEA,0.100874,0.922649,0.411578,0.273605,0.342196
P50851,LRBA,0.520283,0.589904,0.165274,-0.00353765,0.2538
Q15573,TAF1A,-0.876111,-0.537673,-0.299337,-0.324814,-0.217972
O95503,CBX6,-0.219575,0.00536489,0.188651,-0.0102806,-0.288695
P22314,UBA1,0.503577,0.821528,0.297288,0.269471,0.582296
P42704,LPPRC,-0.464546,-0.583467,-0.223218,-0.24061,-0.460867
Q9NP80,PLPL8,-0.523494,-0.525616,-0.265511,-0.288363,-0.77885
O75717,WDHD1,-0.338183,-0.395498,-0.171767,-0.0938036,0.127382
Q9BSC4,NOL10,-0.407215,-0.376332,-0.118592,-0.1546,-0.25368
Q92622,RUBIC,0.0514305,-0.185374,-0.0212471,-0.0703814,-0.0283217
Q92922,SMRC1,-0.323864,-0.32311,-0.186606,-0.206895,-0.127539
Q8TAQ2-3,SMRC2,-0.437617,-0.468833,-0.374225,-0.471422,-0.589215
Q9UL12,SARDH,-0.434348,-0.559121,-0.112622,-0.235029,-0.654704
Q9BYD6,RM01,-0.495091,-0.588311,-0.174341,-0.312203,-0.463735
Q9C099,LRCC1,-0.403764,-0.441967,-0.525957,-0.105895,-0.228446
Q9Y2V7,COG6,0.331432,0.623231,-0.0337803,-0.155912,0.168275
Q5VZM2,RRAGB,0.227026,0.725481,0.169134,-0.0685108,0.244821
P0DMV9,HS71B,0.199233,0.0150647,-0.467805,-0.459932,-0.0582781
Q15031,SYLM,-0.441016,-0.563282,-0.201126,-0.342771,-0.643885
P34931,HS71L,0.119693,0.492799,0.280003,-0.00581574,0.503625
P11021,BIP,-0.356053,-0.576264,-0.443949,-0.384304,-0.517618
P38646,GRP75,-0.482592,-0.627857,-0.381376,-0.347073,-0.566331
P11142,HSP7C,0.230838,0.0316803,0.0584157,0.0620658,0.342695
P54652,HSP72,0.118803,0.0434558,-0.0458734,0.0147476,0.237108
P17066,HSP76,0.263183,0.103579,-0.427958,-0.216095,0.209752
Q02878,RL6,0.592558,0.45224,0.412447,0.531728,0.622375
Q9NYV4,CDK12,-0.372555,-0.344549,-0.32804,-0.431946,-0.382092
A8MW92,P20L1,-0.477848,-0.373569,-0.389382,-0.313783,-0.624696
Q14004-2,CDK13,-0.337738,-0.166291,-0.22172,-0.340347,-0.285527
P24941,CDK2,0.380862,0.702625,0.263743,0.26464,0.592496
P07947,YES,0.0931325,0.078311,0.154473,0.0379732,0.0248461
P12931,SRC,-0.149279,-0.060149,0.0844822,0.0477059,0.118834
P50750,CDK9,-0.37554,-0.366404,-0.395876,-0.453236,-0.461374
P22102,PUR2,0.715031,0.945198,0.348511,0.332366,0.735835
Q00536,CDK16,0.420451,0.624863,0.344596,0.315541,0.700144
Q9Y4F1,FARP1,-0.274959,-0.255289,-0.012543,-0.141554,-0.206488
P06493,CDK1,0.546806,0.723899,0.267313,0.360594,0.612918
Q9BT78,CSN4,0.280412,0.396283,0.185855,0.203535,0.356899
P11802,CDK4,0.55219,0.812564,0.604071,0.57648,0.861989
Q00537,CDK17,0.398189,0.623576,0.410702,0.450885,0.540097
Q9HC52,CBX8,-0.452781,-0.604606,-0.460346,-0.451046,-0.667798
P07948,LYN,-0.376618,-0.311939,-0.200605,-0.311871,-0.315361
P22455,FGFR4,-0.00256801,-0.481794,0.29638,-0.00330377,0.139881
P11362,FGFR1,-0.663047,-0.113596,-0.019814,-0.213724,-0.461156
Q96S59,RANB9,0.126988,0.0539491,0.0461349,0.00215483,0.0800202
Q6VN20,RBP10,-0.243793,-0.36838,-0.134102,0.125102,-0.298493
P28288,ABCD3,-0.454299,-0.526183,-0.139556,-0.0264077,-0.55178
Q99959,PKP2,-0.0715227,0.0700569,-0.381128,-0.446954,-0.351508
Q00534,CDK6,0.857733,0.912178,0.687129,0.799907,1.28701
P06241,FYN,-0.0154068,-0.185895,-0.0271268,-0.115552,0.0237026
Q17RS7,GEN,-0.310079,-0.450382,0.0194554,-0.0147357,0.188933
Q00535,CDK5,0.205413,0.50542,0.0972123,0.0908594,0.201016
O75410,TACC1,-0.204454,-0.227028,-0.192438,-0.0467253,-0.0568717
O95359,TACC2,0.100048,0.103191,0.0106211,0.0877593,0.236071
Q86VI3,IQGA3,0.353256,0.450301,0.211651,0.432797,0.415878
P46940,IQGA1,0.495676,0.596549,0.086031,0.0514574,0.353549
Q13576,IQGA2,0.955403,0.539727,0.368982,0.413158,1.28087
Q13217,DNJC3,-0.374887,-0.58882,-0.446283,-0.422799,-0.682621
O76021,RL1D1,-0.523413,-0.688344,-0.348729,-0.153955,-0.478902
Q13555-8,KCC2G,0.493546,0.962263,0.28572,0.161941,0.320911
Q13557-12,KCC2D,0.423762,0.638824,0.153583,0.0219054,0.283467
Q01968-2,OCRL,0.433361,0.46001,-0.00991249,0.104383,0.161584
Q9Y266,NUDC,0.724332,0.856772,0.0971079,0.15545,0.587091
Q8WXE0,CSKI2,0.00284982,0.0998144,-0.0260932,0.0666318,0.0592864
Q9UK45,LSM7,-0.226405,0.139838,0.0257874,0.0547891,0.0689611
O95273,CCDB1,0.511506,0.602577,0.247587,0.342472,0.66186
O60271,JIP4,0.650347,0.804716,0.20667,0.118015,0.448637
Q9UPT6,JIP3,0.743754,0.89505,0.16978,0.0683455,0.46822
P46781,RS9,0.985469,0.998832,0.667439,0.565939,0.894698
O43776,SYNC,0.728445,0.988145,0.259458,0.30124,0.754066
P62424,RL7A,0.22395,0.233615,0.133343,0.161205,0.284988
Q9NYU2,UGGG1,-0.442853,-0.597471,-0.312772,-0.353743,-0.457131
Q9NYU1,UGGG2,-0.225996,-0.219908,0.158918,0.0197835,-0.130132
Q9UQ80,PA2G4,0.571061,0.723299,0.180987,0.236886,0.605144
P25705,ATPA,-0.499846,-0.615435,-0.252845,-0.250051,-0.570492
O15182,CETN3,-0.212107,0.152223,0.0321736,0.224553,-0.0549855
O15357,SHIP2,0.814281,0.738817,0.301715,0.213288,0.438127
Q09666,AHNK,0.0846603,0.136597,-0.172925,-0.237406,-0.31569
P48552,NRIP1,-1.06656,0.0384964,-0.875827,0.00407457,-1.32975
Q07889,SOS1,0.297666,0.662979,0.168716,0.12926,0.500405
Q9P2K3,RCOR3,-0.395502,-0.39989,-0.313174,-0.404532,-0.559163
Q9UKL0,RCOR1,-0.277023,-0.320618,-0.34705,-0.436487,-0.455732
Q13148,TADBP,-0.413571,-0.24433,-0.175886,-0.261808,-0.325961
Q13438-7,OS9,-0.460395,-0.0707858,-0.27436,-0.448602,-0.779517
A0A8V8TQI8,A0A8V8TQI8,-0.280111,0.166032,-0.215627,-0.367687,-0.688496
Q9H8V3,ECT2,-0.277177,-0.256042,-0.205177,-0.208127,-0.337002
Q5JTH9,RRP12,-0.357976,-0.380332,-0.0985296,-0.0806112,-0.234382
O60306,AQR,-0.274423,-0.315427,-0.011039,-0.197487,-0.211268
Q09028,RBBP4,-0.144775,-0.156322,-0.00580502,-0.072731,-0.0098896
Q16576,RBBP7,-0.0471866,0.209105,0.0819445,0.0385232,0.266906
O43829,ZBT14,0.401038,-0.125811,-0.216081,-0.180145,-0.283945
Q96BN8,OTUL,0.780619,0.904346,0.406199,0.333003,0.675191
Q4G0N4,NAKD2,-0.592474,-0.800966,-0.44477,-0.378058,-0.753541
Q53TN4,CYBR1,-0.1887,-0.435968,0.218857,0.289908,-0.484204
O43852,CALU,-0.423787,-0.592626,-0.363359,-0.381385,-0.334767
O43852-4,CALU,-0.443358,-0.447046,-0.314312,-0.273367,-0.395896
O60437,PEPL,0.0820673,0.0265951,0.106364,0.164166,0.320294
Q16513,PKN2,0.670877,0.721711,0.324735,0.384258,0.413998
O94905,ERLN2,-0.327715,-0.589376,-0.227613,-0.108234,-0.493966
Q9Y490,TLN1,0.617326,0.682288,0.169764,0.15194,0.330249
O75477,ERLN1,-0.200885,-0.463029,-0.107648,-0.0158794,-0.381044
O95067,CCNB2,0.0611751,-0.043865,0.0623446,0.444439,0.482291
P51532-4,SMCA4,-0.431653,-0.573172,-0.285231,-0.298338,-0.363707
Q6ZRS2,SRCAP,-0.34796,-0.391037,-0.229816,-0.348423,-0.43647
Q9Y4G6,TLN2,0.419034,0.487169,0.110403,0.156052,0.211111
P51531,SMCA2,-0.493639,-0.630922,-0.37734,-0.398452,-0.558432
Q9HC77,CENPJ,0.233547,0.190043,0.372274,0.0160956,0.202606
Q96HI0,SENP5,-0.381277,-0.184798,-0.286883,-0.391765,-0.509489
Q16512,PKN1,0.245886,0.450388,0.484921,0.33148,0.824911
P18621,RL17,0.285201,0.245571,0.0449851,0.162818,0.180423
Q5H9R4,ARMX4,-0.274505,-0.307078,-0.188582,-0.249595,-0.320354
Q9Y6N7,ROBO1,-0.231656,-0.235514,-0.0611765,0.0816467,-0.330497
Q02880,TOP2B,-0.498727,-0.62646,-0.2717,-0.177433,-0.456841
P11279,LAMP1,-0.297482,-0.572047,-0.136675,-0.0818884,-0.436367
Q9P2Q2,FRM4A,0.304886,0.542584,0.167026,0.227183,0.30645
Q9Y496,KIF3A,0.718528,0.995527,0.239924,0.0986063,0.438565
Q8IWZ3,ANKH1,0.726428,0.793682,0.14983,0.224498,0.393604
O75179,ANR17,0.882736,1.10483,0.352681,0.264254,0.691769
Q96L93,KI16B,-0.0196381,0.0256219,-0.0658727,-0.169728,-0.0151107
Q5SZL2,CE85L,0.470609,0.273867,0.275657,0.292521,0.472068
Q9Y2C4,EXOG,-0.339371,-0.62859,0.243837,0.0852835,-0.376122
P11388,TOP2A,-0.446567,-0.5453,-0.301617,0.0755274,-0.0408857
Q9H7B4,SMYD3,0.438467,0.700807,-0.0491505,-0.0347145,0.10874
Q96SB8,SMC6,-0.246584,-0.190411,-0.139898,-0.172642,-0.423079
O95239,KIF4A,-0.162806,0.0425894,-0.0800571,0.0394206,0.476538
P63173,RL38,0.344491,0.35346,0.341485,0.524381,0.562116
Q99707,METH,0.66084,0.864285,0.618126,0.613307,0.811663
Q96A19,C102A,0.0697143,0.23494,0.481508,-0.171973,0.109633
Q9H0E9-2,BRD8,-0.525,-0.684376,-0.605753,-0.511424,-0.652252
Q96K80,ZC3HA,-0.442339,-0.686618,-0.521343,-0.556849,-1.03283
Q9Y2S6,TMA7,0.640718,0.834615,0.228141,0.348546,0.781969
P36542,ATPG,-0.456404,-0.478101,-0.101427,-0.170006,-0.383243
Q92793,CBP,-0.404792,-0.503003,-0.295035,-0.443038,-0.196067
Q09472,EP300,-0.612981,-0.474657,-0.28903,-0.286559,-0.451869
Q9H501,ESF1,-0.42896,-0.437847,-0.397571,-0.245018,-0.225545
O14578,CTRO,0.163516,0.20038,0.0839095,0.295519,0.291793
Q32MZ4,LRRF1,0.783969,0.745171,0.153279,0.240148,0.653592
Q14687,GSE1,-0.331354,-0.366457,-0.310031,-0.422324,-0.141366
Q14683,SMC1A,0.0628006,-0.0591559,0.0744455,-0.0185373,-0.0218263
Q6UX04,CWC27,-0.423513,-0.322067,-0.279499,-0.382371,-0.172808
Q9Y608,LRRF2,0.510505,0.464479,0.110671,0.236273,0.391273
Q32MZ4-4,LRRF1,0.531065,0.534708,0.202456,0.370415,0.551914
Q9NP50,SHCAF,-0.399367,-0.36354,-0.438648,-0.396016,-0.24003
Q9Y485,DMXL1,0.665532,0.723644,0.282694,0.26125,0.554917
Q8TDJ6,DMXL2,0.707613,0.854358,0.266993,0.117948,0.315171
O60447,EVI5,0.901503,0.589963,0.372298,0.461955,-0.0139918
P12270,TPR,-0.465908,-0.59005,-0.422499,-0.502834,-0.619468
Q5T5Y3,CAMP1,0.781968,0.791972,0.312923,0.409757,0.779439
Q13535,ATR,-0.191071,-0.170727,-0.104582,-0.232405,-0.120575
Q9NZJ4,SACS,0.353769,0.766402,0.320297,0.319759,0.464061
Q15154,PCM1,-0.301065,0.258202,-0.11231,-0.135726,-0.232911
P82650,RT22,-0.413558,-0.574855,-0.266581,-0.138314,-0.509389
Q9HCE5,MET14,0.11589,0.163982,0.0687754,-0.128494,0.441055
Q8NE79,POPD1,-0.226582,-0.108438,-0.248036,-0.296769,-0.238875
O75143,ATG13,0.451224,0.270533,0.16631,0.36,0.423209
Q86UQ4,ABCAD,-0.245628,-0.248278,-0.155419,-0.150199,-0.235491
Q92734,TFG,0.73278,0.645705,0.317571,0.272105,0.709201
Q86UU0,BCL9L,-0.482323,-0.0770235,-0.198452,-0.0281861,-0.0833786
Q9H583,HEAT1,-0.428762,-0.457844,-0.0790884,-0.109807,-0.0453305
Q9P2L0,WDR35,0.0979767,0.157378,0.234267,0.0774376,0.224561
Q86U38,NOP9,-0.3074,-0.387065,0.0268881,0.0618134,-0.140933
P00387,NB5R3,-0.251766,-0.323565,0.145808,0.0678692,-0.281199
P14314,GLU2B,-0.334668,-0.519945,-0.381187,-0.419045,-0.495958
P14314-2,GLU2B,-0.311433,-0.491759,-0.0662539,-0.499102,-0.439087
K7ELL7,K7ELL7,-0.722122,-0.97121,-0.754725,-0.715091,-0.76766
A0A994J5E0,A0A994J5E0,0.424497,0.806755,0.166574,0.0203872,0.0922434
Q07283,TRHY,0.645865,0.779846,0.256461,0.440968,0.514218
Q709F0,ACD11,-0.426366,-0.209472,-0.0260329,0.0340834,-0.34254
Q9NX62,IMPA3,-0.253284,-0.427243,-0.195557,-0.198603,-0.474568
Q00978,IRF9,0.415798,0.798755,0.338774,0.223494,0.345472
Q9HCH0,NCK5L,-0.0375452,0.0798149,0.0840499,-0.163525,0.24519
P48739,PIPNB,0.56819,0.585128,0.263099,0.320703,0.491191
Q00169,PIPNA,0.803493,1.01897,0.398513,0.377486,0.638384
O95466-2,FMNL1,0.258304,0.215604,-0.0284488,0.00803638,-0.110226
Q86SQ0,PHLB2,-0.0481915,-0.330363,0.0878134,0.106548,-0.0261416
P20810-6,ICAL,0.592195,0.688984,0.145715,0.135535,0.37196
Q9BXP5,SRRT,-0.418267,-0.430115,-0.240669,-0.305949,-0.20402
P49790,NU153,-0.231625,-0.205288,-0.0994065,-0.169481,-0.151178
P29401,TKT,0.430557,0.837224,0.186973,0.174243,0.487118
Q8N2M8,CLASR,-0.43903,-0.558023,-0.258699,-0.183524,-0.292847
Q6XZF7,DNMBP,0.53969,0.369196,0.0898185,0.00423217,0.15358
P46020,KPB1,0.483946,0.572571,0.527332,0.51172,0.94668
P82094,TMF1,-0.340273,-0.402083,-0.369321,-0.315593,-0.479253
Q9Y520,PRC2C,0.105408,0.0958149,-0.0229468,-0.0736215,0.0199642
P48634,PRC2A,-0.0771477,-0.0637832,-0.251864,-0.20538,-0.110847
Q99575,POP1,-0.319845,-0.31659,-0.23935,-0.171771,-0.0711269
Q8NE71,ABCF1,0.53234,0.555417,0.165811,0.0980053,0.434541
Q5JSZ5,PRC2B,0.0841029,0.103025,-0.00643921,0.0640786,-0.0635397
Q12800,TFCP2,-0.247195,-0.495561,-0.163091,-0.110994,-0.118869
Q14738,2A5D,0.603128,0.743984,0.155117,0.155088,0.32293
A6H8Y1,BDP1,0.19761,-0.339321,0.433623,-0.22811,-0.296563
Q8N556,AFAP1,-0.408207,-0.582389,-0.207279,-0.0752826,-0.317855
Q9UPU7,TBD2B,0.838731,0.892513,0.495166,0.389912,0.601805
Q13362,2A5G,0.49834,0.430411,-0.142515,0.0779178,0.321396
Q9UPW6,SATB2,-0.231034,-0.0942628,-0.0556221,-0.060312,-0.0285466
Q9BPX3,CND3,0.457018,0.602675,0.148275,0.252652,0.606993
O15078,CE290,0.847534,0.792443,0.424939,0.32656,0.222612
Q5VZP5,STYL2,0.353073,0.97862,0.619093,0.849864,1.24609
O96018,APBA3,-0.810627,0.118616,0.787515,0.590569,-0.296934
Q15811,ITSN1,-0.0443811,-0.0278044,-0.0145826,0.0493097,0.0478225
Q9BRP1,PDD2L,0.905012,0.758069,0.119834,0.331959,0.909101
P07814,SYEP,0.493414,0.551238,-0.00604916,0.00928736,0.297751
Q9Y4I1,MYO5A,0.00945139,0.044909,-0.00448275,-0.0132434,-0.101912
Q9ULV0,MYO5B,1.33032,1.62754,0.961647,0.718957,1.45082
Q9NQX4,MYO5C,0.225255,-0.0536206,-0.0471597,-0.118414,0.0434589
O00566,MPP10,-0.504597,-0.631025,-0.371641,-0.253005,-0.488658
P57764,GSDMD,0.906323,1.06143,0.618077,0.639528,0.766995
Q13310-3,PABP4,0.327477,0.255489,0.0767241,0.172923,0.349278
P11940,PABP1,0.409717,0.343922,0.133443,0.193334,0.394344
O60610,DIAP1,0.799277,0.907407,0.326394,0.335843,0.679507
O60879,DIAP2,0.622126,0.796694,0.244767,0.292082,0.395659
Q5VT06,CE350,0.466841,-0.0827525,0.308134,0.747676,0.813769
P12956,XRCC6,-0.0727596,0.238299,-0.0142555,-0.0904627,0.31252
Q76FK4,NOL8,-0.521509,-0.56863,-0.274435,-0.255043,-0.44927
Q8TCS8,PNPT1,-0.420566,-0.574341,-0.219188,-0.277578,-0.566106
Q8NG31,KNL1,-0.0682974,0.845864,0.0159638,0.0835493,0.193418
P62258,1433E,0.659652,0.883834,0.305376,0.278353,0.585335
P31946,1433B,0.534911,0.725019,0.157832,0.233007,0.356424
P63104,1433Z,0.569396,0.665623,0.0291214,0.0611336,0.183507
O75121,MFA3L,-0.0511577,0.171852,-0.284269,0.222665,0.1365
P55082,MFAP3,-0.0091424,-0.43312,-0.325975,-0.287596,-0.0240102
P61981,1433G,0.747616,0.99913,0.372712,0.231712,0.669851
Q92674,CENPI,0.540394,0.749413,0.269737,0.152689,0.495996
Q04917,1433F,0.790448,0.720675,0.333636,0.34848,0.576322
Q9Y3M8,STA13,0.878618,1.04153,0.527586,0.705098,0.918062
P04114,APOB,-0.194712,-0.381056,-0.536837,0.161662,0.46162
E9PSI1,E9PSI1,-0.0552475,0.00997114,-0.192516,-0.0694635,-0.506771
Q9H7N4,SFR19,-0.72122,-1.0471,-0.701625,-0.422797,-0.660461
Q9P1Y6,PHRF1,-0.319053,-0.20523,-0.0332208,-0.100511,-0.129999
Q99590,SCAFB,-0.349042,-0.392703,-0.314998,-0.26418,-0.248747
Q96PQ6,ZN317,-0.0577741,-0.035382,0.115369,0.12635,-0.104517
P33981,TTK,0.380949,0.456284,0.172551,0.516743,0.65049
O75964,ATP5L,-0.0232244,0.0366397,0.242371,0.276669,-0.0450613
Q15022,SUZ12,-0.497497,-0.482809,-0.23849,-0.250995,-0.296569
P02765,FETUA,-0.834762,-0.827302,-0.351892,-0.357953,0.256031
P46013,KI67,-0.366231,-0.302069,-0.359841,-0.187347,0.0257382
P46013-2,KI67,-0.282207,-0.425643,-0.280591,-0.227059,0.544526
Q9NS87,KIF15,0.777283,1.19702,0.0975213,0.487607,0.372356
Q9H2Y7,ZN106,-0.145761,-0.140036,-0.342307,-0.0584514,-0.296762
O00468-3,AGRIN,-0.301013,-0.129925,0.189258,-0.0373211,-0.678788
P47914,RL29,0.550385,0.654682,0.166124,0.413068,0.453963
O00425,IF2B3,0.0747738,-0.0372722,-0.196774,-0.161248,-0.333458
Q9NZI8,IF2B1,0.223054,0.281261,0.0675676,0.0254326,0.0600441
Q9Y6M1,IF2B2,0.104649,0.0315259,-0.0710287,-0.0175977,-0.136915
Q8IY37,DHX37,-0.280747,-0.270216,-0.154707,-0.10298,-0.01913
Q9H9E3,COG4,0.471427,0.762139,-0.0268216,-0.0898819,0.329336
Q9P1Z2,CACO1,0.478048,0.758252,0.218499,-0.0129902,-0.0302014
Q96DB5,RMD1,-0.540536,-0.722897,-0.449612,-0.410047,-0.684396
P09960,LKHA4,0.652962,0.984753,0.327415,0.272506,0.631699
Q07954,LRP1,-0.19632,-0.135584,0.364342,0.400346,-0.0928643
Q8N4C8,MINK1,0.112841,0.28025,0.130278,0.0307064,0.199398
P62244,RS15A,0.448852,0.461624,0.169855,0.155516,0.458608
Q6DN90,IQEC1,0.404631,0.580467,0.335467,0.270244,0.308373
Q7Z4K8-3,TRI46,-0.354298,-0.415872,-0.311357,-0.198423,-0.305617
Q13813,SPTN1,-0.363511,-0.449144,-0.153189,-0.179097,-0.174458
P09104,ENOG,0.631119,0.935504,0.353094,0.265957,0.556134
P06733,ENOA,0.694569,0.832919,0.220546,0.261377,0.492115
P13929,ENOB,0.751659,0.41092,-0.121607,-0.414607,0.481282
P30405,PPIF,-0.553074,-0.771583,-0.397056,-0.345888,-0.613919
P46821,MAP1B,0.70666,0.690456,0.0821354,0.215929,0.501031
O15417,TNC18,-0.135138,-0.192799,-0.0644674,-0.218841,0.484801
Q14839,CHD4,-0.396985,-0.371753,-0.199386,-0.299309,-0.318926
P02771,FETA,-0.668221,-0.557477,-0.326399,-0.497046,0.871969
Q13428,TCOF,-0.447789,-0.656598,-0.442533,-0.39732,-0.378633
Q14315,FLNC,0.479795,0.51076,0.142144,0.209395,0.51734
O75369-8,FLNB,0.369167,0.407272,-0.0190663,0.0350633,0.296333
Q8WZ42-12,TITIN,-0.0995581,-0.0330236,-0.229777,-0.36713,-0.103596
Q92614,MY18A,0.265899,0.316088,0.111047,0.0393159,0.311123
Q12873,CHD3,-0.307859,-0.296689,-0.0586348,-0.232091,-0.0966542
P78527,PRKDC,-0.313012,-0.212997,-0.199095,-0.342477,-0.106998
O15020,SPTN2,-0.347991,-0.398405,-0.135834,-0.0959406,-0.166003
Q01082,SPTB2,-0.300417,-0.411634,-0.162704,-0.155154,-0.182753
Q01082-3,SPTB2,-0.508583,-0.951703,-0.328556,-0.259319,-0.0489993
O43422,P52K,0.199741,0.161949,-0.0766792,-0.131874,0.0100236
P35241,RADI,0.636455,0.59282,0.121345,0.226,0.391041
Q9Y617,SERC,0.750864,0.984018,0.344705,0.430927,1.06108
Q69YQ0,CYTSA,0.0869231,0.0249734,-0.198535,-0.157683,0.0724072
P26038,MOES,0.668748,0.701525,0.175257,0.228926,0.476303
Q99523,SORT,0.163973,0.433084,0.475376,0.519506,0.469834
Q96Q89-3,KI20B,-0.308429,-0.300198,-0.339869,-0.112889,-0.0255136
P21333-2,FLNA,0.479048,0.522987,0.0939958,0.0925989,0.385363
Q14789,GOGB1,-0.22087,-0.253979,-0.245838,-0.259719,-0.572402
A0A8Q3SHH2,A0A8Q3SHH2,0.271159,-0.623789,0.137366,-0.283749,-0.670779
Q9NUT2,MITOS,0.0968089,0.244218,0.313822,0.325477,-0.318695
Q14152,EIF3A,0.599351,0.880582,0.155804,0.0528889,0.49707
P78559,MAP1A,0.674567,0.714737,0.207496,0.2514,0.446281
Q8WZ42-6,TITIN,-0.430379,-0.324979,0.218243,0.0756896,-0.039525
Q14008,CKAP5,0.481097,0.517629,0.0696151,0.0973451,0.370906
Q14980,NUMA1,-0.174825,-0.259077,-0.225951,-0.481038,-0.342022
O94964,MTCL2,0.640535,0.927292,0.368866,0.245883,0.51252
O43290,SNUT1,-0.481889,-0.475261,-0.30007,-0.333166,-0.393867
A0A499FI31,A0A499FI31,-0.399536,-0.25694,-0.248846,-0.275737,-0.0727625
P68036,UB2L3,0.947628,1.46249,0.678102,0.592096,1.33787
O14646,CHD1,-0.370615,-0.387019,-0.159846,-0.112474,-0.342429
O14647,CHD2,-0.360537,-0.441202,-0.231941,-0.24442,-0.438896
Q8TD26,CHD6,-0.167974,0.251084,0.0472512,-0.0345721,-0.149148
Q15084,PDIA6,-0.377511,-0.569869,-0.369446,-0.384909,-0.469062
Q9P2E9,RRBP1,-0.378163,-0.509119,-0.214962,-0.198689,-0.595687
Q8WXH0,SYNE2,-0.130235,-0.139999,0.0933337,-0.0156047,-0.383546
Q9HCK8,CHD8,-0.228878,-0.168393,-0.131445,-0.33753,0.045145
Q8N3C0,ASCC3,0.341321,0.766991,0.314725,0.27879,0.656271
O60315,ZEB2,-0.254601,-0.0501924,-0.0065124,-0.0399446,-0.274948
Q14257,RCN2,-0.386359,-0.613033,-0.384713,-0.394226,-0.486893
Q8IWJ2,GCC2,0.358654,0.413044,-0.182982,-0.324248,-0.121208
P37275,ZEB1,-0.416005,-0.413785,-0.259966,-0.212565,-0.340745
Q9UNP9,PPIE,-0.137082,-0.163714,-0.098402,-0.048512,-0.133695
Q15393,SF3B3,-0.374875,-0.482108,-0.173187,-0.241094,-0.178839
P26373,RL13,0.698065,0.598779,0.564106,0.59544,0.57611
Q8N6T3,ARFG1,0.294887,0.152431,0.17396,0.272539,0.325721
Q92945,FUBP2,-0.268845,-0.159864,-0.217779,-0.234403,-0.0689735
Q9P0K7,RAI14,-0.0593836,-0.331916,-0.274235,-0.195902,-0.351663
Q9P0K7-4,RAI14,-0.0986307,-0.555825,-0.410192,-0.210363,-0.731645
P35240,MERL,-0.122605,0.0340507,0.200441,0.204304,-0.0968637
Q96I24,FUBP3,-0.210552,0.0442405,-0.0900896,-0.161006,-0.347962
Q8NF91,SYNE1,-0.0268662,-0.0037322,0.136799,0.0734558,-0.0658612
Q00341,VIGLN,0.516796,0.866368,0.0538251,-0.0484214,0.39833
Q96TA1,NIBA2,0.598285,0.815469,0.347903,0.260918,0.310149
Q5K651,SAMD9,0.590028,0.581416,0.0943971,-0.103652,0.277369
Q9NRD5,PICK1,0.318295,0.667388,0.825137,0.232283,0.351203
Q9NZW5,PALS2,-0.245298,-0.332035,-0.156271,-0.0829093,-0.311687
Q14527,HLTF,-0.148769,0.30383,0.130245,0.0468357,0.371537
Q96AE4,FUBP1,-0.244692,-0.0420432,-0.225059,-0.288911,0.0558827
C9JSZ1,C9JSZ1,-0.326929,-0.0234139,-0.333098,-0.470979,0.0241106
O75648,MTU1,-0.428209,-0.536629,-0.311841,-0.40869,-0.494812
Q13188,STK3,0.663908,0.898121,0.194387,0.11757,0.320777
Q13043,STK4,0.635257,0.708697,0.101613,0.23585,0.268504
Q03519,TAP2,-0.26129,-0.333575,0.0312409,-0.242088,-0.563953
A0A7I2V4I5,A0A7I2V4I5,-0.332566,-0.389019,-0.198562,-0.332709,-0.418163
Q3L8U1,CHD9,-0.245856,0.0714848,-0.0409942,-0.059279,0.0115211
O95819-3,M4K4,0.0608897,0.252791,0.123663,0.0255001,0.230559
O95819-6,M4K4,-0.0690265,-0.228003,-0.299806,0.579122,0.469743
Q9NZR2,LRP1B,-0.440384,-0.493222,-0.37568,-0.306823,-0.5808
Q9BXJ9,NAA15,0.663503,0.824789,0.269953,0.239498,0.627652
Q08752,PPID,0.679892,0.872322,0.151783,0.165308,0.517586
Q92800,EZH1,0.693287,1.07999,1.11573,1.5241,0.677217
Q15910,EZH2,-0.330085,-0.40047,0.00956917,0.0163674,-0.147472
P12814,ACTN1,-0.0331478,0.221393,0.131041,0.157792,0.507523
O43707,ACTN4,-0.0743186,0.101935,0.0118818,-0.000243664,0.111863
P06753,TPM3,0.471653,0.458994,-0.0377617,0.0243256,0.33158
P07951,TPM2,0.464661,0.287433,-0.106379,0.049541,0.190038
P09493,TPM1,0.156795,0.164334,-0.465378,-0.858071,0.0226195
P67936,TPM4,0.677096,0.59446,0.184207,0.327555,0.679264
P07951-2,TPM2,0.572528,-0.130484,-0.185015,0.00976205,0.33188
P06753-2,TPM3,0.470399,0.321001,-0.138649,-0.0874281,0.176995
B7Z596,B7Z596,0.348978,0.272735,-0.0807815,0.0251427,0.399209
P35609,ACTN2,-0.150194,-0.047451,-0.24949,-0.646248,-0.286873
Q96FS4,SIPA1,-0.0570116,0.160452,0.000129938,0.115415,-0.0365775
O75354,ENTP6,-0.589201,-0.396162,-0.191478,-0.49561,-0.48596
Q13136,LIPA1,0.3908,0.0737126,0.077137,0.020735,0.124453
O14576,DC1I1,0.122052,0.331872,-0.00673795,-0.0568745,0.252085
Q8ND04,SMG8,0.642285,0.879693,0.192982,0.238848,0.611387
P49792,RBP2,-0.391836,-0.488382,-0.323718,-0.348747,-0.408602
Q6YHK3,CD109,-0.248266,-0.317061,0.140842,0.0771661,-0.509003
Q96F24,NRBF2,0.40416,0.458702,0.0903215,0.166526,0.203972
Q15149,PLEC,-0.0883076,-0.027595,0.0013411,0.00725818,-0.389973
Q15149-8,PLEC,-0.147249,-0.0324104,-0.11253,-0.0852854,-0.569732
H3BQK9,H3BQK9,0.356233,0.413723,0.214834,0.219008,0.465577
O95602,RPA1,-0.347157,-0.438073,-0.0975018,-0.209472,-0.178226
A0A7P0T890,A0A7P0T890,0.217298,0.206165,0.13723,0.147732,0.250365
O75146,HIP1R,0.246985,0.281021,0.0329328,0.0885439,-0.0655878
P07942,LAMB1,-0.400954,-0.485024,-0.163925,-0.121901,0.00961542
Q03001-3,DYST,0.3047,0.313178,0.205389,0.18227,0.30785
P17661,DESM,-0.531302,-0.547252,-0.0340469,0.00911379,-0.322919
P46783,RS10,0.469743,0.633169,0.0716507,0.145021,0.393942
O14802,RPC1,0.0940645,0.244477,0.0154495,-0.0846426,0.142347
Q7L7X3,TAOK1,0.0674543,0.368922,-0.164856,0.0883553,-0.028717
Q9H2K8,TAOK3,0.216355,0.199932,0.110656,0.103954,0.176479
O94854,K0754,0.311331,0.410423,0.172226,0.158128,0.362978
P55268,LAMB2,-0.236593,-0.0732517,0.0423169,-0.204048,-0.79582
Q14241,ELOA1,-0.419693,-0.495746,-0.439005,-0.415205,-0.30497
Q9UL54,TAOK2,-0.25033,0.165664,0.285239,0.0963221,-0.298254
Q14146,URB2,-0.393168,-0.473607,-0.0690184,-0.117731,-0.225255
Q66GS9,CP135,0.26698,0.420386,0.347745,0.315202,0.450348
Q16352,AINX,-0.511108,-0.547183,-0.224053,-0.159833,-0.438312
Q9P2D1,CHD7,-0.290408,-6.10E-05,-0.15799,-0.490464,-0.364201
Q9BY12,SCAPE,0.563409,0.0916152,-0.36145,-0.213556,-0.530543
Q6ZXV5,TMTC3,-0.249362,-0.243295,-0.0992651,-0.10827,-0.320225
Q9UKE5-4,TNIK,0.306705,0.693642,0.0667019,0.283727,0.566118
O00541,PESC,-0.435771,-0.435528,-0.168696,-0.191027,-0.170576
Q9Y6R4,M3K4,0.548732,0.743542,0.358145,0.387625,0.509523
Q5EBL4,RIPL1,0.382823,0.48912,0.0659678,0.10706,0.396232
A0AAG2T8U2,A0AAG2T8U2,-0.0358775,0.125634,0.360224,0.0813673,0.35974
Q5TZA2,CROCC,0.159445,-0.0344141,-0.0809541,-0.113007,-0.335753
P15311,EZRI,0.670563,0.746877,0.253502,0.185244,0.497596
Q6IBS0,TWF2,0.724188,1.06787,0.605008,0.278077,0.925255
Q13409,DC1I2,0.57001,0.679394,0.0918639,0.0327289,0.368551
P62937,PPIA,0.70153,0.890214,0.356573,0.403458,0.628407
O75489,NDUS3,-0.605474,-0.830727,-0.302186,-0.11585,-0.988985
O75879,GATB,-0.471575,-0.625614,-0.441814,-0.411509,-0.643571
Q9UNX4,WDR3,-0.496123,-0.47576,-0.0721085,-0.122599,-0.127557
P07237,PDIA1,-0.415476,-0.600123,-0.461109,-0.46532,-0.544216
A0A7P0TA35,A0A7P0TA35,-0.576868,0.618884,-0.619137,-0.576181,-0.258727
H7BZ94,H7BZ94,-0.232118,-1.27818,0.175505,-0.846071,-0.869463
Q8NBS9,TXND5,-0.394805,-0.69437,-0.495746,-0.437114,-0.631336
Q9NZJ9,NUDT4,0.308557,0.879966,0.664629,0.330994,0.555502
O95989,NUDT3,0.756128,1.04144,0.435722,0.379124,0.620088
Q9Y5A7,NUB1,0.480849,0.618757,0.171626,0.0163124,0.346196
Q14807,KIF22,-0.323044,-0.349817,-0.217078,0.22589,0.072731
O14715,RGPD8,-0.317681,-0.298319,-0.259085,-0.314033,-0.415219
Q99666,RGPD5,-0.347458,-0.681562,-0.320422,-0.683105,-0.628439
Q8TEP8,CE192,0.49506,0.537512,0.385209,0.326922,0.438203
P06746,DPOLB,-0.115753,0.00445008,-0.189056,-0.266101,0.0393617
O43493,TGON2,-0.171509,-0.183472,-0.0751479,0.0867574,-0.164388
A0AAG2UW97,A0AAG2UW97,-0.260332,-0.326991,-0.0953209,0.0424447,-0.192917
O15439,MRP4,0.324978,-0.470259,0.642531,0.727732,0.127375
Q14689,DIP2A,0.52979,0.663605,0.593414,0.367405,0.618975
O94979,SC31A,0.563053,0.608589,0.218633,0.232152,0.481851
Q15643,TRIPB,0.367861,0.0857978,-0.0112863,0.0353174,-0.145476
Q15853,USF2,-0.275671,-0.298239,-0.274477,-0.192634,-0.308124
P22415,USF1,-0.399555,-0.435163,-0.26089,-0.203325,-0.442626
Q9P2D3,HTR5B,0.433939,0.30511,0.076807,-0.0180101,0.0174959
Q86XA9,HTR5A,0.525202,0.661442,0.237975,0.044975,0.634829
Q9P265,DIP2B,0.363598,0.475828,0.10307,0.165874,0.292892
Q9ULM3,YETS2,-0.505631,-0.446582,-0.482868,-0.612504,-0.621407
P08670,VIME,-0.50366,-0.585092,-0.336968,-0.136471,-0.391456
P39086,GRIK1,0.456012,0.17234,0.467619,0.423288,0.477957
Q9Y5S2,MRCKB,-0.047792,0.162237,0.181929,0.038368,0.0970156
Q5VT25,MRCKA,-0.287585,-0.221064,-0.222292,-0.172139,-0.207267
O14795,UN13B,0.776672,0.905989,0.44886,0.356153,0.457068
O75128,COBL,0.0797219,0.0216424,0.128464,0.0856011,0.0479932
E9PAV3,NACAM,0.586302,0.651218,0.364239,0.257694,0.868213
Q9NVN8,GNL3L,-0.381077,-0.0960536,-0.110885,-0.108173,0.358246
Q9UIG0,BAZ1B,-0.379305,-0.559422,-0.101971,-0.00857472,-0.255035
Q07065,CKAP4,-0.292427,-0.491856,-0.177527,-0.00631166,-0.301114
Q10472,GALT1,-0.273015,-0.216861,0.019093,0.128112,-0.180661
Q96PU8,QKI,-0.063098,-0.00644851,-0.0513196,-0.264196,-0.0212986
Q15041,AR6P1,-0.273667,-0.30732,0.00855851,-0.0252337,0.213215
P06744,G6PI,0.78908,1.122,0.332461,0.313934,0.676391
P27348,1433T,0.772812,0.952116,0.30918,0.330105,0.763003
Q8TCT8,SPP2A,0.204693,0.0436196,0.72889,0.744693,0.495797
P33527,MRP1,-0.0973017,-0.107677,0.237319,0.258228,-0.0529649
Q9BVT8,TMUB1,-0.0753,-0.761792,-0.363267,-0.00466132,-0.782591
Q2M389,WASC4,0.612736,0.757582,0.319353,0.158358,0.50941
Q9Y4B5,MTCL1,0.640301,0.838435,0.592613,0.445717,0.872816
Q9BVP2,GNL3,-0.449689,-0.51463,-0.279014,-0.219663,-0.264893
Q6WCQ1,MPRIP,-0.247631,-0.427745,-0.17603,-0.189915,-0.325614
A0A494BZV2,A0A494BZV2,-0.257234,-0.454488,-0.172206,-0.18404,-0.543252
Q9NR46,SHLB2,0.535095,0.817756,0.273738,0.325238,0.365335
Q9Y371,SHLB1,0.576356,0.639145,0.244022,0.261506,0.431523
Q9H2D6,TARA,0.0991881,0.128249,-0.100243,-0.174374,-0.161102
Q3V6T2,GRDN,0.905365,0.886125,0.338044,0.311372,0.480778
Q96JJ7,TMX3,-0.324907,-0.403712,-0.0131123,0.024236,-0.115571
Q6PI48,SYDM,-0.38218,-0.577519,-0.138142,-0.237791,-0.372588
O14530,TXND9,0.647757,0.916235,0.256511,0.363857,0.854794
Q69YH5,CDCA2,-0.450565,-0.357687,-0.0700519,-0.344191,0.0877326
P23284,PPIB,-0.32738,-0.418483,-0.284327,-0.305722,-0.284165
O43447,PPIH,-0.0963693,-0.134824,0.011997,-0.0287309,0.134561
P00747,PLMN,-0.311653,-0.534144,-1.00816,-1.28785,-1.54215
Q92597,NDRG1,0.424763,0.776325,0.0919576,0.0284414,0.197219
Q9UGV2,NDRG3,0.446245,0.744407,0.248379,0.275934,0.46933
O14980,XPO1,0.298329,0.631179,0.149009,0.123953,0.478093
Q9P219,DAPLE,0.513105,0.700329,0.412496,0.329263,0.538132
P32780,TF2H1,-0.452206,-0.450715,-0.417831,-0.435297,-0.447936
Q7Z4S6,KI21A,0.594334,0.825959,0.0697258,-0.0309584,0.346161
Q96BJ3,AIDA,-0.0940905,0.222376,-0.0758991,-0.0942647,0.11332
Q9NVI1,FANCI,0.0840127,0.351056,0.0868213,0.343984,0.58876
Q13017,RHG05,0.02281,-0.0157011,-0.149631,-0.223549,-0.147643
Q8NDA8,MROH1,0.652396,0.536148,0.390197,0.437637,0.337868
Q9UBK8,MTRR,0.303832,0.432923,0.180445,0.00334406,0.565227
O00232,PSD12,0.325048,0.37528,0.170459,0.0323782,0.488304
Q99685,MGLL,0.28063,0.375903,0.341704,0.485576,0.36348
Q8IY63,AMOL1,-0.158856,-0.708506,0.605942,0.189392,-0.615638
Q9BT25,HAUS8,0.600897,0.579527,0.293742,0.151809,0.434351
Q8IUG5,MY18B,-0.490366,-0.396396,-0.628782,0.0265431,-0.504226
Q9NNX1,TUFT1,0.757918,1.00019,0.460932,0.604484,0.800435
Q12792,TWF1,0.504478,0.590858,0.084173,0.156329,0.317104
Q9Y5Q0,FADS3,-0.250115,-0.170451,0.229714,0.0129185,-0.175372
O75145,LIPA3,0.257205,0.4612,0.196152,0.0964842,0.403336
P13489,RINI,0.667679,1.00167,0.466863,0.422446,0.774323
P51572,BAP31,-0.370284,-0.466738,-0.201749,-0.112107,-0.497323
Q2M1P5,KIF7,0.291724,0.218747,0.511427,0.234031,0.522089
Q68CR1,SE1L3,-0.141121,-0.392189,-0.315274,0.608546,-0.0562811
Q2LD37,BLTP1,-0.0868065,-0.153316,0.0302901,0.115671,-0.311775
Q96BY6,DOC10,0.169068,0.160135,-0.0246863,-0.026403,0.290435
Q9BZ29,DOCK9,0.0511739,0.166932,-0.0211744,-0.0797408,0.307067
Q5JSL3,DOC11,-0.113055,-0.242362,-0.400531,-0.560298,-0.664696
A0A804HKE7,A0A804HKE7,0.609493,0.662385,0.212421,0.166443,0.571253
P27816,MAP4,0.83778,0.890089,0.250731,0.330935,0.641002
P27816-5,MAP4,1.0134,1.11721,0.376988,0.461493,0.669844
Q15276,RABE1,0.225388,0.207366,0.0442252,0.0716119,0.168978
Q13561,DCTN2,0.608281,0.699685,0.223075,0.148502,0.445857
O14910,LIN7A,-0.219911,-0.312932,0.0781736,0.14674,-0.0806789
Q9NUP9,LIN7C,-0.342599,-0.545037,-0.207741,-0.169379,-0.453811
Q5EBL8,PDZ11,-0.0564213,0.0721154,0.224151,0.0180354,0.0651834
O43747,AP1G1,0.119282,0.105403,0.120159,0.0295663,0.215038
Q5VTR2,BRE1A,-0.29736,-0.319616,-0.194409,-0.363771,-0.0599761
Q86V48,LUZP1,0.00998282,-0.0308483,-0.0262735,0.0039525,0.110115
O75150,BRE1B,-0.266809,-0.125424,-0.134743,-0.321818,0.0566764
P49406,RM19,-0.437793,-0.508884,-0.157795,-0.201679,-0.49418
O75843,AP1G2,0.258231,0.713584,-0.102388,0.120112,0.102072
Q04721,NOTC2,-0.243638,-0.235661,0.131644,-0.137293,-0.0439317
Q16643,DREB,-0.258164,-0.447634,-0.118303,-0.0733638,0.058306
Q92616,GCN1,0.762692,0.967362,0.352817,0.25688,0.632878
Q8NFC6,BD1L1,-0.410213,-0.471785,-0.396013,-0.462058,-0.43767
Q14157,UBP2L,0.289156,0.0722973,-0.150464,-0.112393,0.127325
Q14157-1,UBP2L,0.131961,0.013118,0.104843,0.0744348,0.31412
Q07666,KHDR1,-0.404617,-0.417031,-0.413006,-0.449026,-0.446073
P46531,NOTC1,-0.0408363,0.230733,0.23523,0.300772,-0.20643
O60293,ZC3H1,-0.466968,-0.563259,-0.45638,-0.448807,-0.701242
Q7Z333,SETX,0.0469153,0.146027,-0.016634,-0.0940526,-0.0437646
Q96QE5,TEFM,-0.551751,-0.509243,-0.306751,-0.286199,-0.54426
Q9UH65,SWP70,0.670728,0.835171,0.0574024,0.160022,0.3366
Q15814,TBCC,0.902672,1.03196,0.412293,0.533523,0.83376
Q14203,DCTN1,0.565136,0.673737,0.169145,0.100487,0.497867
Q99996,AKAP9,0.0706158,0.0986795,-0.132445,-0.0967832,0.0159533
Q9Y2F5,ICE1,0.41367,0.629529,0.150992,0.208005,0.442367
Q14185,DOCK1,0.25453,0.258936,0.360854,0.289602,0.191239
Q8NI27,THOC2,-0.38351,-0.492322,-0.238505,-0.335064,-0.299739
Q14444,CAPR1,-0.0117247,0.0147579,-0.0119247,-0.0768216,-0.0499651
P31689,DNJA1,0.327766,0.263204,0.311397,0.289643,0.670861
Q92538-1,GBF1,0.443838,0.438605,0.0083127,-0.0587952,0.0862985
P08238,HS90B,0.582244,0.762809,0.315894,0.304427,0.793645
P07900,HS90A,0.591578,0.769577,0.137884,0.150789,0.628295
Q12931,TRAP1,-0.463165,-0.542949,-0.233392,-0.265961,-0.366929
P61020,RAB5B,0.182726,0.0291045,0.0749273,0.155204,-0.0676334
P20339,RAB5A,0.0204642,-0.125821,-0.0431433,0.0253088,-0.0499532
P51148,RAB5C,-0.0724432,0.00132751,0.030246,0.0411134,0.00461555
Q9NQH7,XPP3,-0.352749,-0.474968,-0.121843,-0.330299,-0.513582
Q13206,DDX10,-0.393514,-0.482852,-0.201241,-0.0584214,-0.17856
P14625,ENPL,-0.400149,-0.59242,-0.43275,-0.464125,-0.51289
Q92831,KAT2B,-0.162436,-0.346478,-0.598487,-0.480042,-0.749254
Q92830,KAT2A,0.153475,0.00352001,0.33669,0.292893,-0.170747
Q7Z406,MYH14,0.498977,0.571418,0.173914,0.130331,0.328283
P35580,MYH10,0.27206,0.262116,-0.0427632,0.0173876,0.182319
A0A8I5KWT8,A0A8I5KWT8,0.659177,0.684327,0.0954521,0.172167,0.384535
P11055,MYH3,-0.213196,-0.265411,-2.76037,-3.52601,-2.17031
P13533,MYH6,-0.110946,-0.17575,-1.83864,-2.61076,-1.4397
Q9UKX3,MYH13,1.25711,1.05189,0.48824,0.366532,1.01783
P12883,MYH7,-0.127012,-0.187989,-1.72904,-2.51386,-1.19011
P35749,MYH11,0.73234,0.829094,0.265636,0.15369,0.571295
P21817,RYR1,-0.214189,-0.261214,0.0573931,0.0807953,-0.162169
Q96EV2,RBM33,-0.219628,0.0655589,-0.156631,-0.396665,0.254534
Q96ST2,IWS1,-0.366915,-0.222638,-0.245469,-0.355385,-0.136093
Q13439,GOGA4,-0.293744,-0.208585,-0.229794,-0.220809,-0.249011
O00443,P3C2A,0.103563,0.267802,0.0752585,0.053405,0.135901
P29084,T2EB,0.0788593,0.439534,0.0805266,0.0505538,0.54621
P53804,TTC3,0.0589519,0.308418,-0.0267737,0.125367,0.171277
O60502,OGA,0.718324,0.958301,0.241848,0.18517,0.547573
Q9Y3A5,SBDS,0.801793,1.03326,0.350451,0.399625,0.897651
Q9H6N6,MYH16,-0.247218,-0.385998,-0.0819802,-0.584326,-0.0350361
P30511,HLAF,-0.129169,0.285407,-0.0342155,-0.0613203,-0.515168
A0A140T913,A0A140T913,0.542293,0.539613,1.79598,0.202919,0.165237
P04439,HLAA,0.0981629,0.245226,0.44443,0.336888,-0.168887
A0A0G2JPD3,A0A0G2JPD3,0.136991,0.0677648,0.419125,0.465169,-0.149207
Q2L6G2,Q2L6G2,-0.139921,-0.172415,0.081274,0.0122526,-0.688193
A0A140T9M0,A0A140T9M0,-0.178179,0.0680647,0.0110562,0.297877,-0.353937
A0A140T9J9,A0A140T9J9,-0.264813,-0.0905478,0.0484555,-0.11461,-0.653308
P19634,SL9A1,-0.0975225,-0.0871732,-0.0584919,0.112581,-0.193919
Q9BZF9,UACA,0.146252,0.0634532,0.0491693,0.0810401,-0.14796
Q7Z3E2,CC186,0.273799,0.791601,0.45373,0.416704,0.487229
A0A994J7I5,A0A994J7I5,0.23786,0.0619414,0.0704029,0.819855,0.0987017
P52948,NUP98,-0.244241,-0.135815,0.0113752,-0.137916,-0.169298
P41229,KDM5C,-0.257615,0.0843735,0.0144539,-0.15261,0.0607133
Q8WZA1,PMGT1,-0.320324,-0.0277166,0.0383992,0.106185,-0.339518
Q9UBB4,ATX10,0.669568,0.995954,0.451987,0.542209,0.717529
A0A494C1K3,A0A494C1K3,-0.413424,-0.362882,-0.121156,-0.271164,-0.225674
P42345,MTOR,0.702461,0.544693,0.232633,0.170331,0.289173
Q9UDT6,CLIP2,0.58304,0.612269,0.0139327,0.0893469,0.0820699
P30622,CLIP1,0.660544,0.880948,0.218091,0.2481,0.577318
O95232,LC7L3,-0.445313,-0.46429,-0.182512,-0.103659,-0.0110457
Q6NZI2,CAVN1,-0.433417,-0.651608,-0.235191,-0.230198,-0.524805
Q9NVM9,INT13,-0.202728,-0.205109,-0.284636,-0.358207,-0.312395
Q8WZ74,CTTB2,-0.298911,-0.308963,-0.316842,-0.23706,-0.513007
P46019,KPB2,-0.318197,-0.358249,-0.185266,-0.10145,-0.193256
P30533,AMRP,-0.325554,-0.498139,-0.366376,-0.391382,-0.549268
O43390,HNRPR,-0.448628,-0.508488,-0.174163,-0.200485,-0.374331
O60506,HNRPQ,-0.128014,-0.0742564,-0.135817,-0.0539832,-0.00998116
O60506-3,HNRPQ,0.12061,-0.410761,-0.22607,-0.162709,-0.0890653
Q9BWL3,CA043,-0.2303,0.103079,-0.193672,-0.0476456,-0.60786
Q8IVF7,FMNL3,0.126284,0.210322,0.160374,-0.0629923,-0.0776534
P31749,AKT1,0.720275,1.02054,0.534752,0.583639,0.533036
P31751,AKT2,0.604981,0.480365,0.145661,0.270519,0.582364
Q9ULP0-6,NDRG4,-0.0668266,-0.493948,-0.244573,-0.699741,0.0883853
Q9GZT3,SLIRP,-0.26647,-0.0911913,-0.0391533,-0.0442998,-0.329217
Q6P158,DHX57,0.416311,0.358548,0.206499,0.00213075,0.302622
O14782,KIF3C,0.116043,0.0715601,0.046406,0.0410523,-0.117328
Q9P2P6,STAR9,0.383688,0.685251,0.214421,-0.200497,0.0813725
Q92878,RAD50,-0.379673,-0.422196,-0.318193,-0.470153,-0.398371
Q07820,MCL1,0.48007,0.522454,0.640638,0.462447,0.203614
O15066,KIF3B,0.805063,0.902699,0.392435,0.459193,0.609821
O94972,TRI37,0.179376,0.29416,0.450761,0.27422,0.366611
Q9H2U1,DHX36,0.137265,0.16398,-0.0357516,-0.0258176,-0.00739908
Q9NX74,DUS2,0.0906494,0.385358,0.219704,0.266539,0.160784
Q9BXX3,AN30A,0.440292,0.73216,-0.0567269,-0.148481,0.166305
Q9BXX2,AN30B,-0.380543,-0.365873,-0.319304,-0.134426,-0.169859
P15822,ZEP1,-0.155231,-0.26282,-0.256778,-0.109389,-0.278244
Q01970,PLCB3,0.649179,0.666355,0.261158,0.233032,0.138279
O43264,ZW10,0.020797,-0.0646057,-0.0877852,-0.0513577,-0.0610611
P31629,ZEP2,-0.0628035,-0.0751293,-0.104584,-0.24475,-0.222647
Q5T1R4,ZEP3,-0.739308,0.889259,-0.408204,-0.125236,1.66099
A0A8I5KWQ7,A0A8I5KWQ7,-0.214371,0.0384901,-0.140937,0.119767,0.378499
Q9Y2G3,AT11B,0.284229,0.411168,0.274013,-0.144389,0.773383
Q16822,PCKGM,-0.41379,-0.49967,-0.293242,-0.296659,-0.446928
Q9HBI1,PARVB,0.686234,0.733737,0.237414,0.413798,0.629208
Q9NVD7,PARVA,0.80776,1.01017,0.470906,0.412498,0.641256
O14964,HGS,0.146475,0.138314,0.00386477,0.0248015,0.213153
O75391,SPAG7,0.244331,0.766646,0.378875,0.371476,0.616208
Q96MT7,CFA44,0.308529,0.147667,0.0435832,0.217288,0.161672
P61077,UB2D3,0.78968,0.67657,0.395226,0.5874,0.520195
A0JNW5,BLT3B,-0.053453,0.0603197,-0.173585,-0.168756,-0.0184584
Q6BDS2,BLT3A,0.258775,0.684947,0.0529451,0.10093,0.321714
Q96RQ3,MCCA,-0.450722,-0.540621,-0.250237,-0.256151,-0.489795
Q8NC56,LEMD2,-0.314917,-0.371976,0.0377657,-0.00420117,-0.384785
Q5VUA4,ZN318,-0.421698,-0.318105,-0.371475,-0.560138,-0.639345
A1X283,SPD2B,0.711685,0.77617,0.197598,0.279398,0.509813
O95347,SMC2,0.376005,0.410517,0.11124,0.138225,0.42025
Q5SVQ8,ZBT41,-0.451611,-0.631459,-0.36664,-0.159892,-0.493965
Q96MX3,ZNF48,-0.486538,-0.0172784,0.107653,-0.0724676,-0.0972373
P35789,ZNF93,-0.30848,-0.272566,-0.172769,-0.0916049,-0.0128672
Q03936,ZNF92,-0.866836,0.123177,0.315735,0.549316,-0.230339
P17028,ZNF24,-0.316828,-0.31803,-0.234037,-0.293375,-0.211984
Q9NQZ8,ZNF71,0.813825,-1.10167,0.0577171,-0.457117,0.0883968
O14617-5,AP3D1,0.546757,0.635639,0.275062,0.19083,0.529731
Q9BV97,ZN747,-0.171548,-0.330178,0.0323,-0.0286925,0.148377
Q5TCZ1,SPD2A,0.724135,0.751577,0.252615,0.259813,0.449584
Q9Y6Q3,ZFP37,-0.217684,-0.602099,-0.321108,-0.0563092,-0.478192
Q969J2,ZKSC4,-0.529938,-0.52024,-0.678739,-0.180079,-0.570118
P24752,THIL,-0.507918,-0.57597,-0.272,-0.3266,-0.614381
Q9NR09,BIRC6,0.632206,0.653312,0.271876,0.15498,0.384225
Q09013,DMPK,-0.491548,-0.44298,0.0366061,-0.110504,-0.341025
Q9UPN9-2,TRI33,-0.320704,-0.198655,-0.216597,-0.447993,-0.110149
H0Y612,H0Y612,-0.621673,1.27923,-0.402373,-0.589617,-0.32164
Q9Y4D1,DAAM1,-0.546248,0.197896,-0.380908,0.0355618,-0.277369
Q9BXB4,OSB11,0.187352,0.33871,-0.205094,-0.355679,-0.129762
Q9NRK6,ABCBA,-0.103729,-0.163368,0.433103,0.465856,0.123834
Q13586,STIM1,-0.440799,-0.65633,-0.333099,-0.187329,-0.695343
Q9P246,STIM2,-0.43378,-0.462086,-0.190775,-0.172296,-0.483218
Q96PV6,LENG8,-0.582379,-0.5336,-0.366393,-0.576064,-0.949805
Q9C0G0,ZN407,-0.702159,-1.16987,-0.488771,0.0464314,-0.32387
Q7L014,DDX46,-0.295649,-0.306467,-0.190703,-0.215677,-0.0700932
A0A0C4DG89,A0A0C4DG89,-0.103056,-0.158451,0.0399508,0.0800219,-0.0587049
P31146,COR1A,0.515399,0.186872,-0.0549374,0.0543063,0.173631
Q9BR76,COR1B,0.427861,0.627396,0.225181,0.142901,0.465486
Q13459,MYO9B,0.378742,0.497949,0.424556,0.315229,0.529953
Q9ULV4,COR1C,-0.143627,-0.0631237,-0.0683987,-0.0564406,0.212061
Q9Y2G5,OFUT2,-0.268605,-0.335421,-0.0773778,-0.29738,-0.308475
P49454,CENPF,-0.183266,-0.244921,-0.23362,0.178104,0.140867
P34932,HSP74,0.476325,0.451289,0.00774145,-0.0144489,0.438377
Q8WYP5,ELYS,-0.387186,-0.459901,-0.233713,-0.244565,-0.51024
O95757,HS74L,0.568478,0.65603,0.158788,0.16529,0.556812
Q92598,HS105,0.491112,0.567562,-0.139128,-0.0551946,0.529605
Q9Y2U8,MAN1,-0.230425,-0.342451,0.0197177,0.0056479,-0.251923
B2RTY4,MYO9A,0.841092,0.537223,0.315812,0.236256,0.472007
Q8TBA6,GOGA5,-0.0230031,-0.0660522,-0.108269,-0.137525,-0.286933
A8MXV4,NUD19,-0.421066,-0.599399,-0.368199,-0.454206,-0.5567
Q9NUJ3,T11L1,0.693862,0.8019,0.271095,0.214058,0.435949
Q9Y2Z0,SGT1,0.474981,0.663405,-0.00345087,0.0427785,0.344311
Q4VCS5,AMOT,0.380889,-1.07553,-0.799067,-0.087916,-0.269863
P07197,NFM,-0.497188,-0.66859,-0.134058,-0.152665,-0.31814
O00151,PDLI1,0.546481,0.717778,0.062227,0.0811899,0.387295
A0A994J7H4,A0A994J7H4,0.28939,0.481942,0.270983,-0.0207624,0.475581
P49642,PRI1,0.221226,0.398447,0.221602,0.34005,0.656867
Q9BZD4,NUF2,0.629683,0.735383,0.287091,0.331746,0.545395
O15164,TIF1A,-0.457888,-0.441717,-0.207948,-0.300402,-0.374942
Q9H0B6,KLC2,0.701711,0.798811,0.216849,0.0574045,0.197386
Q96SD1,DCR1C,0.622055,0.614955,-0.0419123,0.151601,0.0489831
Q07866,KLC1,0.817596,0.887036,0.179689,0.227384,0.452977
Q9NSK0,KLC4,0.537194,0.613804,0.201829,0.165624,0.352907
P13747,HLAE,-0.180464,-0.0783191,-0.0126913,-0.0329146,-0.509233
P19320,VCAM1,-0.34002,-0.622151,0.0425344,-0.0710484,-1.87921
Q8IYE0,CC146,-0.0229666,-0.268931,0.127256,-0.00507331,0.365185
Q14168,MPP2,-0.295373,-0.229909,-0.237794,-0.13524,-0.440077
P21589,5NTD,0.283724,0.137248,0.483746,0.449363,-0.250684
O95861,BPNT1,0.530884,0.537732,0.25964,0.118892,0.468825
Q7L775,EPMIP,-0.194776,-0.0096302,-0.287283,-0.361068,-0.275585
P12955,PEPD,0.499307,0.570326,0.142615,0.15635,0.339643
Q9NQS7,INCE,0.0735204,-0.0670252,0.114577,0.383602,0.330768
Q9Y383,LC7L2,-0.230815,-0.075176,0.0215371,-0.0220208,0.330583
Q9NQ29,LUC7L,-0.297318,-0.281512,-0.00844026,0.0500989,0.19388
P12036,NFH,-0.422288,-0.39953,-0.240615,-0.138422,-0.37165
Q7L3S4,ZN771,-0.774697,-0.619432,-0.591116,-0.504349,-0.570172
P14136,GFAP,-0.505584,-0.699809,-0.221024,-0.0865264,-0.310681
Q9P021,CRIPT,0.792631,1.24344,0.349044,0.454017,0.382077
Q9NS56,TOPRS,-0.173799,0.617864,0.010066,-0.259337,-0.0453043
Q7Z449,CP2U1,-0.301365,-0.448146,-0.323785,0.201408,-0.511683
Q02218,ODO1,-0.482572,-0.558824,-0.270456,-0.299215,-0.630237
Q9ULD0,OGDHL,0.0285685,-0.33596,0.156752,-0.210429,-0.0655472
Q9UHD8,9-Sep,0.465087,0.613044,0.121544,0.0838819,0.401602
Q9NVA2,11-Sep,0.530065,0.738984,0.292099,0.164686,0.66487
Q16181,7-Sep,0.502997,0.552508,0.182603,0.15316,0.496214
Q9UH03,3-Sep,-0.12904,-0.325711,-0.202925,-0.166663,-0.0895596
Q14141,6-Sep,0.294016,0.446862,0.107335,0.00947118,0.335597
P25054,APC,0.104742,0.111779,-0.0679746,-0.0828733,-0.0764544
Q14139,UBE4A,-0.173416,0.000784397,-0.218638,-0.168681,-0.154671
Q92599,8-Sep,0.546007,0.689094,0.135946,0.132549,0.43904
Q6UB99,ANR11,-0.00499344,-0.0526211,-0.722049,-0.436118,-0.635303
Q08AD1,CAMP2,0.757389,0.970678,0.250541,0.341338,0.653692
Q9P0V9,10-Sep,0.478499,0.428514,0.219938,0.190675,0.416012
O76031,CLPX,-0.463164,-0.568228,-0.28903,-0.287676,-0.598071
Q9UHN6,CEIP2,0.402229,0.222828,0.404134,0.426772,0.495916
Q96SK3,ZN607,-0.213634,-0.0652373,-0.125315,-0.106423,-0.385962
Q9BZE1,RM37,-0.579006,-0.532434,-0.283614,-0.240258,-0.619221
Q9UEW8,STK39,0.59947,0.991439,0.409617,0.407048,0.863135
O95747,OXSR1,0.78478,1.01399,0.344042,0.303097,0.61609
P52594,AGFG1,0.410823,0.359905,-0.0473504,0.129497,0.0333712
O95081,AGFG2,0.244099,0.398271,0.425646,0.38973,0.398121
Q15075,EEA1,-0.436083,-0.445255,-0.348065,-0.29113,-0.18083
Q9HAV7,GRPE1,-0.509795,-0.663202,-0.277065,-0.333934,-0.43932
Q7Z4V5-2,HDGR2,-0.263525,-0.0775664,-0.154565,-0.208588,-0.0110977
P51858,HDGF,0.116624,0.620359,0.0313973,0.167474,0.601168
Q9Y3E1,HDGR3,-0.306319,-0.230221,-0.114491,-0.0731976,-0.0902901
P41226,UBA7,0.614323,0.200364,0.465103,0.189664,0.130113
P55197,AF10,-0.386249,-0.297841,0.267644,0.849915,-0.31707
O75475,PSIP1,-0.461783,-0.618981,-0.341383,-0.248118,-0.544384
Q9BRK5,CAB45,-0.463617,-0.406383,0.0130446,-0.17105,-0.705913
Q9NR99,MXRA5,-0.644597,-1.18861,-0.675159,-0.379974,-0.770095
Q5TGJ6,HDGL1,1.37456,1.2226,-0.196104,0.137462,0.544841
Q93096,TP4A1,0.293082,0.276654,0.0142236,0.163496,-0.0801194
Q96PY5,FMNL2,0.07722,0.0171022,-0.092679,-0.207444,-0.228028
Q92540,SMG7,0.233512,0.0786209,0.194713,0.143658,0.573101
O00213,APBB1,0.080909,0.335279,-0.123786,0.327609,0.22315
Q96DU9,PABP5,-0.106709,-0.183166,0.0874367,0.128105,-0.130895
Q8IZ40,RCOR2,-0.357994,-0.109879,0.0272911,-0.0267789,-0.064846
Q6QEF8,CORO6,-0.278913,0.182871,0.266259,-0.406449,-0.267758
Q96CN9,GCC1,0.364973,0.494155,-0.30352,-0.227317,0.181512
P20674,COX5A,-0.140186,-0.169741,0.35728,0.545019,0.00445223
P56937,DHB7,-0.217629,-0.346895,-0.317985,-0.24965,-0.476979
P15121,ALDR,0.622527,0.822552,0.257378,0.338825,0.566309
P14550,AK1A1,0.498249,0.616877,0.316739,0.270721,0.448918
O75844,FACE1,-0.260218,-0.315914,0.125382,0.041338,0.0248594
Q7Z5P9,MUC19,0.713097,1.01744,0.599908,0.435144,0.512664
Q99633,PRP18,-0.099838,0.2651,0.000499249,0.0351419,-0.131237
P30530,UFO,0.16908,0.557658,0.680224,0.854892,0.445982
Q12866,MERTK,-0.225869,-0.0419595,0.0572863,-0.0209486,0.019912
Q9NYW8,RBAK,-0.416156,-0.136155,-0.179428,-0.278205,-0.242356
P45877,PPIC,-0.488083,-0.605264,-0.028635,-0.398321,-0.125065
P35813,PPM1A,0.17996,0.724698,0.27694,0.19149,0.4057
O75688,PPM1B,0.507573,0.615545,0.300697,0.210307,0.601621
O14924,RGS12,-0.905031,-0.571134,-0.461034,-0.397494,-0.780234
Q9UN36,NDRG2,0.359471,0.263062,0.145595,0.127915,0.147187
Q0JRZ9,FCHO2,0.0183387,0.466127,-0.158355,0.0129423,0.135276
Q6UB98,ANR12,-0.554747,-0.910167,0.212258,0.274354,0.201005
Q9BRJ2,RM45,-0.544798,-0.541547,-0.290028,-0.276832,-0.598749
Q9Y2K3,MYH15,-0.240148,-0.014488,0.114471,0.0472577,-0.114099
Q8IVG5,SAM9L,0.820455,0.318013,-0.0204384,0.276089,0.68461
A1XBS5,CBAR1,0.0956645,0.109837,0.179135,-0.184156,-0.134164
Q9Y243,AKT3,0.180546,0.389495,0.37247,-0.00825739,0.697643
Q08AN1,ZN616,0.281622,0.25787,0.0198236,-0.187296,0.237104
Q16719,KYNU,1.05692,1.14906,0.339623,0.587908,0.700173
P63000,RAC1,-0.155131,-0.42753,-0.319599,-0.180369,-0.457378
P15153,RAC2,-0.0749679,-0.128812,0.029371,0.025651,-0.0729654
Q15431,SYCP1,-1.32461,-1.20928,-1.00303,-1.08308,0.0428083
Q9H2M9,RBGPR,0.475931,0.604079,0.0925763,0.176389,0.549078
P13994,YJU2B,-0.250012,-0.0696521,-0.423719,0.0681512,-0.367553
P19838,NFKB1,0.731747,0.652706,0.235033,0.337331,0.561817
O43169,CYB5B,0.0250418,-0.13832,0.436344,0.551661,-0.218416
Q3SXM5,HSDL1,-0.321398,-0.494207,-0.0012114,-0.0453675,-0.562112
Q9BYV8,CEP41,1.18126,1.16062,0.924398,0.492881,1.02333
P49591,SYSC,0.839146,0.905715,0.139304,0.119319,0.626995
P33316,DUT,0.224026,0.470342,0.217176,0.184635,0.242671
P14635,CCNB1,0.443597,0.696556,0.293433,0.815544,1.02766
Q8NDV3,SMC1B,0.108665,-0.231942,-0.326504,-0.354182,-0.458903
Q9H672,ASB7,-0.420012,-0.162553,-0.441239,-0.702483,-0.406265
Q96M86,DNHD1,-0.186146,-0.120284,0.107714,0.0642996,0.281166
Q96K21,ANCHR,0.527211,0.90577,0.346348,0.395399,0.624058
Q9H6W3,RIOX1,-0.17942,-0.187294,-0.156116,-0.135951,-0.218715
O60318,GANP,-0.443342,-0.561245,-0.211201,-0.314295,-0.39606
Q6I9Y2,THOC7,-0.415668,-0.439283,-0.283886,-0.456468,-0.288445
Q6IPM2,IQCE,0.101705,-0.137569,0.784165,0.542643,0.940226
Q7KZ85,SPT6H,-0.19966,-0.191253,-0.285795,-0.371088,-0.248967
Q13610,PWP1,-0.0717692,0.304374,0.240687,0.139418,0.19018
P00451,FA8,-0.460705,-0.493977,-0.125943,-0.197727,-0.546396
P62888,RL30,0.138439,0.185695,0.265597,0.272847,0.517987
Q3MIN7,RGL3,-0.467351,-0.37616,0.249226,0.0701699,-0.557783
Q96FF9,CDCA5,-0.577156,-0.563612,-0.421739,-0.203105,-0.310265
Q9BTX1,NDC1,0.0336282,-0.353896,-0.129365,-0.0807776,-0.307585
P51828,ADCY7,1.56745,1.51236,0.890685,0.800831,1.67267
Q14202,ZMYM3,-0.443019,-0.0451586,0.112621,-0.17884,-0.192962
Q9NX58,LYAR,-0.482147,-0.763478,-0.574441,-0.363118,-0.709446
Q9UIW2,PLXA1,-0.0606594,-0.0954597,0.265773,0.211176,-0.357932
O15031,PLXB2,0.109668,0.128449,0.370061,0.420186,0.0381091
P51805,PLXA3,-0.618996,-0.256108,0.113763,-0.153869,-1.0243
P13639,EF2,0.807713,0.990019,0.464195,0.42627,0.900764
Q15477,SKI2,0.782445,0.877237,0.314463,0.242117,0.454801
P42285,MTREX,-0.480707,-0.544269,-0.240716,-0.365654,-0.296499
Q15029,U5S1,-0.187552,-0.292741,-0.212611,-0.230695,-0.324667
P50336,PPOX,-0.472728,-0.652628,-0.280193,-0.305285,-0.604583
P08962,CD63,-0.426701,-0.48261,-0.240638,-0.27148,-0.719352
O00268,TAF4,-0.399114,-0.377151,-0.2956,-0.361602,-0.369777
P33991,MCM4,-0.333491,-0.067229,-0.265405,-0.226406,0.245389
Q9BXS9,S26A6,0.439518,-0.184852,0.0235929,0.0196412,0.0822849
Q96JB5,CK5P3,-0.362923,-0.417995,-0.165448,-0.225683,-0.380238
Q9UPZ9,CILK1,-0.118995,-0.303353,1.46758,0.558289,0.201515
O60673,REV3L,0.018858,-0.130729,0.14208,0.244853,-0.0984263
O60831,PRAF2,-0.619488,-0.536882,-0.345507,-0.204551,-0.40436
O75915,PRAF3,-0.433407,-0.607556,-0.352233,-0.411407,-0.710805
Q9Y484,WIPI4,0.766301,0.988947,0.61526,0.204796,0.852861
Q8WY22,BRI3B,-0.306308,-0.49364,-0.130389,-0.0982957,-0.349673
P55084,ECHB,-0.491107,-0.565645,-0.246921,-0.261049,-0.612527
Q8ND56,LS14A,0.553483,0.527364,0.14436,0.2511,0.186575
Q9BX40,LS14B,0.462852,0.681168,0.233765,0.126523,0.32455
Q16891-2,MIC60,0.166115,-0.19293,0.789569,1.12633,-0.0578635
P28715,ERCC5,-0.173369,-0.281803,0.0681038,0.14674,-0.0531464
Q01433,AMPD2,0.790621,0.952324,0.334721,0.226139,0.473708
Q01432,AMPD3,0.624214,0.514652,0.541078,0.564593,0.252824
O75330,HMMR,0.599485,0.621243,-0.0329318,0.525757,0.90574
Q96SL4,GPX7,-0.38223,-0.516633,-0.281169,-0.227713,-0.33798
Q8N1A0,KT222,-0.325098,-0.815214,-0.038631,-0.558728,-0.353825
Q14204,DYHC1,0.559877,0.728764,0.179364,0.0369422,0.433833
Q9UPU5,UBP24,0.813345,1.1312,0.406354,0.298819,0.78819
O95714,HERC2,0.309649,0.244476,0.376694,0.261758,0.208399
Q9UNY4,TTF2,0.479619,0.680883,0.397357,0.388505,0.412624
Q6AI08,HEAT6,1.21537,1.01395,0.066906,0.764412,0.996983
Q8N1F7,NUP93,-0.31614,-0.434174,-0.184119,-0.252122,-0.344494
P35249,RFC4,-0.0847502,0.0451593,-0.120483,-0.00201797,0.0712035
Q9NRC6,SPTN5,0.864217,0.925001,-0.0657821,-0.00664139,0.502109
Q96JY6,PDLI2,0.42578,0.956084,0.216785,0.927867,0.527286
O95149,SPN1,0.513408,0.843083,0.477396,0.533177,0.637897
Q9Y5H6,PCDA8,-0.719763,-0.433702,-0.443893,0.256185,-1.16608
Q8NCS4,TM35B,-0.334253,-0.237511,-0.14142,0.118966,-0.361569
A0A1B0GVF1,A0A1B0GVF1,-0.147248,-0.13159,0.136352,0.0558097,-0.0648656
Q53S33,BOLA3,-0.320248,-0.216216,-0.193085,-0.109901,-0.226138
Q9BV10,ALG12,-0.4767,-0.244821,0.0278561,0.111633,-0.144992
Q9BXT8,RNF17,0.820189,1.11206,0.361374,0.21488,0.71106
P41162,ETV3,-0.73994,-0.499457,-0.245019,-0.019069,-0.0108747
Q99536,VAT1,0.170915,0.398053,0.15351,0.0686083,0.221962
P07108,ACBP,1.03458,1.56026,0.987772,1.18553,1.39938
P18433,PTPRA,-0.489079,-0.425189,-0.340555,-0.443868,-0.399119
P52740,ZN132,0.133239,0.48542,0.251445,-0.037652,-0.146311
Q9BXF3,CECR2,-0.38549,-0.0119183,-0.362865,-0.24344,-0.0678535
P17020,ZNF16,-0.317102,-0.411154,0.099699,-0.23693,-0.191895
Q96HJ9,FMC1,-0.445097,-0.778506,-0.475054,-0.349705,-0.930177
O75467,Z324A,1.2128,-0.269271,0.913628,1.56901,-0.703964
Q8TDX9,PK1L1,0.0964141,-0.0994112,-0.325756,-0.233368,0.263271
Q14563,SEM3A,-0.575548,-0.13807,-0.040374,-0.17834,-1.04093
Q9C0C4,SEM4C,-0.136566,0.0804651,0.238955,0.220085,-0.244826
O75191,XYLB,0.499246,1.00456,0.389713,0.440799,0.60202
P49336,CDK8,-0.509391,-0.392331,-0.396038,-0.471852,0.0342338
Q9BWU1,CDK19,-0.296877,-0.373174,-0.299553,-0.524306,-0.491968
P17987,TCPA,0.63802,0.747191,0.195589,0.154828,0.622005
O95864,FADS2,-0.311627,-0.171754,0.284578,0.19921,-0.30832
O60427,FADS1,-0.353,0.0027349,0.421333,0.120652,-0.288388
Q6P2C8,MED27,-0.199161,0.0669203,0.117954,-0.0526588,0.132089
Q9UIJ7,KAD3,-0.507738,-0.632306,-0.285286,-0.436064,-0.678736
Q9HAB8,PPCS,0.805506,0.930604,0.201254,0.247279,0.535874
P30566,PUR8,0.659093,0.700218,0.286701,0.420026,0.712093
Q9Y6J0,CABIN,-0.478471,-0.531781,-0.105403,-0.397306,-0.630119
Q5TAX3,TUT4,-0.524372,-0.0790713,-0.0778775,-3.70E-05,-0.11935
Q5VYS8,TUT7,0.59771,0.515409,0.159156,0.226723,0.26583
Q16656,NRF1,-0.166725,-0.0217443,-0.406986,-0.381103,-0.156128
Q13601,KRR1,-0.444499,-0.554906,-0.267561,-0.124035,-0.322536
Q9UPM8,AP4E1,0.537649,0.72235,0.329967,0.268912,0.336207
I3L0A0,I3L0A0,0.468185,0.544356,0.384686,0.532587,0.661402
Q15819,UB2V2,0.727019,0.95246,0.432976,0.435756,0.703526
Q96H40,ZN486,0.119893,0.834441,-0.236336,0.485502,0.00805664
Q9Y4J8,DTNA,-0.18747,-0.319355,0.163724,-0.0604548,-0.226262
O60941,DTNB,-0.44349,-0.525743,-0.0704789,-0.179169,-0.34737
P09211,GSTP1,0.232513,0.405603,0.204443,0.107315,0.302253
Q96MX0,CKLF3,-0.124076,0.411052,0.366373,0.189306,0.418201
P78344,IF4G2,0.524065,0.650451,0.127935,0.0967436,0.516611
Q9UEG4,ZN629,-0.222047,-0.295426,-0.0234277,0.146073,-0.340548
Q9NXG2,THUM1,0.153078,0.692914,0.213846,0.235784,0.66223
P08237,PFKAM,0.773753,1.02528,0.345455,0.154337,0.606422
Q01813,PFKAP,0.738078,0.984432,0.327203,0.185445,0.665941
P17858,PFKAL,0.7873,1.05455,0.461056,0.32189,0.599746
Q9P267,MBD5,0.612323,0.696933,0.691664,0.632409,1.15004
Q8IYS1,P20D2,0.582629,0.882921,0.35428,0.268081,0.595958
Q9HB90,RRAGC,0.180155,0.519357,-0.187089,-0.156212,0.00675511
P62699,YPEL5,-0.176115,0.28389,0.406359,-0.241357,0.410082
P29372,3MG,-0.195826,0.0702729,-0.158265,-0.261448,-0.197
P49207,RL34,1.03197,1.26969,0.956384,0.888377,1.23371
Q96JH7,VCIP1,0.64387,0.632413,0.148012,0.176993,0.426716
Q9BTY7,HGH1,0.798079,0.787519,1.02463,0.927901,0.983166
P62701,RS4X,0.449525,0.704446,0.264731,0.228415,0.510173
O75674,TM1L1,0.477876,0.49578,0.265603,0.267754,0.363247
P40123,CAP2,0.82434,0.907221,0.399989,0.348309,0.859897
Q01518,CAP1,0.55238,0.731534,0.120108,0.106738,0.435263
Q7Z3E5,ARMC9,0.987672,1.06505,0.674595,0.556425,0.53101
P30414,NKTR,-0.251553,-0.461104,-0.204853,-0.0674338,-0.43478
Q9Y463,DYR1B,0.120063,0.0651577,-0.0959325,-0.109113,-0.0697203
Q13627,DYR1A,0.266558,-0.122946,0.0521567,0.131766,0.208078
Q8NBQ5,DHB11,-0.27678,-0.392739,-0.00654769,-0.202968,-0.230863
Q14690,RRP5,-0.461972,-0.447272,-0.142997,-0.171012,-0.252115
Q8IU60,DCP2,0.359843,0.0916758,-0.118818,-0.0113332,-0.0140898
P39023,RL3,0.514164,0.498389,0.386626,0.431211,0.646383
O43663,PRC1,-0.0925305,0.137897,-0.0179353,0.3516,0.41362
O43663-4,PRC1,0.0142477,-0.00447369,-0.143843,0.15778,0.0313389
P26440,IVD,-0.438729,-0.541643,-0.335083,-0.381551,-0.615733
P51809,VAMP7,-0.151013,0.0300734,0.525789,0.287298,0.289462
P26368,U2AF2,-0.515721,-0.556573,-0.303185,-0.212673,-0.299004
G3V325,G3V325,-0.475928,-0.451147,-0.162038,-0.230217,-0.403028
P56134,ATPK,-0.478306,-0.814535,-0.48061,-0.0992016,-0.986271
P46060,RAGP1,0.509907,0.596092,0.348437,0.365253,0.612448
Q330K2,NDUF6,-0.394372,-0.604787,-0.259779,-0.287782,-0.374574
Q9UQB8,BAIP2,0.347899,0.252656,0.0321057,0.264452,0.167424
Q02252,MMSA,-0.0955486,-0.1093,0.00739384,-0.132891,-0.327818
Q16739,CEGT,-0.196231,0.209879,0.257974,0.140496,0.0508785
Q6ZW61,BBS12,0.621501,1.15299,1.95368,0.925179,1.97265
P31327,CPSM,-0.51862,-0.635155,-0.292897,-0.360968,-0.778814
P27708,PYR1,0.729667,0.904749,0.451966,0.392585,0.913138
P53992,SC24C,0.310484,0.235367,0.0924416,0.0858424,0.252761
Q63HN8,RN213,0.383981,0.749722,0.290425,0.0300751,0.22255
P16591,FER,0.354913,0.624533,-0.146727,0.192936,0.0810492
Q9BQS8,FYCO1,0.0450144,0.174584,-0.108342,-0.131856,0.0721579
Q86Y82,STX12,-0.0500302,0.104648,0.162072,0.216223,-0.0234785
Q9H0N5,PHS2,0.0426338,0.255723,0.162836,0.0749905,0.119446
P61457,PHS,0.939141,1.42787,0.767921,0.686622,1.08314
P13807,GYS1,0.5301,0.69426,0.152504,0.0988765,0.644405
Q8NDH3,PEPL1,-0.00597477,0.417783,0.141869,0.182528,0.322008
Q13618,CUL3,0.235853,0.439761,0.0681801,-0.0230219,0.163257
Q6PJT7,ZC3HE,-0.375388,-0.3628,-0.156114,-0.303064,-0.514363
Q99698,LYST,-0.088155,-0.118693,0.03321,-0.00484324,-0.157708
O43813,LANC1,0.509863,0.670363,0.345999,0.255732,0.375122
O95372,LYPA2,0.673315,0.612178,0.377429,0.878933,0.517548
Q8WTS6,SETD7,0.470448,0.78804,0.328573,0.40361,0.961231
Q8N392,RHG18,0.851377,1.15532,0.577166,0.669806,1.15716
Q9P2N2,RHG28,1.73681,2.1394,1.06414,0.642346,1.24506
Q9Y6R6,Z780B,0.296436,0.179934,0.238942,0.0364456,0.0376401
P15586,GNS,-0.350579,-0.522767,-0.36396,-0.500794,-0.67856
O00115,DNS2A,-0.362789,-0.420461,-0.224874,-0.499315,-0.644221
Q6NUS6,TECT3,0.328781,-0.106054,1.05762,0.242302,0.341233
Q8TC05,MDM1,-0.00317001,0.42665,0.692392,0.504615,0.82569
P30048,PRDX3,-0.618675,-0.702986,-0.246261,-0.237835,-0.605721
Q9NS00,C1GLT,-0.400891,-0.425303,-0.513474,-0.403651,-0.861682
P13010,XRCC5,-0.117471,0.1442,-0.0781538,-0.185101,0.223166
Q13617,CUL2,0.0603826,0.290185,-0.025934,-0.152282,0.19972
A5YKK6,CNOT1,0.328504,0.47361,0.203911,0.0340102,0.279712
Q8NAP3,ZBT38,-0.260109,-0.503973,-0.814541,-0.334416,-0.736197
Q04323,UBXN1,0.680921,1.03107,0.611227,0.447408,1.07073
Q8IWI9,MGAP,-0.196042,-0.326281,-0.229261,-0.171885,-0.347514
Q92890,UFD1,0.129037,0.138369,-0.117882,-0.106922,0.0992916
P10768,ESTD,0.877504,1.20379,0.459572,0.411333,0.908531
O15042,SR140,-0.282794,-0.349943,-0.30393,-0.235825,-0.403282
O15067,PUR4,0.723544,1.06602,0.403525,0.378945,0.705307
Q86W42,THOC6,-0.304178,-0.216904,-0.139986,-0.273846,-0.196657
Q9GZM5,YIPF3,-0.31549,-0.227974,-0.311003,-0.338937,-0.575717
Q9H0E2,TOLIP,0.141098,-0.0183501,0.117757,0.130841,0.16152
P61619,S61A1,-0.191689,-0.308291,0.369661,0.171798,0.235637
P15621,ZNF44,-0.469784,-0.124157,0.314423,0.0788081,0.443439
P19256,LFA3,-0.0552695,-0.588475,0.0628941,0.191323,-0.342689
Q9UN86,G3BP2,0.612885,0.567907,0.203301,0.0727904,0.404764
Q13283,G3BP1,0.433716,0.612991,0.126535,0.0189874,0.431423
Q8N3K9,CMYA5,0.300693,0.243708,-0.0303578,-0.0122519,0.190521
Q9H9C1,SPE39,0.548808,0.768755,0.223574,0.319461,0.479996
Q9UNZ2,NSF1C,0.586876,0.789914,0.223273,0.186515,0.626174
P11310,ACADM,-0.437194,-0.46739,-0.314353,-0.387977,-0.637074
P31939,PUR9,0.614517,0.864206,0.335554,0.31094,0.665578
Q8WUH2,TGFA1,0.97122,1.07431,0.16089,0.202253,0.517251
Q8NBJ7,SUMF2,0.0210805,0.0309317,-0.228452,-0.231028,-0.103585
Q9HBM0,VEZA,-0.121043,-0.09077,-0.0104711,0.0848203,-0.102006
P01023,A2MG,-0.500137,-0.780524,-0.37546,-0.0635633,0.254316
O43847,NRDC,0.339034,0.713757,0.465918,0.230433,0.784722
P35052,GPC1,0.0537148,0.239955,0.300267,0.177356,-0.32912
O75487,GPC4,0.22367,-0.239851,0.304136,1.45607,-0.342875
O00442,RTCA,0.595304,0.718835,0.401299,0.2744,0.851349
Q07021,C1QBP,-0.569819,-0.774007,-0.47036,-0.411546,-0.631706
Q9BXP2,S12A9,-0.251231,-0.222977,0.110554,0.0587175,-0.28186
Q9Y5L0,TNPO3,0.457021,0.980119,0.329023,0.100593,0.747053
Q12979,ABR,0.826063,1.09271,0.559173,0.455708,0.623163
P11274,BCR,0.603284,0.986486,0.357111,0.330041,0.611244
P48147,PPCE,0.732464,0.832621,0.364104,0.249063,0.581569
O95394,AGM1,0.608493,0.929776,0.341168,0.302217,0.620121
Q9NRW7,VPS45,-0.118102,-0.104623,-0.156673,-0.155406,-0.253882
P25490,TYY1,-0.231625,-0.135866,-0.352837,-0.28533,-0.215478
Q8IY18,SMC5,-0.306161,-0.184105,-0.100226,-0.232199,-0.278071
P02741,CRP,0.390873,0.0638099,-0.00960064,-0.0644536,0.168688
Q71U36,TBA1A,0.700141,0.935511,0.443886,0.405745,0.686298
Q9BQE3,TBA1C,0.365385,0.881791,0.472543,0.437967,0.641906
P68366,TBA4A,0.832167,0.960516,0.481806,0.495985,0.803328
A6NHL2,TBAL3,0.267396,0.49282,0.249621,0.938894,0.71939
Q9Y5X2,SNX8,0.172131,0.537584,0.0360386,0.0643008,0.42805
Q9NQW7-3,XPP1,0.741005,0.929167,0.318885,0.326871,0.577447
Q5SWX8,ODR4,-0.483135,-0.389194,-0.0390365,-0.145506,-0.146777
Q8NCC3,PAG15,-0.408354,-0.462607,-0.330054,-0.502361,-0.789808
P52737,ZN136,-0.19145,0.211636,-0.139835,-0.0280836,-0.250289
Q8NHQ9,DDX55,-0.307078,-0.543408,0.0196908,-0.189576,-0.00747609
P26572,MGAT1,-0.130268,-0.172014,-0.00435925,-0.0416586,-0.360466
Q96LJ7,DHRS1,-0.309518,-0.492684,-0.0831311,-0.322202,-0.785347
Q53GL7,PAR10,0.696707,0.678627,0.231582,-0.0293698,0.147783
Q6P4F7,RHGBA,0.343902,0.594509,0.314496,0.0870738,0.114887
Q9BRX2,PELO,0.637137,0.765663,0.228723,0.197031,0.49671
Q9HD34,LYRM4,-0.461927,-0.430595,-0.141782,-0.275525,-0.449019
Q9P0U3,SENP1,0.376032,0.375395,0.0557454,0.072928,0.222315
Q00325,S25A3,-0.192689,-0.23542,0.304769,0.409682,-0.120321
Q9NR12,PDLI7,0.153332,0.338805,-0.0175116,0.131167,0.277938
Q8IWW6,RHG12,0.520026,0.550137,0.269218,0.377075,0.628466
Q9ULG1,INO80,-0.376262,-0.270193,-0.306189,-0.103078,-0.155427
O14523,C2C2L,-0.232002,-0.542178,-0.0259166,0.0548823,-0.313138
O75027,ABCB7,-0.259645,-0.525994,-0.0984616,0.0842581,-0.61851
Q9P1Z0,ZBTB4,-0.18901,-0.0755374,0.0807607,-0.137725,-0.711051
Q8WW12,PCNP,0.199589,0.597911,0.301334,0.308069,0.640231
Q92974,ARHG2,0.700556,0.722238,0.289767,0.296499,0.534358
Q9UJV9,DDX41,-0.399833,-0.434081,-0.291086,-0.343127,-0.373859
Q8IXK0,PHC2,-0.18644,-0.243391,-0.238482,-0.273911,-0.353779
Q8NDX5,PHC3,-0.390247,-0.229251,-0.234949,-0.52442,-0.485471
Q9UPT8,ZC3H4,-0.294944,-0.455949,-0.477,-0.277005,-0.354615
O14832,PAHX,-0.38169,-0.394164,-0.070205,-0.247726,-0.536109
Q86VM9,ZCH18,-0.373832,-0.410468,-0.235038,-0.156389,-0.352284
P61011,SRP54,0.344256,0.404897,-0.0659084,-0.0634913,0.237701
Q6Y1H2,HACD2,-0.150666,-0.269632,-0.367882,-0.226216,-0.713542
Q96AY3,FKB10,-0.262582,-0.471578,-0.156646,-0.174273,-0.474189
O95302,FKBP9,-0.349621,-0.539,-0.29972,-0.33506,-0.538728
Q9Y5J1,UTP18,-0.386248,-0.424492,-0.168269,-0.0883884,-0.22172
P40926,MDHM,-0.560632,-0.66962,-0.420916,-0.469781,-0.619209
Q9ULJ7,ANR50,0.0687301,0.27431,0.0874777,-0.0246515,0.0336094
Q99808,S29A1,0.50125,0.567168,0.98583,0.737324,0.726632
P05388,RLA0,0.485942,0.599035,0.26533,0.301982,0.500997
Q6ZRI6,CO039,0.774858,1.53125,0.259368,0.34109,0.751885
Q9BQG0,MBB1A,-0.467189,-0.497039,-0.191073,-0.0986853,-0.12628
Q7Z7L1,SLN11,0.000109673,0.616893,0.225769,0.125727,0.516325
Q68D06,SLN13,0.614403,1.73458,1.60167,0.837865,1.65241
P06396,GELS,0.824439,1.00558,0.467009,0.396797,0.533106
O15014,ZN609,-0.257198,-0.081856,-0.295888,-0.210718,-0.223205
O15212,PFD6,0.916129,1.30004,0.906216,0.840099,1.38044
Q9BUE0,MED18,-0.0986736,0.447065,-0.0609629,-0.264609,-0.0463614
Q9Y3R5,DOP1B,0.695583,0.989562,0.412584,0.447213,0.591859
Q9NZB8,MOCS1,-0.231084,-0.298857,-0.143197,-0.0659142,-0.460496
A0A804HJX8,A0A804HJX8,0.731895,0.602103,0.416382,-0.11919,0.282281
Q9P270,SLAI2,0.456697,0.413776,0.22056,0.271816,0.487582
Q9UJW0,DCTN4,0.460674,0.483109,0.14516,0.057415,0.365192
P16278,BGAL,-0.447946,-0.545858,-0.212903,-0.377592,-0.584319
Q8WUR7,CO040,0.037771,0.358482,-0.0800154,0.226897,-0.0288286
P08240,SRPRA,-0.256747,-0.388298,-0.140858,-0.122486,-0.29869
O43396,TXNL1,0.157185,0.312563,0.00204372,-0.0993741,0.221404
Q9UHF7,TRPS1,-0.193798,-0.437308,-0.318025,0.0884051,-0.339823
O43164,PJA2,0.871698,0.924476,0.320816,-0.0649974,0.463587
Q86Y37,CACL1,-0.102223,0.0749071,0.352695,0.110698,0.226125
P47756,CAPZB,0.177227,0.18033,0.0898418,0.00606132,0.255677
P47756-1,CAPZB,-0.383496,0.0324368,-0.0422409,-0.0984142,-0.0688713
Q9HD67,MYO10,0.213293,-0.352014,-1.11738,-1.01137,-1.37133
Q9UBB6,NCDN,0.490108,0.909101,0.40054,0.350617,0.576149
P21912,SDHB,-0.551486,-0.732441,-0.32993,-0.235688,-0.700252
Q14699,RFTN1,0.0279603,-0.0557654,0.264225,0.293504,-0.225439
Q9Y320,TMX2,-0.349585,-0.394706,0.0320544,-0.0332963,-0.133662
Q9Y256,FACE2,0.530821,0.250674,0.913143,0.624653,0.206198
Q9UGR2,Z3H7B,0.42479,0.599584,0.135324,0.0580559,0.239627
Q9NZT2,OGFR,0.219391,0.333833,0.0471227,-0.0115724,0.345233
Q13501,SQSTM,-0.15308,-0.101493,-0.410375,-0.604174,-0.433977
E9PFW8,E9PFW8,0.171252,-0.207843,-0.454612,0.0852458,-0.567914
O43766,LIAS,-0.610847,-0.502851,-0.329602,-0.326654,-0.551259
Q96RP9,EFGM,-0.519559,-0.592738,-0.317262,-0.39365,-0.551052
O94953,KDM4B,-0.151263,0.180161,0.0853484,0.102519,0.00303578
Q6B0I6,KDM4D,-0.306473,-0.280393,0.387701,0.44282,0.0279293
Q8TD30,ALAT2,-0.464868,-0.503925,-0.322378,-0.276843,-0.101579
Q9UJ70,NAGK,0.760757,0.967238,0.386819,0.45171,0.834833
Q9UDX5,MTFP1,0.198908,0.287005,1.01296,0.886604,0.131139
Q9P299,COPZ2,0.854579,0.930529,0.500265,0.482799,0.675473
Q6PJG6,BRAT1,0.292525,0.673985,0.618444,0.467936,0.893679
P58335,ANTR2,-0.00905538,-0.181128,0.388131,0.548206,0.350681
Q9H6X2,ANTR1,-0.0177786,0.0502491,0.504341,0.4686,0.321805
Q9H6X2-3,ANTR1,-0.234549,0.0901423,0.52422,0.731038,-0.0797124
Q12962,TAF10,0.476953,0.367366,1.10974,0.628814,0.708436
Q9NVH1,DJC11,0.228684,0.247754,0.701017,0.787496,0.289568
O75165,DJC13,-0.0774782,0.176512,0.0902452,0.0551789,-0.0629199
Q9BY49,PECR,-0.229573,-0.745077,-0.447148,-0.0770559,-0.699543
O15234,CASC3,-0.168124,-0.0995004,0.198228,0.212185,0.156991
Q9UHG3,PCYOX,-0.419963,-0.459409,-0.102783,-0.251895,-0.510455
O43709,BUD23,-0.00821877,0.0790925,-0.00314403,0.0822234,0.51715
Q9H0A0,NAT10,-0.482384,-0.481814,-0.218668,-0.222583,-0.29706
P98170,XIAP,0.381376,0.680229,0.411378,0.321744,0.251195
Q13490,BIRC2,0.341653,0.449798,0.409909,-0.142034,0.133312
Q9P0T7,TMEM9,-0.118235,-0.0432763,0.150909,0.387433,-0.185038
Q9NQ34,TMM9B,0.120208,0.051497,0.397635,0.413255,0.0389514
Q8TF72,SHRM3,0.354956,0.749743,0.549758,0.31475,-0.338327
Q96EB6,SIR1,-0.0561759,0.162611,-0.170969,-0.139933,0.480292
Q6NUM9,RETST,-0.361264,-0.297066,-0.116744,-0.198528,-0.450303
O14745,NHRF1,0.685266,0.985962,0.164366,0.2433,0.410813
P49137,MAPK2,0.409808,0.746144,0.46142,0.325144,0.639248
P51817,PRKX,0.806724,0.93132,0.470138,0.564149,0.655765
Q13541,4EBP1,-0.109135,0.193995,0.24825,0.373383,0.843138
Q8TD19,NEK9,0.341795,0.284213,0.0786293,0.227068,0.234985
Q9Y296,TPPC4,0.282933,0.246876,0.00454068,0.238443,0.400834
Q92889,XPF,-0.0830512,0.00951862,-0.18486,-0.163623,0.0553944
Q92522,H1X,-0.483213,-0.582651,-0.345,-0.354653,-0.954416
O43760,SNG2,-0.159564,0.197447,0.620955,0.0732756,0.485847
Q9ULI0,ATD2B,0.110321,-0.185683,-0.134657,0.0915396,-0.173674
Q9Y3X0,CCDC9,0.37481,0.423237,-0.0447772,0.0578442,0.12907
Q6PL18,ATAD2,-0.342295,0.0877831,-0.415864,0.178468,-0.139016
Q9NXW2,DJB12,-0.43193,-0.411471,-0.271296,-0.14958,-0.212732
O95218,ZRAB2,-0.381058,-0.301885,-0.382372,-0.258002,-0.0297687
Q8NBX0,SCPDL,-0.39676,-0.443252,-0.143034,-0.0693693,-0.506586
O75607,NPM3,-0.836504,-0.978135,-0.522395,0.0517128,-0.789762
Q6P1X6,CH082,-0.55641,-0.343546,-0.0290108,-0.302925,-0.524461
P10588,NR2F6,-0.287948,-0.337686,0.142678,0.123059,-0.808881
P51610,HCFC1,-0.376465,-0.431269,-0.264925,-0.317851,-0.321668
P51610-4,HCFC1,-0.536227,-0.607082,-0.458407,-0.258532,-0.103153
Q9BQA9,CYBC1,-0.214656,-0.480561,0.0300696,0.022964,-0.333875
Q7Z6B0,CCD91,0.540248,0.369764,0.345676,0.424936,0.252691
Q9BWD1,THIC,0.808635,1.04178,0.230957,0.331263,0.612429
Q96P11-2,NSUN5,-0.215071,-0.0991821,-0.0505016,-0.0461526,0.404178
Q9Y2Z4,SYYM,-0.275635,-0.302336,-0.232138,-0.203132,-0.42953
P51397,DAP1,1.26875,1.38138,0.967474,1.01527,1.53658
Q96EY7,PTCD3,-0.283309,-0.296653,-0.0132158,-0.0517106,-0.261911
P23378,GCSP,-0.398813,-0.501201,-0.103256,-0.305279,-0.624813
Q86YB8,ERO1B,0.123629,0.484986,-0.0121956,-0.129161,0.0776763
Q96HE7,ERO1A,-0.27151,-0.486495,-0.268532,-0.3752,-0.429655
P55263,ADK,0.668105,0.890388,0.273285,0.324793,0.590758
O60476,MA1A2,-0.535644,-0.717566,-0.44831,-0.348779,-1.02242
P33908,MA1A1,0.0483818,0.186113,0.201898,0.194371,0.146654
Q6P1N9,TATD1,0.251673,0.360637,0.0347834,0.189559,0.385478
Q6NVY1,HIBCH,-0.550684,-0.636442,-0.419705,-0.507096,-0.813739
Q9NWR8,MCUB,-0.0142317,-0.0330458,-0.0699594,0.252063,-0.162755
P09669,COX6C,0.20716,0.276325,0.753023,0.851872,-0.0193784
O60930,RNH1,-0.218187,-0.274395,0.0034318,0.033422,-0.43056
Q8IWV8,UBR2,0.509946,0.39508,0.175052,0.0791845,0.328428
P23526,SAHH,0.612516,0.805897,0.356818,0.324353,0.913205
Q96HN2,SAHH3,0.214769,0.369809,0.357134,0.154558,0.712079
O43865,SAHH2,0.307544,0.276701,0.420221,0.366526,0.519541
Q96BT7,ALKB8,0.209719,0.088546,0.144175,-0.024709,0.0230856
Q13616,CUL1,0.231259,0.500726,0.0895793,0.0189164,0.346685
Q8TDB6,DTX3L,0.530113,0.776552,0.225837,-0.087503,0.0656774
O75069,TMCC2,-0.33875,-0.285492,-0.272308,-0.0134041,-0.59982
Q9ULS5,TMCC3,-0.419735,-0.394614,-0.162265,-0.363781,-0.730863
O94876,TMCC1,0.362867,-0.112273,0.430712,0.369611,0.372867
P33992,MCM5,-0.250574,0.117455,-0.0655966,-0.104394,0.462011
Q8N5G0,SIM20,0.144752,0.200135,0.315789,0.0925808,-0.200388
P49736,MCM2,-0.0983295,0.252008,0.140563,-0.0363419,0.621166
O00257,CBX4,-0.334809,-0.330131,-0.593561,-0.440279,-0.567714
Q9Y3B7,RM11,-0.410886,-0.545573,-0.235046,-0.195467,-0.540372
Q8N584,TT39C,0.915496,0.71856,0.667956,0.517469,0.663725
Q5JTZ9,SYAM,-0.370232,-0.45747,-0.180104,-0.242522,-0.455603
Q9H2T7,RBP17,0.197834,0.00280023,0.76601,-0.150027,-0.179043
Q9NPH3,IL1AP,-0.118945,-0.517355,0.387255,0.141751,0.123932
Q96LA8,ANM6,-0.0753298,0.405314,0.125783,0.0491672,0.574677
O60832,DKC1,-0.185795,-0.203596,-0.0216188,-0.0254221,-0.0394077
P49748,ACADV,-0.486061,-0.674205,-0.301191,-0.28851,-0.73666
Q9H6F5,CCD86,-0.158237,-0.178541,-0.00393343,0.0166664,0.106178
Q9Y689,ARL5A,-0.14386,0.772516,0.460192,0.642048,1.01317
Q5RKV6,EXOS6,-0.359955,-0.435424,-0.2447,-0.273627,-0.286828
P04424,ARLY,0.399673,0.518611,0.163367,0.326946,0.472612
Q6NSJ5,LRC8E,0.156696,-0.191193,-0.0729458,0.212431,-0.228196
A0A140TA36,A0A140TA36,-0.446012,-0.403821,-0.261495,-0.328643,-0.775319
P05198,IF2A,0.55703,0.57666,0.0705156,0.0882826,0.376206
Q8WUA8,TSK,-0.701599,-0.396771,-0.457441,-0.4008,-0.51258
Q9Y5Y5,PEX16,-0.544889,-0.685212,-0.00745869,-0.117592,-0.198986
P13987,CD59,0.304033,0.224385,0.377832,0.503386,0.285065
Q643R3,LPCT4,-0.173282,-0.379022,-0.0232785,-0.0332861,-0.447949
Q969N2,PIGT,-0.312569,-0.255517,0.00119591,-0.0274377,-0.221026
P34949,MPI,0.682941,1.25703,0.646531,0.643158,1.04858
O75947,ATP5H,-0.271013,-0.166743,0.278015,0.407696,-0.222736
Q6PCB7,S27A1,-0.331428,-0.16634,-0.11035,-0.00317192,-0.624287
Q6P1M0,S27A4,-0.318646,-0.359574,-0.0957146,-0.0850849,-0.443191
Q9Y2Q3,GSTK1,-0.419657,-0.0610013,0.245821,0.110065,-0.191921
P40227,TCPZ,0.629102,0.735335,0.0845585,0.0586655,0.467928
Q9UQR1,ZN148,-0.336027,-0.198053,-0.0681946,-0.103182,-0.33587
Q08431,MFGM,-0.271582,-0.232102,-0.136114,0.0151114,-0.301694
Q7Z434,MAVS,-0.159795,-0.213404,0.492446,0.575791,-0.225246
P0C1Z6,TFPT,-0.631796,-0.304264,-0.573838,-0.411178,-0.464875
Q9HAN9,NMNA1,-0.462912,-0.494167,-0.332435,-0.375388,-0.497732
Q8WXI4,ACO11,0.306882,0.427256,0.211653,0.0186586,0.24196
O15530,PDPK1,0.57757,0.589583,0.119755,0.18701,0.181309
P18124,RL7,0.595896,0.613021,0.430486,0.448056,0.611676
P35268,RL22,0.0974734,0.154732,-0.0300148,-0.00843239,0.138429
Q6P5R6,RL22L,0.471041,0.607413,0.556306,0.590859,0.933564
Q8WVM0,TFB1M,-0.0344265,-0.371333,-0.118479,-0.0253689,-0.424755
P18887,XRCC1,-0.304983,-0.310398,-0.257249,-0.231884,-0.160146
Q9BW19,KIFC1,-0.344291,-0.110099,-0.182779,0.445162,0.505172
Q15691,MARE1,0.600565,0.813782,0.382625,0.403908,0.668809
Q15555,MARE2,0.794134,0.745369,0.212273,0.417758,0.560854
Q9UPY8,MARE3,0.605412,0.910235,0.374958,0.441127,0.576488
P17844,DDX5,-0.453575,-0.3212,-0.21071,-0.196416,-0.21291
Q92841,DDX17,-0.452984,-0.412883,-0.216537,-0.234899,-0.338701
O00571,DDX3X,0.326658,0.352326,0.150705,0.140864,0.316827
Q16533,SNPC1,-0.650976,0.00410891,-0.275422,0.549171,0.108735
P36776,LONM,-0.475326,-0.622103,-0.29236,-0.280499,-0.506592
Q12965,MYO1E,0.532589,0.744841,0.415839,0.470299,0.543974
O15400,STX7,-0.0880489,-0.208316,0.00247979,-0.0483732,-0.332389
O00159-3,MYO1C,-0.344408,-0.393447,-0.162547,-0.329103,-0.37855
O43795,MYO1B,-0.419842,-0.521762,-0.061954,-0.138911,-0.128971
Q8NCM8,DYHC2,0.577151,0.539892,0.591368,0.494527,0.255943
P22087,FBRL,-0.464528,-0.521905,-0.200959,-0.1992,-0.390116
A6NHQ2,FBLL1,-0.476339,-0.441339,0.0431483,-0.119233,-0.0438809
Q6P1R3,MSD2,-0.0166612,0.0811012,0.174779,-0.0412643,-0.121971
P49023-2,PAXI,0.634543,0.610007,0.33727,0.293544,0.322155
A0A1B0GTU4,A0A1B0GTU4,0.168543,0.183038,-0.0593071,-0.145268,0.617191
Q9ULL5,PRR12,-0.0997932,0.138407,0.0356028,0.0399966,0.0346973
P57737-3,CORO7,-0.238859,-0.279217,0.0234394,0.156041,-0.322163
P57737,CORO7,0.477199,0.686761,0.287833,0.277707,0.17801
Q9Y5T5,UBP16,0.27252,0.425433,0.104731,0.235543,0.307332
Q16630,CPSF6,-0.491002,-0.517698,-0.404023,-0.487259,-0.261816
Q9NQZ2,SAS10,-0.352084,-0.267889,-0.15424,-0.0172162,-0.194357
Q9NYP3,DONS,-0.566805,-0.547725,-0.113914,-0.227762,-0.222753
P48047,ATPO,-0.520387,-0.652301,-0.327279,-0.28298,-0.71509
Q8WXF7,ATLA1,-0.460442,-0.36353,-0.138807,-0.195525,-0.20838
Q8NHH9,ATLA2,-0.383363,-0.289342,-0.191831,-0.275524,-0.348531
Q6DD88,ATLA3,-0.36043,-0.545557,-0.307548,-0.240652,-0.516054
P52209,6PGD,0.249073,0.352208,0.108586,0.0311801,0.268589
Q99439,CNN2,0.539907,0.674451,0.318169,0.468218,0.546836
Q15417,CNN3,0.677865,0.822664,0.413878,0.52793,0.717854
Q99549,MPP8,-0.264167,-0.543686,0.0940208,-0.0237563,-0.288903
Q9H0U9,TSYL1,-0.261077,0.187155,-0.165906,0.0112989,-0.126741
Q16222,UAP1,0.735816,1.03911,0.607049,0.646679,1.13576
Q3KQV9,UAP1L,0.771287,1.08372,0.307623,0.339008,0.634468
Q4VC44,FWCH1,-0.476383,-0.961842,-0.400452,0.0313646,-0.484851
Q9UJX3,APC7,-0.035404,-0.0705531,-0.196774,-0.295695,-0.0128028
Q9H1A4,APC1,-0.0906677,-0.143315,-0.121935,-0.124515,-0.0996621
Q8WX93,PALLD,0.807391,0.620826,0.321198,0.19724,0.352763
Q9ULP9,TBC24,0.204257,0.589803,0.00064826,-0.0929091,0.166579
Q6P4R8,NFRKB,-0.270046,-0.306767,-0.299714,-0.352088,-0.331514
Q8WVX9,FACR1,-0.460193,-0.47129,-0.0834336,-0.0169768,-0.42875
P31150,GDIA,0.727892,0.880818,0.408236,0.36582,0.780021
P50395,GDIB,0.58434,0.890495,0.375484,0.346377,0.785321
Q9H6U8,ALG9,-0.355943,-0.463262,-0.32338,-0.112247,-0.468434
Q70CQ4,UBP31,0.382237,0.753035,0.469528,0.308391,0.3601
O00299,CLIC1,0.75282,1.02495,0.413539,0.512746,0.912063
Q9Y696,CLIC4,0.802342,1.01887,0.344043,0.342236,0.686946
P12273,PIP,0.077635,-0.807308,0.762597,1.15104,0.663784
P24588,AKAP5,-0.462574,0.0343888,-0.137792,-0.267079,-0.80076
P31431,SDC4,-0.0731993,0.669679,0.30706,-0.229964,0.0920691
Q5JQC9,AKAP4,0.178391,-0.07777,-0.146754,-0.0473166,0.348807
Q5D1E8,ZC12A,0.285286,-0.0474353,-0.0176296,-0.132729,-0.362538
P35398,RORA,-0.104323,0.150758,-0.314431,-0.425021,-0.401809
Q8TCJ2,STT3B,-0.151816,-0.284635,0.0198691,0.0505068,-0.111864
P46977,STT3A,-0.221527,-0.203809,0.177537,0.0994856,-0.091212
Q9Y6D6,BIG1,0.566827,0.760884,0.164034,-0.0997074,0.486991
Q9Y6D5,BIG2,0.531794,0.560466,-0.167413,-0.214229,0.265096
Q9NQR4,NIT2,0.33241,0.497901,0.226336,0.227487,0.425274
Q9Y312,AAR2,0.451081,0.679399,0.25547,0.0341642,0.763193
Q15645,PCH2,0.851994,0.869324,0.435422,0.440729,0.876081
O43175,SERA,0.61055,0.734712,0.200655,0.159629,0.715465
O43572,AKA10,0.651112,0.527107,0.131014,0.120855,0.393407
Q96DM3,RMC1,-0.151832,-0.0446544,-0.35901,-0.225336,-0.414007
P06756,ITAV,0.0825202,0.209586,0.455792,0.45693,-7.39E-05
Q8IVL6,P3H3,-0.355687,-0.374062,-0.199474,-0.261299,-0.598463
O75167,PHAR2,0.77469,0.724972,-0.0470469,0.179156,0.33654
Q9Y679,AUP1,-0.0410039,0.11679,0.189005,0.15151,0.131284
Q8IZ21,PHAR4,0.0176432,-0.317708,-0.491528,-0.249104,-0.116019
Q12769,NU160,-0.426478,-0.49396,-0.103843,-0.270298,-0.283744
Q10469,MGAT2,-0.135536,0.0798199,0.245296,0.227867,0.168493
Q9Y287,ITM2B,-0.0818245,0.350624,0.36383,0.29835,0.528734
Q16698,DECR,-0.422136,-0.58595,-0.31085,-0.258784,-0.612213
Q96NT0,CC115,-0.423984,-0.369046,0.0330811,0.0966921,-0.152044
P12532,KCRU,0.777318,0.904941,0.412661,0.116632,0.53189
P12277,KCRB,0.474488,0.470994,0.153954,0.265208,0.468199
P19784,CSK22,-0.0605476,-0.0574627,-0.0842776,-0.114867,0.042953
P68400,CSK21,-0.120832,-0.220668,-0.158049,-0.0612695,-0.0308707
P17540,KCRS,-0.0241158,-0.193719,-0.0294149,-0.0484414,0.0603848
P06732,KCRM,-0.614965,-0.663854,-0.480839,-0.574896,0.566478
Q92506,DHB8,-0.559342,-0.62742,-0.143785,-0.256693,-0.333387
Q9Y224,RTRAF,0.170622,0.5483,0.766387,0.522603,0.900455
P53350,PLK1,0.252256,0.205307,0.265913,0.579044,0.90443
O00487,PSDE,0.164961,0.143049,-4.72E-05,-0.0303106,0.255247
P26358,DNMT1,-0.132938,0.136452,0.0649641,0.0234616,0.371343
Q9UK61,TASOR,-0.311282,-0.297284,-0.124599,0.00373459,-0.317421
Q8N7H5,PAF1,-0.282166,-0.295251,-0.390159,-0.420342,-0.339354
O43861,ATP9B,0.284533,0.160663,0.149617,0.439449,0.490659
O75110,ATP9A,0.777678,0.435824,0.446488,1.60564,-0.498828
Q9BWM7,SFXN3,0.00822592,-0.0566847,0.558302,0.754119,-0.0768898
Q9H9B4,SFXN1,-0.146037,-0.264444,0.263769,0.500952,-0.333804
Q9H9F9,ARP5,0.679996,0.205098,0.0684772,0.195837,0.330391
O96019,ACL6A,-0.175316,-0.119148,-0.0238881,-0.181791,-0.109431
Q5T440,CAF17,-0.752311,-0.318923,-0.593614,-0.562372,-0.524459
P61106,RAB14,-0.105714,-0.0976121,0.102079,0.188905,0.208143
Q15771,RAB30,-0.297237,-0.148734,-0.262522,0.0305934,-0.217733
Q6IQ22,RAB12,0.100728,0.146199,0.407603,0.2839,0.464612
P20340-2,RAB6A,0.0117407,0.0521989,0.265718,0.199419,0.130294
P61026,RAB10,-0.106203,-0.129919,0.0111356,0.0173423,-0.103797
P59190,RAB15,-0.0295937,-0.106615,0.209599,0.146077,0.260425
Q9H082,RB33B,-0.101781,-0.0590761,0.000828028,0.0895109,-0.0680301
P51153,RAB13,-0.26203,-0.308132,-0.0771735,-0.0257335,0.0181265
P62820,RAB1A,-0.118357,-0.218437,-0.0513525,0.091433,-0.0457461
Q14964,RB39A,-0.066968,-0.264866,0.214917,0.440624,-0.0660801
P20338,RAB4A,-0.121402,-0.238244,-0.100005,-0.138015,-0.0580249
Q86YS6,RAB43,-0.0110433,0.132056,-0.11102,-0.130138,0.00379419
Q9NRW1,RAB6B,0.0409172,0.161027,0.203233,0.272084,0.0931246
P61018,RAB4B,-0.0161066,-0.0313911,0.110186,0.0659165,-0.163575
Q9H0U4,RAB1B,-0.0371056,-0.133344,-0.220632,-0.107801,-0.439027
Q92930,RAB8B,-0.20715,-0.371636,-0.081445,0.0369205,-0.236648
P61019,RAB2A,-0.224861,-0.140913,0.09993,0.0463603,0.0575304
Q8WUD1,RAB2B,-0.204948,-0.106993,0.206757,0.086822,0.265283
P61006,RAB8A,-0.0737209,-0.122558,-0.0411162,0.0475171,-0.0931549
Q15286,RAB35,0.0230651,0.0506694,0.35478,0.254189,0.273579
Q96E17,RAB3C,-0.168418,-0.237447,0.272744,0.0119774,0.434675
O95470,SGPL1,-0.386128,-0.448136,-0.20069,-0.16172,-0.336087
Q96KR1,ZFR,-0.501716,-0.570303,-0.410923,-0.328111,-0.462851
Q9BQA1,MEP50,0.358646,0.668058,0.0831304,-0.102772,0.381444
O00170,AIP,0.448656,0.618039,0.263908,0.141012,0.449218
Q8TBE0,BAHD1,0.60032,0.950893,0.0609877,0.0632586,0.301011
O75083,WDR1,0.527569,0.716101,0.314517,0.297093,0.689824
Q9P2H3,IFT80,0.299135,0.288809,0.0475917,-0.0679362,0.0295897
Q8IWE2,NXP20,0.858091,1.11937,0.191848,0.352018,0.420515
P16298,PP2BB,0.826976,0.802974,0.39229,0.268218,0.507968
P09543,CN37,-0.406613,-0.432233,-0.206669,-0.289381,-0.305085
Q08209,PP2BA,0.209012,0.223954,0.11672,0.0492322,0.207086
P48454,PP2BC,1.12353,0.829086,-0.188201,0.0272121,0.494356
Q08209-2,PP2BA,0.611202,0.701075,0.330121,0.295648,0.262635
Q8N9F0,NAT8L,-0.522856,0.0540483,0.0222764,-0.21013,-0.395909
Q9HCU5,SEC12,-0.215618,-0.380923,-0.106222,-0.134714,-0.286192
P16930,FAAA,0.854465,1.23521,0.30144,0.320736,0.342458
P50990,TCPQ,0.465775,0.520637,0.127101,0.0859127,0.462167
O95905,ECD,1.03339,1.18374,0.509432,0.396468,0.989028
P13073,COX41,-0.0420287,-0.0949457,0.423772,0.425829,-0.0823548
Q9BXS5,AP1M1,0.0477617,0.145892,0.0674665,-0.00480747,0.137848
Q8WUA4,TF3C2,-0.396062,-0.407052,0.00202155,-0.114097,-0.153412
Q92973,TNPO1,0.0145755,0.199582,0.0103543,-0.0393162,0.106436
O14787,TNPO2,0.433588,0.699988,0.337034,0.192735,0.481673
Q15653,IKBB,0.100766,0.296612,0.231928,0.446729,0.538371
Q9H7F0,AT133,0.00164151,0.386439,-0.0886893,-0.0230415,0.0234375
P18077,RL35A,0.364838,0.54456,0.415624,0.396642,0.631058
Q16531,DDB1,-0.155577,0.0112915,0.173852,-0.025337,0.284037
P13196,HEM1,-0.871948,-0.657494,-0.81318,-0.710707,-0.704981
P52848,NDST1,-0.0801494,0.170006,0.211715,0.0915794,0.0684235
Q9BYG4,PAR6G,0.287741,0.322292,-0.0778282,0.20876,0.165393
Q9BYG5,PAR6B,0.742185,0.544393,-0.0303874,-0.423141,0.170982
O43374,RASL2,0.675321,1.60187,0.31282,0.805247,-0.140948
Q7Z7L9,ZSCA2,-0.700879,-0.1897,0.226106,0.084552,-0.0938065
O75962,TRIO,0.770123,0.777672,0.432684,0.443808,0.505345
O60229,KALRN,0.810622,0.782622,0.187768,0.0857058,0.805463
Q86VW2,ARHGP,0.0860023,0.0307038,0.111575,-0.0748115,0.0448356
Q9Y6X4,F169A,-0.490523,-0.641697,-0.474111,-0.476415,-0.598213
P62266,RS23,0.358184,0.488916,0.287063,0.109765,0.478997
O60522,TDRD6,0.880363,0.770606,0.575035,0.444372,0.537049
Q96AJ9,VTI1A,-0.288476,-0.913197,0.0870318,0.178976,-0.225677
P98175-5,RBM10,-0.437594,-0.458239,-0.250272,-0.335476,-0.474198
P78332,RBM6,-0.417109,-0.567984,-0.271877,-0.193647,-0.359077
P52756,RBM5,-0.445377,-0.298742,-0.139056,-0.283928,-0.271683
P62253,UB2G1,0.444225,0.591389,0.378594,0.342082,0.534365
P50995,ANX11,0.661686,0.315086,0.365283,0.506464,0.490296
Q99848,EBP2,-0.398692,-0.267438,-0.191453,-0.115391,-0.360586
Q9UI10,EI2BD,0.589858,0.747436,0.261828,0.0978448,0.563561
Q9H7E9,CH033,0.0832162,0.00331998,0.0911796,0.531339,0.568434
P49662,CASP4,0.599193,1.0016,0.360639,0.162489,1.09298
P62308,RUXG,-0.442049,-0.491316,-0.37017,-0.335521,-0.430431
Q96CS3,FAF2,-0.328266,-0.26591,0.0590451,-0.0616269,-0.212298
P43243,MATR3,-0.476447,-0.411706,-0.295319,-0.286845,-0.409231
A8MXP9,A8MXP9,-0.418633,-0.255606,-0.309132,-0.357469,-0.518291
Q5T481,RBM20,-0.246897,-0.0337861,-0.0353239,-0.139807,-0.0498557
Q92759,TF2H4,-0.341892,-0.312162,-0.0704641,-0.31811,-0.227973
Q99608,NECD,0.489969,0.55396,0.535557,0.175165,0.90972
P43155,CACP,-0.572983,-0.62987,-0.257856,-0.360324,-0.735216
O00461,GOLI4,-0.11523,-0.178414,-0.116764,0.0106852,-0.608755
Q9UH92,MLX,0.442822,0.603932,0.261189,0.160767,0.656417
Q9H0J9,PAR12,0.727225,0.0158632,0.383981,0.213212,0.522567
P62136,PP1A,-0.21892,-0.234128,-0.119877,-0.136486,-0.14354
P62140,PP1B,-0.102097,-0.111843,-0.116245,-0.0766888,-0.0205009
P36873,PP1G,-0.18888,-0.230664,-0.200275,-0.177109,-0.0917146
Q8N442,GUF1,-0.485492,-0.632371,-0.31699,-0.364029,-0.613067
Q02543,RL18A,0.501623,0.799233,0.510293,0.512273,0.759307
Q96I51,RCC1L,-0.329178,-0.209461,-0.0697765,-0.229383,-0.268028
O95696-2,BRD1,-0.370471,-0.493943,-0.164015,-0.136438,-0.417803
P10586,PTPRF,-0.0336645,0.11482,0.37969,0.358625,-0.178292
Q13332,PTPRS,-0.0324638,0.0725615,0.198447,0.237657,-0.232723
P23468,PTPRD,-0.278377,-0.19244,-0.136418,-0.136625,-0.176797
Q9HD20,AT131,-0.372655,-0.425984,-0.0703661,-0.0418766,-0.37237
Q9BVW5,TIPIN,-0.0401888,0.602529,-0.00604153,0.132076,0.676274
Q8WUY1,THEM6,-0.345796,-0.131965,0.0424602,-0.0247838,-0.352934
Q8IZ52,CHSS2,-0.259298,-0.0370266,0.0146527,-0.188126,-0.213149
Q16851,UGPA,0.6318,0.78474,0.1625,0.0870535,0.502863
Q9BRZ2,TRI56,0.238137,0.406196,-0.181978,-0.18739,0.00535536
Q9H8M2,BRD9,-0.3041,-0.380746,-0.187851,-0.412305,-0.483502
P11047,LAMC1,-0.246646,-0.427948,0.036375,-0.165521,-0.332318
Q8N9N7,LRC57,0.738857,0.696306,0.234021,0.381534,0.362207
Q9NSC5,HOME3,0.125159,0.115182,0.0781975,0.100192,0.125815
Q9BTE3,MCMBP,0.120145,0.370679,0.312044,0.216153,0.446858
O95478,NSA2,-0.427832,-0.456706,0.0560989,0.146571,-0.183691
Q53GQ0,DHB12,-0.464338,-0.62706,-0.279629,-0.261098,-0.560528
Q8IXB1,DJC10,-0.225728,-0.257939,-0.027576,-0.0479422,-0.297257
Q9H4I3,TRABD,0.0240293,0.121835,0.51927,0.338451,0.246725
Q96GA3,LTV1,0.356255,0.450665,0.236504,0.249066,0.668648
P43034,LIS1,0.498649,0.66308,0.155228,0.135464,0.398584
Q9BS26,ERP44,-0.425536,-0.537503,-0.308731,-0.327367,-0.47009
P53367,ARFP1,0.125567,0.0147913,-0.225331,-0.107955,0.110654
P49069,CAMLG,0.367984,-0.0960715,0.151852,0.0222454,0.0177844
Q93088,BHMT1,0.939222,0.791057,0.781811,0.0655284,0.492113
Q32P44,EMAL3,0.639758,0.680055,0.152617,0.0700958,0.459455
Q8WUD4,CCD12,-0.474086,-0.349934,-0.356374,-0.346521,-0.264298
Q96M27,PRRC1,0.113052,-0.0281537,0.0117614,-0.102952,0.265264
Q6NXE6,ARMC6,0.9307,1.12721,0.458357,0.51563,0.995632
Q96EQ0,SGTB,0.0443892,0.488361,0.2092,0.207951,0.652569
Q92615,LAR4B,0.210672,0.347025,0.113918,0.181885,0.23285
Q5JS37,NHLC3,-0.349427,-0.340831,-0.274773,-0.353775,-0.342172
Q96AJ1,CLUA1,1.05935,0.844116,-0.36242,-0.213843,0.150415
P08473,NEP,0.0622189,0.0547202,0.149134,0.328784,0.432251
P42694,HELZ,0.168141,0.234456,0.27884,0.158967,0.165809
Q96T88,UHRF1,-0.649804,-0.512898,0.0591245,0.206847,-0.128457
Q96PU4,UHRF2,-0.387301,-0.377562,-0.0699096,0.215178,-0.135629
P28062,PSB8,0.134305,0.199116,0.0404153,-0.263394,0.23767
Q9Y2G2,CARD8,-0.46419,0.322237,-0.578309,-0.859725,-0.388271
Q7Z6E9,RBBP6,-0.474666,-0.580735,-0.542391,-0.54673,-0.537557
Q8TCF1,ZFAN1,0.588969,0.528087,0.278731,0.511865,0.965003
P42330,AK1C3,0.756445,1.07758,0.418952,0.24977,0.67718
Q04828,AK1C1,0.393873,0.897879,0.239721,0.819781,0.351089
Q9NQ86,TRI36,0.166096,1.15809,0.00213099,0.0599251,0.130189
Q5JVF3,PCID2,0.02386,0.0535653,-0.00596952,-0.0534196,0.184257
O14672,ADA10,-0.22538,-0.135063,0.264927,0.0983655,-0.090585
O60637,TSN3,-0.303363,-0.435591,-0.471064,-0.387504,-0.747322
P30038,AL4A1,-0.493287,-0.62732,-0.426013,-0.4409,-0.814449
P0DPB5,RPC22,-0.44072,-0.563468,-0.347058,-0.0826249,-0.314697
P43378,PTN9,0.100335,0.236802,0.114057,0.176294,0.577499
P30419,NMT1,0.89659,1.05972,0.199708,0.19695,0.41029
O60551,NMT2,0.716479,0.786224,0.396487,0.345446,0.459776
P78312-5,F193A,0.170081,-0.00819373,-0.0470841,-0.10049,0.186047
P35658,NU214,-0.144344,0.0877001,0.140328,-0.0141096,-0.00353909
Q02224,CENPE,-0.0999455,-0.199733,-0.0663834,-0.0724289,-0.11746
Q9UL15,BAG5,0.492718,0.0689974,0.389888,-0.00554085,0.660301
Q969F1,TF3C6,-0.649166,-0.658635,-0.359983,-0.46671,-0.727008
Q92783,STAM1,0.193956,-0.040092,-0.0574489,-0.0520611,0.226828
O75886,STAM2,0.213119,-0.00915384,-0.124494,-0.0859885,0.0171545
Q7Z4H7,HAUS6,1.20661,1.11034,0.531155,0.519964,0.507182
Q9H2J4,PDCL3,0.856312,1.19934,0.595856,0.566301,1.15983
Q15796,SMAD2,0.225098,0.264906,0.0870054,0.202783,0.273104
Q99717,SMAD5,0.146261,0.204873,0.245097,0.111434,0.322413
P84022,SMAD3,0.185746,0.588556,0.111097,-0.431159,-0.427377
P48637,GSHB,0.691787,0.815558,0.216299,0.264702,0.477049
Q9BRT8,ZNG1A,0.0614429,0.124548,0.0495179,0.191367,0.365232
O75223,GGCT,0.747953,0.816356,0.378783,0.381254,0.80975
P56377,AP1S2,0.458943,0.296432,0.165041,1.72E-05,-0.048552
P61966,AP1S1,-0.104321,0.103206,0.291565,0.239529,0.662507
O15392,BIRC5,-0.35686,-0.107647,0.30011,0.385546,0.854319
Q9BY44,EIF2A,0.489317,0.538949,0.135954,0.186613,0.5711
Q00765,REEP5,-0.694878,-1.06419,-0.692329,-0.441229,-0.968628
P83111,LACTB,-0.355844,-0.453708,-0.103415,-0.121793,-0.492905
Q16795,NDUA9,-0.449712,-0.630631,-0.111137,0.0726988,-0.662043
P11926,DCOR,-0.46369,-0.478901,-0.328501,-0.284278,-0.519554
Q96RK4,BBS4,0.561795,-0.79909,-3.13897,-2.45143,-1.35929
Q9GZP9,DERL2,-0.00735188,-0.0331395,0.124215,0.19629,-0.0753155
Q14696,MESD,-0.397454,-0.662691,-0.410614,-0.513144,-0.534167
Q96RG2,PASK,0.259018,0.188365,-0.0966268,0.0722463,-0.190854
Q8WY54,PPM1E,0.584808,0.324132,0.976893,0.496211,0.982047
O15355,PPM1G,0.169881,0.630786,0.283834,0.42436,0.825195
P26367,PAX6,-0.176798,-0.103287,0.595792,0.476888,0.315282
O00763,ACACB,0.942309,1.235,0.802313,0.542603,1.04527
Q13085,ACACA,0.810028,1.06547,0.501513,0.403206,0.71493
Q8TB37,NUBPL,-0.45447,-0.807283,-0.25502,-0.500899,-0.692352
Q13825,AUHM,-0.223982,-0.398803,-0.137721,0.0503516,-0.305664
Q75QN2,INT8,-0.316005,-0.518394,0.0240614,-0.322323,0.141238
Q86UW9,DTX2,0.585449,0.352431,0.100639,1.19241,0.400476
O00410,IPO5,0.164357,0.238233,-0.00725794,0.107216,0.174953
O60518,RNBP6,-0.0610893,0.0589097,0.0444319,0.0761051,0.122686
Q9NRN7,ADPPT,0.582416,0.917871,0.377501,0.3113,0.76415
O75431,MTX2,-0.442455,-0.536569,-0.0534289,-0.0123215,-0.471831
Q9BUP3-3,HTAI2,-0.406062,-0.467604,-0.203771,-0.22411,-0.443547
Q9ULB4,CADH9,0.217645,-0.288046,-0.288175,-0.35724,-0.00181293
P28070,PSB4,-0.0334098,0.0641036,-0.116994,-0.383002,0.175935
Q9H6Y2,WDR55,-0.265308,-0.103019,-0.0690572,-0.0759461,0.167027
Q15021,CND1,0.519045,0.77775,0.221346,0.263384,0.62831
O15344,TRI18,0.84095,0.95803,0.233902,0.220659,0.477723
Q9UJV3,TRIM1,0.814497,0.935022,0.277775,0.29897,0.589751
Q9ULH1,ASAP1,0.624392,0.738555,0.173482,0.274387,0.428748
Q9UJX2,CDC23,-0.0444226,-0.138282,-0.257352,-0.240523,-0.164325
O43150-2,ASAP2,0.703325,0.811011,0.11268,0.30991,0.400998
Q9BZC7,ABCA2,-0.15111,-9.73E-05,0.0915637,0.248879,-0.380768
Q6YP21,KAT3,-0.0157897,-0.0441086,-0.22067,-0.244757,-0.337921
Q14240,IF4A2,0.777912,1.06442,0.439413,0.346369,0.796632
P60842,IF4A1,0.8616,1.14355,0.458273,0.405372,1.03842
P38919,IF4A3,-0.039783,0.00341916,-0.00213265,0.000856161,0.0100379
Q9NYL4,FKB11,-0.185206,-0.314934,0.0256631,0.0652511,-0.129625
Q96P70,IPO9,0.701313,0.971308,0.525198,0.444177,0.926522
Q5T011,SZT2,-0.2174,0.516297,0.32508,0.240542,0.32599
O60765,Z354A,0.842559,1.32051,0.678522,0.6489,1.16864
P33121,ACSL1,-0.331097,-0.51424,-0.165034,-0.210235,-0.59744
Q9BTY2,FUCO2,-0.327164,-0.347255,-0.195551,-0.362618,-0.324524
Q92572,AP3S1,0.473795,0.645909,0.294062,0.389509,0.572598
P59780,AP3S2,0.535854,0.408291,0.17586,0.321883,0.253064
P61923,COPZ1,0.340309,-0.364134,-0.710784,-0.196188,-0.626444
Q9Y692,GMEB1,-0.497944,-0.463482,-0.574028,-0.632881,-0.142784
Q12904,AIMP1,0.358308,0.366693,-0.0516081,-0.0981913,0.212535
Q86X55,CARM1,0.328324,0.448099,0.23674,0.175297,0.527752
Q53R41,FAKD1,-0.309519,-0.481978,-0.163019,-0.197267,-0.571862
Q9UGH3,S23A2,-0.154469,-0.0580883,0.0451097,0.299344,0.078902
P40763,STAT3,0.723956,0.827041,0.297509,0.268169,0.214871
Q9P2K2,TXD16,-0.160712,-0.813144,0.633007,-0.0455856,0.0984173
P40616,ARL1,-0.0567102,0.00587463,-0.335468,-0.398978,0.158387
Q2TBE0,C19L2,-0.444207,-0.415648,-0.231772,-0.201095,-0.36409
Q8NDD1,CA131,-0.410616,-0.47153,-0.286186,-0.153996,-0.40894
Q8NDD1-6,CA131,-0.301569,-0.205227,-0.180363,0.310254,-0.404497
Q9NRG7,D39U1,0.00113869,-0.423162,-0.232447,-0.0511601,-0.34437
P52657,T2AG,0.311927,0.625731,0.326982,0.259159,0.586111
Q9UGP5,DPOLL,0.400434,0.45653,0.332154,0.181082,0.132877
Q15363,TMED2,-0.273936,-0.307794,0.0369933,-0.055131,-0.0515537
Q07960,RHG01,0.453813,0.575734,-0.0636249,0.0217726,0.446555
P60900,PSA6,0.121949,0.142454,-0.00735068,-0.263084,0.311144
Q8NB78,KDM1B,-0.247233,-0.342022,-0.374151,-0.382127,-0.600229
Q71RC2,LARP4,0.0571611,0.163985,0.0360727,0.108159,0.327263
Q12926,ELAV2,-0.233643,-0.4506,-0.24611,-0.170776,-0.386835
Q15717,ELAV1,-0.434221,-0.750574,-0.390229,-0.273945,-0.648358
Q9UNH7,SNX6,0.405102,0.612372,0.0492599,0.0545373,0.305539
Q9Y5X3,SNX5,0.567788,0.733827,0.154022,0.183659,0.425248
Q9BUL8,PDC10,0.638157,0.85402,0.380241,0.251065,0.783139
C9J932,C9J932,0.212738,0.425784,0.0586057,-0.248914,0.111192
O60869,EDF1,0.622163,0.83668,0.343359,0.436526,0.727722
P50570,DYN2,0.73457,0.601401,0.246784,0.205866,0.391057
A0A994J7J4,A0A994J7J4,0.872832,0.877275,0.440937,0.349334,0.614238
Q96F07,CYFP2,0.538826,0.705185,0.296728,0.147044,0.486117
Q7L576,CYFP1,0.411403,0.469654,0.200705,0.0802157,0.363014
Q96KM6,Z512B,-0.456528,-0.543391,-0.140247,-0.0696788,-0.249411
Q9UHX1,PUF60,-0.260762,-0.241755,-0.126352,-0.210057,-0.0606728
Q9UHX1-2,PUF60,-0.24503,-0.401467,-0.290349,-0.330964,-0.576171
O15381,NVL,-0.481477,-0.518752,-0.215066,-0.166578,-0.408831
Q13257,MD2L1,0.461724,0.701348,0.507787,0.357631,0.80512
Q92520,FAM3C,-0.170967,-0.0424066,0.0495257,-0.0570147,-0.461858
Q8ND24,RN214,0.527378,0.619596,0.106045,0.191789,0.496273
O15228,GNPAT,-0.176588,-0.465758,0.0195959,0.481434,-0.122039
Q8TCD1,CR032,-0.325878,-0.530493,0.130703,0.240466,-0.0677142
O94923,GLCE,-0.21711,-0.268557,-0.218534,-0.23553,-0.732636
Q9NXC5,MIOS,0.192284,0.205827,0.0836217,-0.0607483,-0.0055387
O43242,PSMD3,0.193861,0.232202,0.0476658,-0.104282,0.346718
Q99614,TTC1,0.414514,0.450067,0.00782561,0.149469,0.187284
Q9ULL4,PLXB3,-0.285997,-0.360814,-0.138455,0.178988,-0.533763
Q9Y375,CIA30,-0.357231,-0.332246,-0.163457,-0.0675008,-0.44426
Q9H2F5-2,EPC1,-0.289421,-0.584342,-0.231573,-0.0750999,-0.143112
P41091,IF2G,0.547148,0.74872,0.241353,0.203314,0.588842
Q8N6H7,ARFG2,0.716071,0.819667,0.399498,0.384585,0.543915
Q9NP61,ARFG3,0.721084,0.789777,0.25249,0.267831,0.242753
H0Y6A0,H0Y6A0,1.16838,1.96374,0.324556,0.663857,0.395786
Q8N684,CPSF7,-0.460485,-0.552552,-0.164802,-0.268811,-0.230031
Q12996,CSTF3,-0.349607,-0.348269,-0.323195,-0.417298,-0.226742
P42695,CNDD3,0.0782599,0.370744,0.677114,0.377174,0.763383
Q96S52,PIGS,-0.359155,-0.524737,-0.0602288,-0.104179,-0.376566
Q969Z0,FAKD4,-0.467466,-0.600514,-0.285964,-0.31753,-0.548055
P98198,AT8B2,-0.278189,-0.317112,-0.0725739,0.0175812,-0.138034
Q14249,NUCG,-0.384371,-0.568673,-0.11337,-0.271374,-0.505546
Q96N64,PWP2A,-0.755329,-0.982189,-0.541054,-0.420372,-0.659925
Q9H0S4,DDX47,-0.467215,-0.564022,-0.25839,-0.214959,-0.233661
P83731,RL24,0.69519,0.796708,0.42963,0.499337,0.710356
A0A3B3ITJ4,A0A3B3ITJ4,-0.467236,-0.662386,-0.351993,-0.285328,-0.481436
M0R1W6,M0R1W6,0.569642,0.413777,0.246383,0.290204,0.341688
Q8WVV9,HNRLL,-0.28717,-0.0896192,-0.1674,-0.268836,-0.184225
Q13011,ECH1,-0.604608,-0.76071,-0.228734,-0.343616,-0.580882
P28066,PSA5,0.270341,0.32359,0.0831561,-0.00490046,0.352605
Q5W0V3,FHI2A,0.389319,0.46,0.163288,-0.0496407,0.434511
Q86V87,FHI2B,0.136058,0.301676,-0.0471973,-0.079705,0.00716352
O43657,TSN6,-0.735182,-1.05392,-0.59017,-0.376327,-0.89072
Q15907,RB11B,-0.176294,-0.103271,0.232157,0.202916,0.0704682
P62491,RB11A,0.248625,0.446065,0.120433,0.0275846,-0.543544
O14818,PSA7,0.141722,0.107225,-0.0979419,-0.0955892,0.207785
P35237,SPB6,0.609894,0.757648,0.33385,0.332009,0.467494
P50452,SPB8,0.722722,0.965549,0.34559,0.509145,0.755581
Q9BUB7,TMM70,0.0294416,0.00767469,0.590465,0.346261,0.112707
Q12933,TRAF2,0.512805,0.911631,0.233276,0.387118,0.259752
P62487,RPB7,-0.157046,0.11326,0.0933704,-0.254045,0.125673
Q9Y5M8,SRPRB,-0.407037,-0.473621,-0.207401,-0.161682,-0.351884
O95258,UCP5,-0.244203,0.193415,0.66425,0.73732,0.522381
Q08426,ECHP,-0.479229,-0.587881,-0.177862,-0.181063,-0.565063
P55291,CAD15,-0.0271554,0.169339,0.0894752,0.0469506,-0.233531
Q9Y2K7,KDM2A,-0.392102,-0.316089,-0.116454,-0.127146,0.145946
Q15102,PA1B3,1.02952,1.55558,0.878514,0.881042,1.07231
Q6PHR2,ULK3,0.414338,0.240172,0.156748,0.00998235,0.561878
Q9BRR8,GPTC1,-0.277733,-0.322669,-0.363814,-0.267726,-0.324963
Q9BZJ0,CRNL1,-0.356925,-0.411002,-0.126739,-0.144551,-0.187113
Q5T0N5,FBP1L,0.68431,0.659422,0.194046,0.255331,0.514653
P28074,PSB5,-0.071475,-0.0647495,-0.0893176,-0.25256,0.36619
Q96G03,PGM2,0.411715,0.795109,0.241189,0.225508,0.536937
Q13547,HDAC1,-0.286335,-0.238227,-0.226293,-0.351938,-0.728274
Q92769,HDAC2,-0.276776,-0.2823,-0.317192,-0.374943,-0.297021
Q6PCE3,PGM2L,0.801605,1.10986,0.60418,0.423203,1.06348
Q13442,HAP28,0.685669,0.855869,0.207093,0.265396,0.746661
Q8IYL3,CA174,-0.448251,-1.27017,-0.530234,-1.22112,-0.15149
P22694,KAPCB,0.591298,0.514249,0.11813,0.0432723,0.233871
P17612,KAPCA,0.60551,0.52344,0.213018,0.15793,0.191993
Q9Y3A4,RRP7A,-0.417842,-0.485303,-0.12855,-0.16979,-0.098645
B5ME19,EIFCL,0.674996,1.03004,0.266309,0.157573,0.669872
Q16543,CDC37,0.413005,0.443672,0.0595992,0.0879929,0.311718
A0AAG2TJB2,A0AAG2TJB2,-0.284837,-0.103318,-0.257037,-0.335987,-0.363956
Q9NY15,STAB1,-0.342062,0.00174832,0.257012,0.0274589,0.0200834
Q9H446,RWDD1,0.853587,0.663827,0.13494,0.263999,0.0851865
Q9UBU9,NXF1,-0.337434,-0.507717,-0.43029,-0.362907,-0.476239
P07093-3,GDN,-0.234841,-0.469486,-0.359784,-0.319192,-0.170574
P62979,RS27A,0.0409269,-0.0465631,0.010632,0.0954895,-0.0350258
Q8NCN5,PDPR,-0.425976,-0.410498,-0.208148,-0.304036,-0.569177
Q13823,NOG2,-0.524935,-0.557243,-0.34822,-0.256776,-0.326831
Q8N9B5,JMY,0.400558,0.189961,0.208638,0.411439,0.313879
Q969S9,RRF2M,-0.609316,-0.540015,-0.334739,-0.389731,-0.734484
Q86SF2,GALT7,-0.304546,-0.246111,-0.0608115,-0.120802,-0.426991
Q12768,WASC5,0.499961,0.665525,0.193322,0.111536,0.354561
P40855,PEX19,0.329739,0.449294,0.582142,0.868223,0.576669
Q5TAQ9,DCAF8,0.256598,0.0292878,0.0865684,-0.100022,-0.247627
Q6P9B6,MEAK7,-0.180004,0.0827103,0.11965,0.137889,0.151872
Q8IUF8,RIOX2,-0.379113,-0.277888,-0.205176,-0.230882,0.075484
Q9BZM4,ULBP3,0.439516,0.168533,0.562455,0.702111,0.849867
Q9BZM6,ULBP1,0.940329,1.5342,0.376807,0.232959,1.17807
Q8N0T1,RBIS,-0.309429,0.308954,-0.296355,0.106891,0.482337
P00367,DHE3,-0.515299,-0.668967,-0.333897,-0.356151,-0.592444
O75521,ECI2,-0.451012,-0.539245,-0.289351,-0.214202,-0.57144
Q9UMX5,NENF,-0.280531,-0.399091,0.0592527,0.0439155,-0.228879
Q96S55,WRIP1,-0.343912,-0.316291,-0.111045,-0.349071,0.0334165
P39019,RS19,0.569177,0.784671,0.108097,0.110734,0.284209
M0R2L9,M0R2L9,0.878774,1.91963,0.30223,0.202712,0.674154
Q01650,LAT1,0.46431,0.227322,0.577084,1.02546,1.09804
P10746,HEM4,0.158487,0.556999,0.0769455,-0.017381,0.146422
Q96GK7,FAH2A,-0.233376,-0.22607,-0.139775,-0.15992,-0.190516
Q6P2I3,FAH2B,-0.13583,-0.151015,0.312307,-0.357944,-0.279915
O94842,TOX4,-0.365337,-0.338912,-0.352243,-0.389587,-0.286226
O15405,TOX3,0.0930834,-0.00961709,0.397476,0.0667617,0.558356
O94900,TOX,0.0863309,0.127559,0.116385,0.273463,0.361374
P22307,SCP2,-0.428518,-0.519844,-0.223947,-0.174022,-0.589558
Q96ER3,SAAL1,0.489291,0.832408,0.361912,0.399488,0.746859
A0A8V8TMN4,A0A8V8TMN4,0.660088,0.751108,0.429135,0.303266,0.520735
Q9H6E5,STPAP,0.246094,0.621688,0.0732512,0.298341,1.02991
Q9H0G5,NSRP1,-0.469627,-0.775391,-0.480658,-0.253726,-0.375388
Q09328,MGT5A,-0.320233,-0.334639,-0.0151052,-0.223439,-0.113781
Q9BQE5,APOL2,-0.389402,-0.272615,-0.164169,-0.181008,-0.417956
Q7L4I2,RSRC2,-0.22208,-0.493076,-0.270775,-0.319252,0.0722597
O15213,WDR46,-0.443346,-0.476793,-0.346722,-0.189677,-0.531372
A0A0G2JJL1,A0A0G2JJL1,-0.498763,-0.70229,-0.296186,-0.280031,-0.385759
Q8WTT2,NOC3L,-0.476091,-0.525426,-0.282969,-0.263406,-0.439571
Q7Z736,PKHH3,-0.222862,0.130486,0.119475,-0.5374,-0.370941
Q9H299,SH3L3,1.04209,1.39464,0.746679,0.724587,1.04344
Q9NUJ1,ABHDA,-0.485347,-0.593688,-0.361624,-0.370842,-0.553659
Q6PD62,CTR9,-0.251377,-0.266248,-0.419022,-0.408076,-0.274068
P49643,PRI2,0.25469,0.410744,0.152062,0.287267,0.648085
Q8NBS3,S4A11,-0.0773931,0.43518,0.921143,0.311182,0.787748
P30101,PDIA3,-0.398185,-0.62078,-0.428563,-0.391674,-0.584758
A0A8I5KTA1,A0A8I5KTA1,-0.26702,-0.482913,-0.676018,-0.16307,-0.621299
Q9P291,ARMX1,-0.353213,-0.235623,-0.0398769,0.0461755,-0.428675
Q9NZ43,USE1,-0.1079,-0.149574,-0.0613091,-0.0925093,-0.043925
Q16401,PSMD5,0.778981,1.1269,0.428181,0.308334,0.759796
P05386,RLA1,0.490781,0.686103,0.432796,0.733524,0.653901
P05387,RLA2,0.317421,0.244977,0.121741,0.325497,0.418984
Q9UL26,RB22A,0.0252604,0.0739205,0.149669,0.119274,-0.00503349
Q13636,RAB31,0.0263326,-0.0340455,0.175754,0.177846,-0.0816195
P56545,CTBP2,-0.00267148,0.201832,0.0102115,-0.0411668,0.153261
Q13363,CTBP1,-0.109796,0.492114,0.268612,0.103273,0.508487
Q16763,UBE2S,0.746447,-0.0946753,0.113994,0.781542,0.565972
Q9Y3Q8,T22D4,0.937401,0.852454,0.320998,0.278318,0.491988
Q15714,T22D1,0.726785,0.520262,0.537848,0.883015,0.247651
O75157,T22D2,1.82904,0.871266,0.502688,0.154449,1.31696
Q9Y4K4,M4K5,0.462181,0.53714,0.292503,0.290812,0.286788
Q86Y56,DAAF5,0.391522,0.632052,0.324727,0.251781,0.528921
Q68EM7,RHG17,0.643425,0.634383,0.0741205,0.0801904,0.350113
Q9NPD3,EXOS4,-0.286146,-0.208511,-0.300297,-0.180866,-0.183334
O43592,XPOT,0.397081,0.786821,0.317986,0.34937,0.749226
Q9HAT2,SIAE,-0.534469,-0.725826,-0.67514,-0.478491,-1.14621
Q8TC76,F110B,1.68383,1.03458,0.752174,0.870534,1.85395
Q86YC2,PALB2,-0.568915,0.413679,-0.139628,0.242066,-0.353655
O14920,IKKB,0.704039,0.868101,0.379105,-0.0193608,0.407118
Q9Y3B8,ORN,-9.78E-05,-0.0858531,-0.0529795,-0.005615,-0.0521209
O94808,GFPT2,0.687781,0.737495,0.395777,0.160811,0.245302
Q06210,GFPT1,0.800875,1.03968,0.385836,0.328857,0.76283
Q5T6V5,QNG1,1.03403,1.40112,1.00686,0.656845,1.33571
Q93009,UBP7,-0.294387,-0.195423,-0.106822,-0.271334,0.0362434
P38606,VATA,0.110557,0.446007,-0.0727546,-0.132934,0.143379
P01034,CYTC,-0.439834,-0.332231,-0.363429,-0.479856,-0.578786
Q9P2X3,IMPCT,0.78609,1.24269,0.780046,0.504835,0.97231
O95479,G6PE,-0.283545,-0.334234,-0.195286,-0.365571,-0.675995
P30260,CDC27,-0.114744,-0.181342,-0.219389,-0.186743,-0.061213
Q13247,SRSF6,-0.349591,-0.355405,-0.0421176,-0.0403407,-0.11329
Q08170,SRSF4,-0.425545,-0.557991,-0.263645,-0.237336,-0.472709
P08922,ROS1,-0.711626,-0.543995,-0.402163,-0.270723,-0.714499
Q13243,SRSF5,-0.463631,-0.533842,-0.209552,-0.298782,-0.46532
P04196,HRG,0.508486,0.932559,0.0980766,0.0455506,0.110601
Q96AX9,MIB2,0.453019,0.649172,0.324457,0.171321,0.272895
Q9P015,RM15,-0.387444,-0.368726,-0.267195,-0.22415,-0.542139
P14927,QCR7,-0.124445,-0.22021,0.709573,0.903933,-0.11837
Q9HAV4,XPO5,0.55688,0.946016,0.243808,0.149199,0.560286
Q9NP73,ALG13,0.0903511,0.48692,0.635875,0.392423,0.112499
P50579,MAP2,0.686424,0.847757,0.247845,0.249218,0.796944
Q49A26,GLYR1,-0.48646,-0.581138,-0.362655,-0.430902,-0.77482
O94915,FRYL,0.0941222,0.026027,0.0528109,0.0359988,0.151734
Q6SJ93,F111B,-0.0868084,0.18607,0.0271318,0.301705,0.273314
Q8NCG7,DGLB,-0.107926,-0.344831,-0.303257,-0.18519,-0.124561
Q9HCD5,NCOA5,-0.5388,-0.566407,-0.282589,-0.276247,-0.441904
Q6PCD5,RFWD3,0.383807,-0.0671792,-0.114138,0.398679,0.916378
Q6NUQ4,TM214,-0.467278,-0.549469,-0.300385,-0.136204,-0.492765
P22061,PIMT,0.438339,0.670381,0.4232,0.452555,0.495981
Q9Y2Z2,MTO1,-0.382148,-0.191817,0.00072813,-0.0629001,-0.385279
O94766,B3GA3,-0.0985787,0.105585,0.0950978,0.0711594,-0.0542934
Q96ST8,CEP89,-0.652685,-0.592091,0.0105491,-0.533864,-0.37874
Q00796,DHSO,0.504515,0.713264,0.186049,0.238509,0.567666
P38159-2,RBMX,-0.434236,-0.59161,-0.380283,-0.123786,-0.604029
Q01130,SRSF2,-0.564728,-0.687516,-0.449649,-0.194018,-0.255789
Q9BRL6,SRSF8,-0.285604,-0.144893,-0.208157,-0.0757577,-0.016679
Q96E39,RMXL1,-0.597537,-0.665263,-0.257506,-0.21283,-0.478646
A6NEQ0,RBY1E,-0.398858,-0.379814,-0.00597501,-0.0234632,-0.224602
Q9P086,MED11,0.494665,0.261749,0.53775,0.0349598,0.340632
Q7Z570,Z804A,-0.421207,-0.664635,-0.464889,-0.413197,-0.682521
O75312,ZPR1,0.733889,0.835327,0.403974,0.384311,0.883305
Q7L3T8,SYPM,-0.583996,-0.688826,-0.358198,-0.401383,-0.886025
Q8WWI1,LMO7,-0.338549,-0.526516,-0.095804,-0.0224509,-0.137139
E9PMS6,E9PMS6,-0.320385,-0.569958,-0.0176744,0.0321555,0.0265622
Q96II8,LRCH3,0.42962,0.440897,0.055913,0.146636,0.252125
Q9Y2L9,LRCH1,0.234685,-0.0161004,0.0379725,-0.0262322,0.0430229
P17655,CAN2,0.64701,0.882494,0.54327,0.553577,0.695302
Q15025,TNIP1,-0.105301,0.261557,-0.177562,-0.0160491,0.0666521
O75427,LRCH4,-0.175817,-0.163978,0.00852036,-0.127346,-0.311616
Q6P1R4,DUS1L,0.472709,0.584405,0.482108,0.616561,0.226915
Q9P2M7,CING,0.411026,0.0738716,0.0799055,-0.0680449,-0.138261
Q9UMX1,SUFU,2.74108,1.02027,0.617978,0.626308,0.737837
Q8N3X1,FNBP4,-0.411262,-0.544976,-0.334114,-0.451143,-0.345077
Q9BW30,TPPP3,0.897606,1.08374,0.645922,0.503993,0.718802
Q9UBS8,RNF14,0.832789,0.892006,0.471349,0.230015,0.821108
P16949,STMN1,0.829292,0.830517,0.280146,0.39988,0.786048
H7BZ55,CRCC2,-0.0169721,-0.12261,0.0677059,-0.0564599,0.0872035
Q96G21,IMP4,-0.22657,-0.409508,-0.00799847,-0.124817,-0.0733027
Q9NYB9,ABI2,0.446717,0.302165,0.0178878,0.0468128,0.244279
Q8IZP0,ABI1,0.339313,0.297318,0.117793,0.00736237,0.360124
Q9BTP6,ZBED2,2.00404,1.91254,1.84588,1.25141,1.9464
A0AVF1,IFT56,0.515872,1.07589,0.579152,0.547324,0.72138
Q14671,PUM1,0.38256,0.361744,0.150996,0.0586357,0.306054
Q8TB72-3,PUM2,0.0141947,0.0284464,-0.00344253,0.0218272,-0.0399292
Q9Y4R8,TELO2,0.935723,1.47319,0.965783,0.650604,1.19018
Q9H9L3,I20L2,-0.672436,-0.633125,-0.493343,-0.356239,-0.697868
Q8IYB1,M21D2,0.140382,0.370457,0.282254,0.267851,0.618105
Q99832,TCPH,0.480743,0.678677,0.124799,0.0198431,0.489786
Q96PP9,GBP4,0.118163,0.231611,-0.0144253,0.0303814,-0.14175
Q9ULJ3,ZBT21,-0.176695,-0.268152,-0.0601485,-0.194278,-0.11769
Q9UNE7,CHIP,0.0215602,0.196866,-0.0266228,0.0883594,0.250294
O15460,P4HA2,-0.398242,-0.348099,0.131828,-0.142683,-0.686181
P55058,PLTP,0.0451024,-0.448696,-0.242992,0.186213,0.919906
Q9BSH4,TACO1,-0.633074,-0.793535,-0.38586,-0.567148,-0.619344
Q06265,EXOS9,-0.310773,-0.160912,-0.118731,-0.0902054,-0.0132813
Q92954,PRG4,0.581079,-0.775775,0.866226,0.768413,0.241406
Q8WX92-2,NELFB,-0.353125,-0.124769,-0.219024,-0.351619,0.122872
Q9NR45,SIAS,0.634271,0.920592,0.264873,0.180735,0.548608
Q96AQ6,PBIP1,-0.47333,-0.587867,-0.223187,-0.311134,-0.740113
Q9H4I2,ZHX3,-0.251334,-0.330595,-0.0877442,0.113276,-0.0870693
P43897,EFTS,-0.513601,-0.596645,-0.373278,-0.407139,-0.713227
O60645,EXOC3,0.344998,0.156724,-0.111936,-0.206621,0.106645
Q8N122,RPTOR,0.364664,0.380177,-0.0281832,-0.0733232,0.125749
O94986,CE152,1.10936,0.577145,0.183481,0.569138,0.888653
O00472,ELL2,-0.464734,0.411738,-0.412779,-0.204832,-0.170484
Q9H939,PPIP2,0.956523,1.15749,0.410653,0.362328,0.840779
O43809,CPSF5,-0.225738,-0.0312297,0.292992,0.0343328,0.197767
P46108,CRK,0.763288,0.770585,0.180957,0.27919,0.45258
P46108-2,CRK,0.974189,0.690554,-0.219718,-0.0244231,-0.149651
P19174,PLCG1,0.743147,0.986931,0.505506,0.483242,0.653429
O43854,EDIL3,-0.199286,-0.135624,0.114529,0.215822,0.165289
Q15006,EMC2,-0.275949,-0.415728,-0.153259,-0.180064,-0.376041
Q99747,SNAG,-0.0844519,-0.0419765,-0.0593493,0.00276732,-0.0732167
P08648,ITA5,0.350889,0.279052,0.709716,0.588911,0.438023
Q9UQR0,SCML2,-0.307729,-0.160857,-0.205142,-0.301053,-0.216045
Q9Y6X3,SCC4,-0.37325,-0.414117,-0.316093,-0.392663,-0.355194
Q9H857-2,NT5D2,-0.499114,-0.289108,0.23591,0.116765,0.118891
Q15759,MK11,0.472228,1.00614,0.388241,0.189515,0.248251
Q15746,MYLK,-0.0540884,-0.0309885,0.0483217,0.279104,0.30628
P45983,MK08,0.580114,0.677467,0.190149,0.362824,0.464457
P45984,MK09,0.72624,0.950067,0.305365,0.261584,0.619792
Q16539,MK14,0.869854,0.917307,0.494911,0.514985,0.787012
P53778,MK12,0.578652,0.68134,0.282513,0.282741,0.541246
Q16762,THTR,-0.36699,-0.343038,-0.214503,-0.230037,-0.516356
Q6IQ49,SDE2,-0.0285115,-0.0345662,-0.172631,-0.147712,-0.0175114
O00459,P85B,0.782624,0.62369,0.320424,0.296375,0.388323
P27986,P85A,0.704369,0.68176,0.218552,0.412258,0.486775
Q9C0I1,MTMRC,0.557681,0.617441,0.114078,0.242583,0.400668
Q7L1V2,MON1B,-0.446551,-0.237278,-0.30338,-0.205454,-0.312142
Q86VX9,MON1A,0.0415769,0.103343,0.0660315,-0.0393934,-0.163868
Q92503,S14L1,0.645877,1.69841,0.542648,0.42658,0.601236
P50747,BPL1,0.488805,0.651278,0.243004,0.463158,-0.0331089
O43172,PRP4,-0.430724,-0.643808,-0.579923,-0.456936,-0.579637
P41208,CETN2,0.0808909,0.0433302,-0.117136,0.148182,-0.133311
Q86SJ2,AMGO2,-0.697187,-1.07726,-0.388588,0.0337317,-0.235137
Q5VTL8,PR38B,-0.221942,-0.194902,-0.125512,-0.0367305,-0.0318265
O75600,KBL,-0.0643766,-0.226705,0.0551627,0.221937,-0.398978
Q96ER9,MITOK,0.220841,0.218266,0.942853,1.12206,0.465137
A0A994J749,A0A994J749,0.503989,0.64545,0.301701,0.315249,0.774003
P20839,IMDH1,0.889942,1.22667,0.542799,0.441496,1.08147
Q96QU6,1A1L1,0.194844,0.62438,0.299452,0.0649166,0.332534
Q8N335,GPD1L,0.263547,0.12046,0.150145,0.260112,-0.132845
Q6P3X3,TTC27,1.18635,1.36886,0.433823,0.542592,0.966215
O75064,DEN4B,0.313824,0.0122595,0.0618467,-0.00159788,0.236155
Q9H4H8,FA83D,0.564934,0.586034,0.0255711,0.37145,0.894639
O43615,TIM44,-0.465358,-0.552498,-0.243237,-0.229631,-0.465237
P15407,FOSL1,-0.462816,-0.244318,-0.0413024,-0.0519629,-0.0564747
P29762,RABP1,-0.57987,-0.302923,-0.160469,-0.361312,-0.098501
Q8NGZ5,OR2G2,-0.634738,-0.928074,-0.15363,0.629969,-0.450206
Q68CZ1,FTM,0.556721,-0.0986667,0.266345,0.209662,-0.13734
Q14642,I5P1,-0.152624,0.103043,0.308263,0.286,0.179307
Q9NPL8,TIDC1,-0.111493,-0.221564,0.354456,0.534721,-0.029372
Q96EK4,THA11,-0.118392,0.242406,0.053247,-0.016319,-0.256327
Q8IWT6,LRC8A,0.0296874,-0.0348556,0.0826151,0.254961,-0.103598
Q7L1W4,LRC8D,-0.0207798,-0.00111651,0.0890841,0.184262,0.227923
O75925,PIAS1,-0.415177,0.212201,-0.251001,-0.181435,-0.161908
O75928,PIAS2,-0.347962,-0.0920587,0.0765698,-0.311368,-0.0271916
Q9BXY0,MAK16,-0.558374,-0.600803,-0.199284,-0.183799,-0.486603
P38935,SMBP2,-0.128911,0.00474691,-0.191226,-0.174527,0.0731158
P18615,NELFE,-0.264168,-0.0643964,-0.199032,-0.245665,0.138084
Q92530,PSMF1,0.456362,0.0479195,0.315304,0.45947,0.316693
Q9UEE5,ST17A,0.341024,0.986392,0.31302,0.422992,0.825697
O75608,LYPA1,0.470822,0.655583,0.341615,0.34098,0.483695
Q5JRX3,PREP,-0.475853,-0.600703,-0.300066,-0.290939,-0.533523
Q9Y5P6,GMPPB,0.771431,0.938702,0.382447,0.364433,0.754022
Q8NB91,FANCB,0.163863,0.855417,0.36575,-0.233207,1.2764
Q24JP5,T132A,-0.253502,2.88E-05,-0.0226233,-0.159736,-0.530283
Q8IWX7,UN45B,0.47898,0.649045,0.0759284,-0.518159,0.465582
O15514,RPB4,-0.176853,0.400433,0.233496,0.228928,0.13575
Q9UPZ3,HPS5,1.07594,1.11634,0.540831,0.419702,0.552965
Q96F83,CLBA1,-0.430808,-0.639049,-0.158017,-0.0375206,-0.470483
Q8N2F6-2,ARM10,-0.205424,-0.161139,0.172177,0.170459,-0.183082
P15559,NQO1,0.546472,0.760429,0.123486,-0.0624423,0.00592518
Q9UH62,ARMX3,-0.0655115,-0.041132,0.506457,0.451395,-0.0228133
Q05519,SRS11,-0.207918,-0.230905,-0.239097,-0.154518,-0.109818
P19388,RPAB1,-0.276473,-0.297708,-0.177203,-0.275106,-0.228527
P30050,RL12,0.244978,0.168301,0.0199986,0.157941,0.207374
Q9GZT4,SRR,0.898586,1.01507,0.0700583,0.00753665,0.187675
Q86TV6,TTC7B,-0.631021,-0.794742,-0.510383,-0.134465,-0.777626
A6ZKI3,RTL8C,0.550559,0.584808,0.344733,0.2249,0.292347
P57088,TMM33,-0.316092,-0.264898,0.0266654,-0.0704248,0.153683
Q9NPC4,A4GAT,0.222108,0.536627,0.449647,-0.0410907,0.256376
Q14191,WRN,-0.42589,-0.192088,-0.100603,-0.290686,-0.283019
Q96JQ2,CLMN,-0.167055,-0.442577,0.115539,0.0673561,0.105246
Q14258,TRI25,0.600611,0.699479,0.17863,0.12065,0.296919
Q9BXF6,RFIP5,-0.340282,-0.422436,-0.175956,-0.2292,-0.160221
A0A1B0GTL5,A0A1B0GTL5,-0.258964,-0.18143,-0.0803895,0.00895166,0.000513792
Q8N465,D2HDH,-0.52281,-0.475392,-0.264362,-0.208382,-0.782379
Q8N766,EMC1,-0.302213,-0.2614,0.0194628,-0.154347,-0.225276
Q96EK5,KBP,0.43094,0.662382,0.134727,0.119488,0.537336
Q96I99,SUCB2,-0.372112,-0.589493,-0.345425,-0.353092,-0.574282
Q562F6,SGO2,0.162475,0.539053,0.0479085,0.108629,0.487133
Q8TBM8,DJB14,-0.133355,0.00500846,0.00869012,0.0380495,0.0101624
P40222,TXLNA,0.837336,0.697659,-0.00361323,0.132558,0.338198
Q86UT6,NLRX1,-0.36738,-0.387509,0.0772188,0.0221977,-0.310258
Q9UBC2,EP15R,0.193106,0.111534,0.00493312,0.0336187,0.00877285
Q9NVM4,ANM7,0.986595,1.06255,0.48225,0.394792,0.745896
Q6WKZ4,RFIP1,-0.00929689,-0.100725,0.0771172,-0.0752399,0.0507388
P35250,RFC2,-0.0655055,0.0319843,0.0303531,0.0828834,0.0558739
Q9NYP7,ELOV5,-0.265912,-0.49138,-0.00285649,0.0233076,-0.335137
P29083,T2EA,0.0413721,0.597048,0.0630584,0.0336268,0.584081
Q5T0D9,TPRGL,-0.18042,0.0576193,0.161647,-0.00215626,0.15381
P41212,ETV6,-0.224579,-0.348207,0.00915766,-0.165029,-0.329602
P46934-4,NEDD4,0.640573,0.749303,0.354211,0.45354,0.634705
Q96PU5,NED4L,0.619381,0.729488,0.479683,0.434089,0.704463
Q96J02,ITCH,0.246408,0.67746,0.257552,0.484843,0.321584
Q8TAF3,WDR48,0.0926957,0.145116,0.0995383,-0.0914557,0.238865
P13674,P4HA1,-0.389425,-0.578946,-0.25035,-0.42815,-0.612534
P13674-2,P4HA1,-0.438331,-0.654936,-0.354767,-0.579436,-0.505819
Q9P281,BAHC1,0.18359,0.036051,0.234395,0.189152,0.515335
Q15043,S39AE,-0.199861,-0.217692,-0.130876,0.232313,0.271143
Q96GM8,TOE1,-0.587482,-0.566472,-0.597157,-0.459631,-0.285257
Q8IV08,PLD3,-0.178978,-0.123503,0.13583,-0.197327,-0.342856
Q1KMD3,HNRL2,-0.541101,-0.548877,-0.23643,-0.314573,-0.588809
Q15906,VPS72,-0.0946496,-0.0554423,-0.0262725,-0.0538912,0.239559
P06280,AGAL,-0.359694,-0.345121,-0.246346,-0.267551,-0.577384
Q9C0C7,AMRA1,-0.148731,-0.0861998,0.323532,0.184081,0.264733
Q96CP2,FWCH2,0.339328,0.428523,0.42033,1.04054,1.08935
Q7Z4Q2,HEAT3,0.0661049,0.234732,0.222622,0.201343,0.205799
P06865,HEXA,-0.410342,-0.481041,-0.328772,-0.582879,-0.74041
P07686,HEXB,-0.486939,-0.699868,-0.498151,-0.652948,-0.880968
Q6UW63,PLGT2,-0.238161,-0.450289,-0.13413,-0.250399,-0.415535
O14776,TCRG1,-0.462291,-0.471454,-0.406719,-0.438404,-0.349463
Q13426,XRCC4,0.0715325,0.0413804,0.00117278,0.0465171,0.394484
Q5TF39,MFS4B,0.849895,0.288496,-0.316251,0.282723,0.16994
Q5T2T1,MPP7,-0.175083,-0.313697,-0.011349,-0.19821,-0.173547
Q9UM22,EPDR1,-0.522468,-0.382277,-0.302352,0.0213635,-0.138507
Q9UI26,IPO11,0.795037,0.966238,0.475961,0.481895,0.840387
Q03701,CEBPZ,-0.493241,-0.665957,-0.429929,-0.350602,-0.467826
Q9Y5B6,PAXB1,-0.45069,-0.480457,-0.319159,-0.363652,-0.452382
P40939,ECHA,-0.558549,-0.647148,-0.247444,-0.3133,-0.629193
Q712K3,UB2R2,0.44854,0.695495,0.305423,0.349786,0.715616
Q6ZMU5,TRI72,0.610571,0.87252,0.358194,0.388739,0.787964
O95870,ABHGA,-0.323092,-0.205193,0.0306406,-0.163529,-0.416992
P49585,PCY1A,0.272001,0.691384,0.259665,0.285795,0.649918
O95391,SLU7,-0.284066,0.0294683,-0.28702,-0.17977,-0.114256
Q9NV06,DCA13,-0.427685,-0.343719,-0.18091,-0.140245,-0.197379
O14777,NDC80,0.674535,0.917199,0.138151,0.307797,0.514968
Q6IAA8,LTOR1,0.187129,0.355409,0.567696,0.714046,0.284855
Q8IYB7,DI3L2,0.71723,0.886688,0.469004,0.429816,0.581098
Q8IWR0,Z3H7A,0.233332,0.42714,0.138469,-0.0404501,0.109379
P40937,RFC5,-0.070519,0.0933597,0.0473773,0.0415206,0.195595
Q92667,AKAP1,0.00924587,-0.0469625,0.396813,0.261949,0.222272
Q96JC1,VPS39,0.17854,0.194174,-0.192239,-0.244067,-0.0097537
P16383,GCFC2,0.409201,0.259787,0.13167,0.219824,0.0583758
Q9H330,TM245,-0.126461,-0.415284,0.0228164,0.0770991,-0.219233
Q6ZSY5,PPR3F,-0.311192,-0.236404,-0.220075,-0.170599,-0.476037
O94955,RHBT3,-0.0491533,0.281471,0.126733,-0.0268774,-0.146973
Q9H013,ADA19,-0.346648,-0.566284,-0.180611,-0.208317,-0.268228
O43516,WIPF1,0.271866,0.17451,0.0812523,0.375754,0.378277
Q9H0R4,HDHD2,0.733506,0.854756,0.335407,0.237813,0.451962
Q969V5,MUL1,0.0852575,-0.263417,0.329174,0.543195,-0.19108
Q6PJG2,MDEAS,-0.53037,-0.741146,-0.392229,-0.35969,-0.510042
Q12789,TF3C1,-0.28657,-0.127881,-0.171036,-0.261394,-0.194774
Q5SSJ5,HP1B3,-0.495499,-0.616221,-0.354249,-0.245224,-0.830367
Q9BY77,PDIP3,-0.299414,-0.153079,-0.0805705,0.0145831,-0.276711
P04637,P53,0.135155,-0.0930295,-0.0943761,-0.0632417,0.136529
P49674,KC1E,0.238571,0.121322,0.312614,0.367269,0.282551
P48730-2,KC1D,0.335041,0.480792,0.0522881,0.0729334,0.450732
Q8N6T7,SIR6,-0.0732534,-0.17981,-0.324879,-0.311373,0.16106
Q96Q45,TM237,-0.384787,-0.0665848,-0.33199,-0.319841,-0.387101
Q96H55,MYO19,-0.311841,-0.209661,-0.128404,-0.128084,-0.340286
Q96DZ1,ERLEC,-0.591082,-1.07847,-0.396592,-0.503888,-0.791624
Q15528,MED22,-0.38289,-0.33006,0.0854285,-0.114712,-0.145097
Q05397,FAK1,0.567057,0.505856,0.19019,0.22936,0.302222
O14545,TRAD1,0.223704,0.228673,0.210601,0.136963,0.234791
Q9NWS1-3,PARI,0.453809,0.858099,0.652132,0.899534,0.954749
O43488,ARK72,0.553433,0.644523,0.298256,0.251848,0.204175
Q96EZ8,MCRS1,-0.374331,-0.38079,-0.189431,-0.149407,-0.362261
Q9UMS4,PRP19,-0.420826,-0.488302,-0.219576,-0.30403,-0.288634
Q96P16,RPR1A,0.0844152,0.454643,0.0136964,-0.120996,0.265701
Q9NQG5,RPR1B,0.0991428,0.441573,-0.0157158,0.0477498,0.366718
Q4V328,GRAP1,0.867396,1.00626,0.288977,0.236904,0.616461
Q9Y3P9,RBGP1,0.681632,0.850923,0.20485,0.164948,0.359033
Q5R372,RBG1L,0.0619283,0.383919,0.237581,0.061867,0.108016
Q96LD4,TRI47,0.356544,0.672651,0.297734,0.344887,0.375813
Q9NV70,EXOC1,0.212596,0.252571,-0.242321,-0.281799,-0.079977
P49589,SYCC,0.741805,0.895342,0.258624,0.201482,0.695091
Q63ZY3,KANK2,0.256701,0.188439,0.145931,0.135318,0.0105443
Q7L590,MCM10,-0.169313,0.331012,0.0102527,0.102539,0.370553
P98174,FGD1,0.480765,-0.0872326,0.444844,-0.238798,0.448553
P10909,CLUS,-0.223229,-0.229781,-0.22772,-0.203005,-0.421555
Q9BWU0,NADAP,-0.0883143,0.175695,-0.095892,-0.0274634,0.450457
Q99797,MIPEP,-0.513968,-0.548,-0.307703,-0.370895,-0.709682
P28347,TEAD1,-0.392772,-0.520544,-0.422945,-0.308231,-0.600507
Q99594,TEAD3,-0.516188,-0.483536,-0.117702,-0.160316,-0.264519
Q15562,TEAD2,-0.0902719,-0.533365,-0.0896404,0.0192938,-0.715453
Q14C86,GAPD1,0.607185,0.538481,0.167262,0.129598,0.386192
P04062,GBA1,-0.50419,-0.534907,-0.207369,-0.274308,-0.590856
Q9H9D4,ZN408,0.0559871,0.292321,0.247574,0.0852907,0.384039
Q7Z494,NPHP3,0.183386,0.436451,0.049546,-0.334037,0.204454
Q86YV9,HPS6,0.689617,0.818503,0.43568,0.266098,0.464016
Q9H061,T126A,-0.0793858,0.0508571,0.444392,0.50102,0.0598898
P83110,HTRA3,-0.176592,-0.229308,0.10738,-0.233044,-1.60751
O43464,HTRA2,-0.273966,-0.247632,-0.186705,-0.19269,-0.413704
Q9ULD6,INTU,-0.113446,-0.00537562,0.327419,0.249649,0.181085
Q96GS4,BORC6,0.227244,0.472065,0.105489,0.190217,0.141413
Q9Y250,LZTS1,0.217575,0.2284,0.34297,0.349311,0.491122
A0A087X229,A0A087X229,-0.173043,-0.138888,1.06743,0.794976,0.29523
Q9BW60,ELOV1,-0.424309,-0.627053,-0.169908,-0.156646,-0.498549
Q9H8H2,DDX31,-0.455355,-0.384715,-0.169901,-0.197542,-0.316429
O95822,DCMC,-0.287373,-0.440861,-0.130128,-0.254157,-0.55457
Q9Y483,MTF2,-0.29984,-0.296021,-0.228852,-0.124146,-0.665164
Q9NZC3,GDE1,-0.429368,-0.579444,-0.219883,-0.274656,-0.66209
Q92552,RT27,-0.497359,-0.506124,-0.200492,-0.166299,-0.482464
P82664,RT10,-0.179046,-0.112343,0.0291333,-0.00529289,-0.251269
Q9BWH6,RPAP1,0.636455,0.728339,0.404206,0.258875,0.498047
Q15628,TRADD,0.551195,0.589727,0.279364,0.343811,0.695899
Q8TCD5,NT5C,0.409581,0.295219,0.255273,0.267065,0.468425
Q8N573,OXR1,0.875,0.820028,0.288226,0.0384121,0.29349
O75151,PHF2,-0.24948,-0.616374,-0.191322,-0.125037,-0.510646
Q9UPP1,PHF8,-0.379128,-0.156062,-0.137818,-0.276722,-0.254632
Q9P2B2,FPRP,-0.142817,-0.272384,-0.0409467,-0.0840819,-0.537831
O60716-3,CTND1,-0.267237,-0.327276,-0.068434,-0.139494,-0.481993
Q8TB22,SPT20,-0.33408,-0.315912,-0.0311565,-0.106607,-0.328058
O60443,GSDME,0.620968,0.779596,0.429148,0.297468,0.463788
Q9H8M5,CNNM2,-0.226602,-0.141724,-0.0925679,0.0651321,-0.437587
Q8NE01,CNNM3,0.256039,-0.12134,0.0872121,0.518996,-0.451415
Q6P4Q7,CNNM4,-0.129232,-0.130744,0.0171168,0.272924,-0.101447
Q9NYI0,PSD3,-0.112769,-0.128855,-0.0971105,-0.00829244,0.26228
P16070,CD44,0.0362406,-0.160101,0.376601,0.458549,0.215594
Q9NRR5,UBQL4,0.540406,1.12795,1.16503,1.01694,0.964726
Q9UMX0,UBQL1,0.71999,0.716199,1.41552,1.50586,1.00392
Q9UHD9,UBQL2,0.438528,0.85424,0.708773,0.509327,0.490532
Q96RR1,PEO1,-0.215299,-0.222657,0.106713,-0.113651,0.0605142
Q9ULG6,CCPG1,-0.271584,-0.0678976,-0.165954,-0.0656216,-0.271958
P53999,TCP4,0.464773,0.810904,0.258663,0.325439,0.57983
Q8TF30,WHAMM,0.577554,1.2235,-0.0356779,0.419178,0.685095
Q9HD42,CHM1A,0.607611,0.558981,0.157916,0.300055,0.241764
P57772,SELB,0.372333,0.523976,0.227681,0.15763,0.263516
P00491,PNPH,0.55214,0.7138,0.266871,0.254168,0.763961
P10155,RO60,0.0557206,0.250361,-0.0655684,-0.10264,0.167506
Q9UNM6,PSD13,-0.0114782,0.064693,0.0187113,-0.0689797,0.240277
O94887,FARP2,-0.185003,-0.287905,-0.200414,-0.329013,-0.693841
Q9BVQ7,AFG2B,0.76162,0.783433,0.216901,0.203438,0.416883
Q9BTE6,AASD1,0.737602,1.01745,0.404448,0.534378,0.893133
Q16563,SYPL1,0.104763,0.302602,0.32547,0.268794,0.145648
Q9NX07,TSAP1,-0.232352,-0.343446,-0.187972,0.099889,0.643693
O14657,TOR1B,-0.487074,-0.572717,-0.314541,-0.425683,-0.598111
Q9BUH6,PAXX,0.77586,0.659635,0.479931,0.286263,0.638614
Q9UJX4,APC5,0.0055356,-0.0576513,-0.115601,-0.138879,-0.0459979
Q96QK1,VPS35,0.414836,0.759619,0.12869,0.0063045,0.437234
O94919,ENDD1,-0.482827,-0.548323,-0.358403,-0.238643,-0.586443
Q53HC9,EIPR1,0.379858,0.653903,0.276847,0.345886,0.309272
P04843,RPN1,-0.365453,-0.604176,-0.153498,-0.084929,-0.479773
P17405,ASM,-0.129816,0.112523,0.0848234,-0.0774634,-0.40053
P61513,RL37A,0.594392,1.01156,0.480547,0.638903,0.808495
Q9P2N5,RBM27,-0.303819,-0.381169,-0.332366,-0.303813,-0.300718
P62249,RS16,0.51775,0.680733,0.120964,0.147273,0.364996
Q9HB07,MYG1,0.161111,0.230688,0.16256,0.104568,0.17844
O00478,BT3A3,-0.112358,-0.189064,0.0476551,0.107787,-0.328929
P78410,BT3A2,0.233199,0.158359,-0.216982,0.107052,-0.46214
Q96F44,TRI11,0.894661,0.934325,0.523735,0.249197,1.47166
Q6AZZ1,TRI68,0.646838,1.23247,0.737635,0.454282,1.11564
Q96MN5,TEAN2,-0.401111,-0.0149982,0.714892,0.340466,0.753555
Q96RL7,VP13A,-0.0931666,-0.372922,-0.0715284,-0.155436,-0.321769
Q9H4L5,OSBL3,-0.146735,-0.310438,-0.112647,-0.0857239,-0.159907
P22681,CBL,0.663692,0.459407,-0.0246053,0.0786037,0.150506
Q13191,CBLB,2.5186,2.22659,0.236075,0.568254,1.12778
Q99497,PARK7,0.551248,0.777311,0.386539,0.432419,0.644072
P35080-2,PROF2,0.978255,1.0782,0.122092,0.202129,0.320211
P35080,PROF2,0.854551,1.23396,0.510855,0.501694,0.830082
Q9C0E2,XPO4,0.167604,0.711462,-0.0236688,-0.061482,0.0228283
P19338,NUCL,-0.485663,-0.640627,-0.404602,-0.272225,-0.31985
H7BY16,H7BY16,-0.475179,-0.407911,-0.0625854,-0.29317,-0.273053
P52306,GDS1,0.681412,0.913563,0.379023,0.358985,0.756232
Q5THJ4,VP13D,0.364007,0.358245,0.00697947,0.179241,0.260014
Q9Y6G5,COMDA,0.588899,0.965275,0.932359,0.621199,0.916816
Q9HCE1,MOV10,0.240193,0.221308,-0.00858331,-0.0110807,-0.294059
P24864,CCNE1,0.308796,-0.505909,0.879923,-0.124478,0.472952
Q16773,KAT1,0.257877,-0.0320368,0.0542135,0.0234466,-0.0113902
P18858,DNLI1,-0.0197117,0.333428,0.1653,0.393337,0.551748
O14732,IMPA2,1.19494,0.638731,1.2113,0.56913,0.459235
P17707,DCAM,1.23547,1.33628,1.20584,1.47741,1.89128
P16435,NCPR,-0.268538,-0.389159,-0.0527213,-0.13085,-0.289274
Q9NX46,ADPRS,0.420156,0.582159,0.244364,0.107191,0.265789
O95182,NDUA7,-0.328955,-0.513731,0.120214,0.267052,-0.76065
P22059,OSBP1,0.423855,0.916816,0.0810587,0.0019238,0.264529
Q9NP74,PALMD,0.813294,0.809681,0.465774,0.700041,1.12741
P19823,ITIH2,-0.696882,-1.53872,-0.67858,-0.509543,0.140014
O95835,LATS1,0.268709,0.0114663,0.159255,0.179044,0.165059
Q15165,PON2,-0.244277,-0.50957,-0.0126984,0.030072,-0.285525
P56945,BCAR1,0.764412,0.843255,0.446417,0.51571,0.728408
Q9Y4C1,KDM3A,-0.0567932,0.456127,-0.247512,-0.264407,0.369077
Q7LBC6,KDM3B,-0.131507,0.0979609,-0.0266149,-0.151044,0.110694
O75496,GEMI,0.150784,0.737472,0.0313997,0.684483,0.825724
Q9NY33,DPP3,0.620173,0.862442,0.281188,0.278075,0.533064
Q8IZH2,XRN1,0.635194,0.708254,0.344365,0.0196798,0.235605
O00186,STXB3,-0.421828,-0.573363,-0.404865,-0.370496,-0.593678
Q49AR2,CE022,0.423056,0.692914,0.267098,0.0717928,0.42599
Q8NFA0,UBP32,0.162373,0.335149,0.169003,0.206064,0.362874
Q96LW7,CAR19,0.852339,0.669795,1.58038,2.37145,0.499467
Q13153,PAK1,0.62504,0.853774,0.305753,0.350735,0.542145
Q13177,PAK2,0.696893,0.895646,0.288588,0.35954,0.616266
O15440,MRP5,-0.531825,-0.166408,-0.218901,0.217531,-0.428906
Q9H6V9,LDAH,-0.269148,-0.429094,-0.333518,-0.356663,-0.697295
Q92621,NU205,-0.392485,-0.455176,-0.128834,-0.212131,-0.241467
P27105,STOM,-0.0883667,-0.110273,0.117007,0.182544,0.196314
Q03135,CAV1,0.105628,-0.0418854,0.291107,0.550744,0.280346
P29375,KDM5A,-0.23166,-0.0966153,-0.0899875,-0.179255,-0.356004
Q9BYD2,RM09,-0.349198,-0.426002,-0.136266,-0.264405,-0.434355
Q5PSV4,BRM1L,-0.240871,-0.0770991,-0.189001,-0.345035,-0.331324
Q9UK41,VPS28,0.483212,0.624751,0.732734,0.53558,0.731928
Q9HBH5,RDH14,-0.246298,-0.411762,-0.126535,-0.0342581,-0.388882
J3QQK4,J3QQK4,-0.323421,-0.40513,-0.189131,-0.393147,-0.399775
Q9NSV4,DIAP3,0.378789,0.0106766,0.217515,-0.0384634,0.0615275
P51687,SUOX,-0.541872,-0.633907,-0.432651,-0.517554,-0.776937
Q8TDR2,STK35,-0.196622,-0.462173,-0.411576,-0.28472,-0.486521
Q9UNS2,CSN3,0.221738,0.408844,0.0814984,0.101223,0.476245
Q9NPH0,PPA6,-0.283422,-0.60689,-0.3695,-0.323853,-0.428091
P86790,CCZ1B,0.159019,0.237721,-0.0656211,-0.27663,-0.0100269
P00973,OAS1,-0.545023,-0.270252,-0.317351,-0.931166,-0.728074
Q9BUR4,TCAB1,0.111101,0.496359,0.0881064,0.135956,0.456606
Q9UPV0,CE164,-0.307613,-0.169252,0.00112009,-0.101977,0.289369
Q8NB37,GALD1,1.02795,0.513322,0.147762,-0.152635,0.37185
Q9HCN8,SDF2L,-0.431038,-0.59395,-0.17689,-0.257476,-0.285563
Q9NPQ8,RIC8A,0.527367,0.84642,0.430097,0.372917,0.620686
Q9Y3U8,RL36,0.207064,0.240412,0.148956,0.172776,0.172951
Q9BXW6,OSBL1,-0.329114,-0.436631,-0.21932,-0.224459,-0.357403
Q9H0L4,CSTFT,-0.151186,-0.146459,0.033071,0.0582318,-0.0729692
P33240,CSTF2,-0.454814,-0.296196,0.134996,0.214712,0.00985551
Q9Y3C1,NOP16,-0.344743,-0.121195,-0.149188,-0.0824389,-0.0106966
Q8NFH5,NUP35,-0.412044,-0.575217,-0.298605,-0.193645,-0.54424
O14656,TOR1A,-0.418282,-0.573422,-0.249103,-0.21792,-0.359656
Q5JU69,TOR2A,-0.366524,-0.517131,-0.56389,-0.0721958,-0.622092
Q9Y6X9,MORC2,-0.372761,-0.337311,-0.335153,-0.361875,-0.293846
P78330,SERB,0.659915,0.853691,0.368963,0.393857,0.90443
P49441,INPP,0.613453,1.00316,0.265565,0.269244,0.44377
Q99877,H2B1N,-0.0829644,-0.661052,0.282439,0.326185,-0.311177
Q8N257,H2B3B,0.000178337,-0.393261,0.366232,0.249586,-0.183109
P48382,RFX5,-0.385975,-0.58224,-0.289531,-0.358806,-0.475104
Q2KHR2,RFX7,-0.182181,0.170158,0.0160413,-0.178684,-0.114626
Q15738,NSDHL,-0.314868,-0.398535,-0.256615,-0.17862,-0.393656
P41227,NAA10,0.810493,1.03743,0.38137,0.357177,0.759771
O00746,NDKM,-0.268559,-0.438096,-0.114359,-0.219107,-0.0831981
P82930,RT34,-0.425426,-0.477762,-0.285562,-0.280973,-0.568233
Q9NZ45,CISD1,-0.23172,-0.176893,0.482059,0.872612,0.156301
Q9NV66,TYW1,-0.287274,-0.426896,0.0409424,-0.0913424,-0.0492811
Q9H910,JUPI2,0.570683,0.738682,0.449187,0.526567,0.757145
Q9NQ50,RM40,-0.583819,-0.904964,-0.410513,-0.4666,-0.849047
Q9UBX8,B4GT6,0.451496,-0.117245,0.124898,0.0284271,-0.108076
Q9H0E3,SP130,-0.380383,-0.393682,-0.361903,-0.557424,-0.646292
Q96HW7,INT4,-0.30385,-0.275043,-0.0849252,-0.407673,-0.107656
Q15369,ELOC,0.550827,0.956999,0.530451,0.496801,0.825907
P42785,PCP,-0.388616,-0.542987,-0.333935,-0.517726,-0.607289
Q00403,TF2B,-0.443561,-0.0917187,-0.391966,-0.203684,0.174403
P98179,RBM3,-0.169281,-0.111401,-0.0335622,0.135233,0.0411863
Q15560,TCEA2,-0.0927224,-0.00944543,0.01897,-0.224478,-0.273803
P49005,DPOD2,-0.121695,0.240705,-0.118703,0.0695567,0.311522
P20073,ANXA7,0.760784,0.571527,0.380047,0.548645,0.529032
Q9NTJ3,SMC4,0.333943,0.381445,0.0511441,0.0817013,0.363489
Q16186,ADRM1,-0.128236,-0.213306,-0.288997,-0.315503,0.152456
Q9NZL4,HPBP1,0.985515,1.53721,0.847733,0.768715,1.51653
P82932,RT06,-0.517416,-0.488209,-0.119187,-0.132478,-0.650096
Q96G46,DUS3L,0.192661,0.578222,0.264025,0.284225,0.513317
P49914,MTHFS,0.0773716,0.108807,0.0123212,-0.0733871,-0.0455067
P48723,HSP13,-0.422192,-0.462283,-0.320623,-0.238173,-0.265648
Q9Y6I3,EPN1,-0.440209,-1.00573,-0.455083,-0.552384,-0.902385
Q9Y6I3-3,EPN1,0.332503,0.469595,0.41099,0.137573,0.102723
O95208,EPN2,-0.231922,-0.208081,-0.361675,-0.217962,-0.719364
Q9BZQ8,NIBA1,0.571117,0.861321,0.0582755,0.110881,0.341693
P54819,KAD2,-0.445892,-0.421594,-0.00357962,-0.13563,-0.216259
Q9Y4P3,TBL2,-0.590058,-0.640815,-0.169733,-0.221795,-0.272098
Q9UL46,PSME2,0.639636,0.959157,0.541806,0.351706,0.831632
Q9Y6M9,NDUB9,-0.17153,0.00191498,-0.00990629,0.142004,-0.319838
Q9NRW3,ABC3C,0.251387,0.32523,0.223521,0.221276,0.286184
Q9UH17,ABC3B,-0.175608,-0.06159,0.355442,0.431541,0.68626
P42336,PK3CA,1.3439,1.26103,0.426704,0.00131869,0.757206
O60828,PQBP1,-0.542572,-0.520245,-0.478406,-0.534819,-0.441471
Q14142,TRI14,-0.148636,-0.0552902,0.0849316,0.03636,-0.30028
P40121,CAPG,0.738056,1.0934,0.343596,0.400292,0.726762
Q9NVP1,DDX18,-0.403092,-0.430467,-0.215508,-0.143198,-0.246304
Q15696,U2AFM,-0.309898,-0.542224,-0.251088,-0.137958,-0.557592
Q8NBL1,PGLT1,-0.417889,-0.643088,-0.494197,-0.505229,-0.695081
P10451,OSTP,-0.432922,-0.401745,-0.336712,-0.194309,0.319532
O15119,TBX3,-0.169142,0.0921087,-0.41034,-0.464331,-0.355467
Q15008,PSMD6,0.301579,0.340423,0.0377159,-0.0571227,0.358476
Q7L2Z9,CENPQ,-0.387467,-0.432175,-0.428875,-0.207678,-0.114073
Q13042,CDC16,-0.193439,-0.28505,-0.318947,-0.294103,-0.178454
Q8WUM0,NU133,-0.351122,-0.512778,-0.274089,-0.293877,-0.466647
Q5TF21,MTCL3,0.786857,0.605512,0.801423,1.14554,0.81906
P07311,ACYP1,0.739494,0.814246,0.26513,0.234367,0.391225
Q9P2J5,SYLC,0.648903,0.753849,0.213617,0.167105,0.549349
Q96P47,AGAP3,0.240499,0.401223,0.315132,0.00409126,0.535977
O94856,NFASC,-0.00593996,0.103217,0.0282986,0.266569,-0.256301
Q92823,NRCAM,-0.0869308,0.0924907,0.0402765,0.196176,0.00276065
Q6IBW4,CNDH2,-0.442919,-0.458836,-0.134153,0.0708673,0.0695999
Q8IWA5,CTL2,0.189962,0.181589,-0.376108,-0.165009,-0.440508
P45974,UBP5,0.539517,0.796642,0.316766,0.284356,0.57403
Q92995,UBP13,0.456917,0.452201,0.012641,0.108707,0.173224
Q9H0H0,INT2,-0.0624874,-0.158581,-0.134418,-0.311418,-0.178575
E9PRG8,CK098,-0.172356,0.00942922,-0.225801,-0.0360382,0.0346644
Q99873,ANM1,-0.103888,0.109061,0.108788,0.0315797,0.580621
Q9BZ72,PITM2,-0.189677,0.15937,-0.0718246,-0.121982,-0.409674
Q9ULH0,KDIS,0.00298333,0.0350404,-0.058166,0.158076,-0.12542
Q8WWQ0,PHIP,-0.459574,-0.668526,-0.101796,-0.115315,-0.69013
A0A8V8TPV5,A0A8V8TPV5,-0.612257,-0.853839,1.08764,0.290632,-0.129222
Q9NSI6-2,BRWD1,-0.0977345,-0.490472,0.0487268,-0.1461,-0.309302
Q6RI45,BRWD3,-0.623739,-0.386868,-0.518268,-0.482131,-0.431428
Q8IUR7,ARMC8,0.0191841,0.00661492,-0.117813,-0.162874,-0.0562818
O96008,TOM40,0.124473,0.048233,0.919903,1.06983,0.351364
Q9ULW0,TPX2,-0.475848,-0.542006,-0.274465,0.401447,0.159186
P37108,SRP14,-0.209158,-0.228997,-0.197498,-0.19965,-0.245981
Q8TEW0,PARD3,0.222188,0.151944,0.15197,0.12646,0.215582
P31943,HNRH1,-0.44317,-0.321827,-0.209773,-0.244097,-0.408188
P55795,HNRH2,-0.442713,-0.204869,-0.164416,-0.251383,-0.45737
P52597,HNRPF,-0.379393,-0.32792,-0.197025,-0.220541,-0.193916
H0YBK1,H0YBK1,0.674443,0.126714,0.292368,0.900176,0.0385087
P31942,HNRH3,-0.515076,-0.565792,-0.323129,-0.298615,-0.526945
Q96RD7,PANX1,-0.0662925,0.154641,0.445966,0.598492,0.055043
O75396,SC22B,-0.404436,-0.414724,-0.146361,-0.16381,-0.405224
Q96HC4,PDLI5,0.54862,0.636462,0.104672,0.19441,0.459156
Q9H3H3,CK068,0.878087,0.891697,0.367927,0.494642,0.698292
Q8WY36,BBX,-0.268364,-0.384802,-0.432735,-0.47689,-0.641662
O43752,STX6,0.192397,0.381606,0.167753,0.181983,0.143399
O60499,STX10,0.261453,0.467046,0.201528,0.489727,0.323751
O95382,M3K6,0.271083,0.425527,0.254821,0.225271,0.478118
Q9H582,ZN644,-0.271051,0.0870419,0.166609,-0.20922,-0.314971
O14668,TMG1,-0.291564,-0.449054,-0.122332,-0.256583,-0.744482
Q86WR0,CCD25,0.67842,0.972286,0.453049,0.443716,0.7269
Q8WXW3,PIBF1,-0.0718687,0.0895884,-0.116703,-0.0573473,-0.176163
P37268,FDFT,-0.392699,-0.215389,-0.351137,-0.288226,-0.420373
P78316,NOP14,-0.44518,-0.475881,-0.349959,-0.260748,-0.389715
Q9UKI2,BORG2,-0.0684416,0.0590329,0.410092,0.507931,0.336518
O75787,RENR,-0.178659,0.0235348,0.227,-0.107952,0.205295
Q9Y2H0,DLGP4,0.603611,0.512795,0.347434,0.185096,0.504114
P36383,CXG1,0.00748563,-0.300012,0.301454,0.574334,0.0810583
O00560,SDCB1,-0.247897,-0.305058,-0.0271575,-0.0946684,-0.283549
O15145,ARPC3,0.610555,0.705135,0.563828,0.351328,0.700375
P62847,RS24,0.729906,1.16498,0.355083,0.311294,0.714011
Q9H0Z9,RBM38,0.520045,0.162295,-0.0579705,0.412586,0.180633
Q13724,MOGS,-0.245405,-0.316316,-0.0769126,-0.180784,-0.509538
Q5T2E6,ARMD3,-0.117164,0.148349,0.263441,-0.0342195,0.168145
O00233,PSMD9,0.735568,0.760384,0.00289726,0.155815,0.340725
Q9BZE9,ASPC1,0.682393,0.674745,0.170367,0.254815,0.938256
Q7Z478,DHX29,0.0241704,0.0887916,-0.11232,-0.08845,-0.105373
O95872,GPAN1,1.04791,0.936689,0.887522,1.50758,0.956157
Q02818,NUCB1,-0.507182,0.0293493,-0.220871,-0.298548,-0.620543
Q15054,DPOD3,0.182911,0.0687728,0.161258,0.158322,0.279095
Q9UJK0,TSR3,0.428615,0.648638,0.191241,0.339559,0.658451
P13051,UNG,-0.314859,-0.0729237,0.167674,-0.10488,-0.272225
P13051-2,UNG,-0.258631,-0.380528,0.0813088,-0.419222,-0.687746
Q2TAZ0,ATG2A,0.266211,0.591074,0.105475,-0.203203,0.287354
P28799,GRN,-0.241664,-0.150844,-0.274628,-0.353293,-0.529831
Q9BTZ2,DHRS4,-0.131832,-0.108468,0.0264707,0.0321019,-0.126287
O43189,PHF1,-0.204126,-0.477369,-0.115445,-0.364851,-0.514135
Q9Y5K6,CD2AP,0.797699,0.854671,0.227866,0.229514,0.545749
Q03468,ERCC6,-0.360966,-0.225512,-0.27779,-0.22849,-0.284773
Q9UI42,CBPA4,-0.0290475,-0.280858,0.21605,0.30418,0.342523
Q8N414,PGBD5,0.995838,0.666301,1.13597,0.579399,0.947109
Q9Y3E5,PTH2,-0.392964,-0.682862,-0.258874,-0.0127213,-0.473401
O75695,XRP2,-0.303809,-0.437302,-0.0800233,0.042424,-0.122025
Q9UHL4,DPP2,-0.454686,-0.662025,-0.356414,-0.537355,-0.804656
Q8TBC5,ZSC18,-0.301028,0.189241,-0.100016,-0.540733,-0.409202
Q3ZCQ8,TIM50,-0.439301,-0.548124,-0.0852399,-0.0371006,-0.414267
Q8N9N5,BANP,-0.142508,-0.0678098,-0.481579,-0.195566,-0.446838
Q9BRU9,UTP23,-0.164506,-0.481031,-0.203626,-0.147057,-0.0498857
Q9GZR2,REXO4,-0.484462,-0.63925,-0.224118,-0.254323,-0.429571
P43121,MUC18,0.267154,0.192345,0.548828,0.672185,0.255182
Q9H3Z4,DNJC5,-0.00790286,-0.316877,0.27456,0.290112,-0.182634
Q6W2J9,BCOR,-0.481408,-0.394333,-0.361465,-0.373397,-0.562021
Q14691,PSF1,-0.0169976,0.478968,0.245572,0.300912,0.753419
P27361,MK03,0.495086,0.612213,0.288503,0.297925,0.442207
P28482,MK01,0.754572,0.990733,0.282075,0.431563,0.536434
P21127,CD11B,-0.551105,-0.682644,-0.351984,-0.290517,-0.432297
P50613,CDK7,-0.291483,-0.313433,-0.286691,-0.406016,-0.232311
Q8N568,DCLK2,0.891573,0.735271,0.68199,0.720523,1.11168
P00540,MOS,-0.428232,-0.51499,-0.416209,-0.275312,-0.561824
Q96RF0,SNX18,0.343344,0.350687,0.229453,-0.183775,0.124679
Q8WV41,SNX33,0.510751,0.800615,0.593018,0.146051,0.594481
Q96CC6,RHDF1,-0.225364,-0.472725,-0.0641639,-0.166309,-0.34026
Q13563,PKD2,-0.491952,-0.68958,-0.168904,-0.103376,-0.464787
Q96PY6,NEK1,0.0889652,0.361633,0.334346,-0.230187,-0.0621996
Q9C0J8,WDR33,-0.592934,-0.755629,-0.519697,-0.551577,-0.65065
Q96BW5,PTER,0.88881,1.20624,0.648699,0.543937,1.25462
Q9BXK1,KLF16,-0.151816,0.21981,0.372295,0.424337,0.443538
P50402,EMD,-0.227876,-0.216953,0.0379276,0.0649509,-0.247358
P25205,MCM3,-0.12044,0.155324,-0.0207334,-0.0998609,0.483352
O75306,NDUS2,-0.229821,-0.227447,-0.0397077,0.14035,-0.480621
Q9HA64,KT3K,0.540118,0.827492,0.248422,0.184097,0.412
Q9C0B0,UNK,1.20413,1.66609,1.29283,1.01563,1.7614
P48444,COPD,0.708996,0.830936,0.181786,0.143936,0.533244
Q15464,SHB,-0.129467,-0.0670626,-0.233569,-0.0331459,-0.404878
Q9UHI8,ATS1,-0.153451,-0.268005,0.540541,0.517845,0.940112
Q9Y606,PUS1,-0.283912,-0.194037,-0.00736904,-0.141667,-0.0905793
Q07020,RL18,0.300243,0.228706,0.107846,0.241109,0.304013
P78310,CXAR,-0.0271258,0.291872,0.0403292,0.300205,-0.030833
Q9Y6I8,PXMP4,-0.41135,-0.283273,0.0855806,0.147168,0.425685
O43491,E41L2,-0.327864,-0.442729,-0.298007,-0.286788,-0.41939
O43491-4,E41L2,-0.17263,-0.912824,-0.248625,-0.119042,-0.565908
O15111,IKKA,0.182258,0.151583,0.0626185,0.117767,-0.00649714
Q9Y2J2-2,E41L3,-0.174392,-0.229081,-0.0469956,-0.0607371,-0.214245
P11171,EPB41,-0.30708,-0.485115,-0.131634,-0.129857,-0.514307
Q9H4G0-4,E41L1,-0.286761,-0.406188,-0.320118,-0.276634,-0.719881
O94913,PCF11,-0.424761,-0.367142,-0.511448,-0.420277,-0.365371
Q9UBU6,FA8A1,-0.0855143,-0.664689,-0.491974,-0.414614,-1.19123
O94916,NFAT5,0.0562274,0.00247145,-0.386347,-0.435609,-0.64154
Q69YN2,C19L1,0.0837238,0.687212,0.218615,0.0719461,0.488798
P50213,IDH3A,-0.544163,-0.601217,-0.236857,-0.300257,-0.636784
P60891,PRPS1,0.529844,0.690858,0.26329,0.271045,0.597532
P11908,PRPS2,0.726333,1.05604,0.237811,0.322623,0.69741
Q96K17,BT3L4,0.704206,0.796794,0.204345,0.161561,0.461838
P20290,BTF3,1.00239,1.17776,0.433355,0.53324,0.956965
Q9UHA3,RLP24,-0.205926,-0.36415,-0.165493,-0.0325501,-0.123207
Q9NUL7,DDX28,-0.468508,-0.0900037,0.0343876,0.0317054,-0.271321
Q06323,PSME1,0.666177,0.890136,0.319852,0.264158,0.429853
Q9BZF3,OSBL6,0.178336,-0.0692058,0.027128,0.167007,0.0345407
O94903,PLPHP,0.491395,0.56791,0.249537,0.197825,0.376386
Q96BY7,ATG2B,-0.260799,-0.0342164,0.020447,-0.249776,-0.179918
P09486,SPRC,-0.172761,0.104949,0.336943,0.304741,0.218614
Q3KNV8,PCGF3,-0.623785,-0.237797,-0.172195,-0.227013,-0.185306
Q15003,CND2,0.466278,0.39852,0.110497,0.176132,0.519727
Q71SY5-4,MED25,-0.458731,-0.349459,-0.478425,-0.566267,-0.473154
Q86XE5,HOGA1,-0.0971954,0.38101,-0.0680034,-0.295793,-0.216254
Q9HCE3,ZN532,-0.328365,-0.658931,-0.152825,-0.0289059,-0.0789623
Q92610,ZN592,-0.499899,-0.519539,-0.336091,-0.394459,-0.494787
Q96PE2,ARHGH,-0.0470436,-0.0360689,-0.154124,0.191228,-0.219651
O75362,ZN217,-0.292851,0.0871024,-0.434132,-0.277191,-0.240489
O75063,XYLK,-0.182423,-0.444758,-0.0358298,-0.156569,-0.401992
Q9GZL7,WDR12,-0.447025,-0.468999,-0.132976,-0.119153,-0.146575
P49917,DNLI4,-0.0835898,0.243263,-0.1996,-0.141765,0.427124
Q9GZT8,NIF3L,0.197938,0.388794,0.149904,-0.0299921,0.267979
P78406,RAE1L,-0.209781,-0.255661,-0.0844941,-0.0255265,-0.185948
Q9NUI1,DECR2,-0.215037,-0.305554,-0.0233872,0.0472999,-0.349835
Q16774-2,KGUA,0.117318,-0.165292,-0.199349,-0.315647,-0.270301
Q9Y2S7,PDIP2,-0.440485,-0.494229,-0.167795,-0.326135,-0.297749
Q86U42,PABP2,-0.59649,-0.717301,-0.289926,-0.209233,-0.388842
Q96G23,CERS2,-0.302941,-0.420798,0.105923,0.0171063,-0.206579
Q01804,OTUD4,0.132881,0.298748,0.043941,0.198696,0.157565
Q9UMS6,SYNP2,-0.52512,-0.659148,-0.199628,-0.108851,-0.117534
Q9H987,SYP2L,-0.00500607,-0.102871,-0.0455148,0.294389,-0.137993
Q6ZTI6,RFLA,0.0267158,-0.164763,-0.00427341,0.00830603,0.0187671
Q96HA1,P121A,-0.0916932,-0.250032,0.0937607,0.163347,-0.153443
A8CG34,P121C,-0.236894,0.0464375,-0.263019,0.0254052,-0.318436
Q9BRR6,ADPGK,-0.385296,-0.50528,-0.119255,-0.105515,-0.293475
P55327-3,TPD52,0.831758,0.914631,0.379554,0.397198,0.469923
Q9Y2Q9,RT28,-0.453763,-0.669203,-0.302717,-0.237284,-0.678501
Q9Y6M4,KC1G3,0.301495,0.269165,0.597905,0.41073,0.360348
Q9HCP0,KC1G1,-0.477683,-0.0747564,-0.458832,-0.226929,-0.654259
P78368,KC1G2,-0.454288,0.509068,0.642194,0.19862,-0.0390353
Q53EL6,PDCD4,0.0136108,-0.0589559,-0.215619,-0.183269,-0.372329
P35269,T2FA,-0.0292673,0.417192,-0.0525146,0.171641,0.340162
Q8IWF2,FXRD2,-0.191432,-0.289438,0.249618,-0.00303936,-0.344198
P61313,RL15,0.448123,0.593768,0.31478,0.296383,0.618556
Q9Y2H6,FND3A,-0.347447,-0.397178,-0.168229,-0.0704205,-0.368767
Q9Y676,RT18B,-0.360259,-0.643563,-0.156744,-0.11465,-0.253204
Q8IX21,SLF2,-0.569296,-0.574731,-0.596209,-0.264903,-0.975779
Q14781,CBX2,-0.427682,-0.417185,-0.0724211,-0.120791,-0.242711
Q9Y561,LRP12,-0.138378,0.171127,-0.220718,0.0561221,-0.00563645
Q14728,MFS10,-0.0488505,-0.337695,-0.0458534,-0.136694,-0.398488
Q9UHB7,AFF4,-0.349094,-0.0625427,-0.751049,-0.548721,-0.601192
P23193,TCEA1,0.265913,0.826711,-0.0107877,0.195712,0.572127
O75764,TCEA3,-0.217574,-0.213536,-0.106897,-0.124144,0.0525973
Q9UBP0,SPAST,0.402294,0.618819,0.166364,0.171897,0.233003
Q70E73,RAPH1,0.48009,0.386868,0.0972455,0.2264,0.488418
P51398,RT29,-0.516176,-0.558269,-0.203368,-0.294544,-0.535968
Q9NYY8,FAKD2,-0.263952,-0.207053,-0.100435,-0.118316,-0.126135
Q9BYC8,RM32,-0.326196,-0.402799,0.127771,-0.0652075,-0.178068
P39656,OST48,-0.308554,-0.390689,-0.0163653,-0.002285,-0.29204
Q9Y2X0,MED16,-0.479427,-0.247722,-0.295681,-0.578483,-0.315636
O43660,PLRG1,-0.36839,-0.436287,-0.240584,-0.208528,-0.266157
Q12893,TM115,-0.273601,-0.366151,-0.423132,-0.190557,-0.691516
P15260,INGR1,-0.312117,-0.0272732,-0.459979,0.307584,0.0800393
Q8IZD4,DCP1B,0.116042,0.357797,0.0643928,0.0976667,0.51455
P30086,PEBP1,0.74767,0.908623,0.345775,0.331429,0.722701
A0A590UJ96,A0A590UJ96,-0.295034,0.349511,1.57486,-0.0787721,-0.394764
Q9UGN5,PARP2,-0.730321,-0.314661,-0.0620871,0.284886,-0.222608
Q8WW59,SPRY4,-0.517835,-0.475894,-0.154079,-0.255259,-0.36509
Q9NTW7,ZF64B,-0.535983,-0.35164,0.0333831,-0.22239,-0.332766
Q9NTW7-5,ZF64B,-0.0167031,-0.373193,-0.578943,0.179838,-0.375216
Q13685,AAMP,0.764355,1.36029,0.730016,0.509123,1.01604
O95210,STBD1,-0.125634,-0.154576,0.0797977,0.0925457,-0.00646734
Q9Y657,SPIN1,-0.220006,-0.236085,-0.0510457,0.170133,0.0386741
Q9BPZ2,SPI2B,-0.0282476,0.0164692,-0.340883,-0.557854,-0.601197
Q13200,PSMD2,0.392895,0.39936,0.12967,0.0516412,0.459486
Q9BRP4,PAAF1,0.707265,0.628743,-0.123635,0.0329392,0.298965
Q15334,L2GL1,0.0462503,0.0178597,0.0365288,-0.0299215,0.103873
O75386,TULP3,0.0596197,0.0710351,-0.146327,-0.0536213,0.0573699
P11117,PPAL,-0.274207,-0.406416,-0.276856,-0.184124,-0.629834
Q92820,GGH,-0.414487,-0.657213,-0.257087,-0.402466,-0.418811
Q01459,DIAC,-0.402885,-0.638662,-0.413529,-0.598775,-0.994329
Q9Y6J9,TAF6L,-0.194551,0.0374978,-0.102582,-0.224572,-0.206529
P26599,PTBP1,-0.305943,-0.348909,-0.268574,-0.312718,-0.266726
O95758,PTBP3,-0.436712,-0.226426,0.0130503,0.147704,-0.255793
Q9UKA9,PTBP2,-0.271079,-0.203402,-0.377924,-0.400762,-0.411028
Q9UFC0,LRWD1,-0.121013,-0.755005,-0.455535,-0.229804,-0.240627
Q2YD98,UVSSA,-0.144893,1.02611,-0.0299056,0.189232,0.173564
Q96GW9,SYMM,-0.350443,-0.461558,-0.292702,-0.244542,-0.488099
Q99816,TS101,0.359817,0.286192,0.104514,0.147477,0.383019
O60906,NSMA,-0.245137,-0.0471787,-0.1518,-0.0557311,-0.402681
O00764,PDXK,0.823646,1.21845,0.34131,0.272182,0.572705
Q6NW34,NEPRO,-0.402395,-0.469967,-0.326211,-0.224034,-0.416258
Q8N130,NPT2C,-0.377155,-0.346919,0.118882,-0.0982769,-0.754068
P24539,AT5F1,-0.202456,-0.0424368,0.436811,0.471492,-0.0609977
Q96EU6,RRP36,-0.311826,-0.320244,-0.232475,-0.0701919,-0.486928
Q9H160,ING2,-0.305038,-0.311398,-0.173754,-0.0628786,-0.161183
Q99426,TBCB,0.578903,0.900008,0.352377,0.340597,0.74238
P51149,RAB7A,-0.197123,-0.193372,0.118039,0.0506284,-0.0563326
Q9HC10,OTOF,0.0535216,0.429993,0.650305,0.0270953,-0.151318
Q9NUL5,SHFL,0.481853,0.350743,0.253413,0.0362027,-0.0808804
Q9Y3A3,PHOCN,-0.068784,0.196863,0.193117,0.238019,0.127781
P61604,CH10,-0.357383,-0.400123,-0.0646436,0.00752258,-0.27866
Q9H7Z7,PGES2,-0.539282,-0.692069,-0.224053,-0.357201,-0.554119
Q9NQ48,LZTL1,0.880573,0.910526,0.1925,0.0733092,0.519183
Q8N884,CGAS,-0.148875,-0.25297,-0.0226016,-0.0495737,-0.116352
Q8N5A5,ZGPAT,0.159395,0.255212,-0.126327,-0.0612943,0.104764
Q68DA7,FMN1,0.39224,0.57021,0.250645,0.222558,0.179986
Q8WVM8,SCFD1,-0.48051,-0.619926,-0.238469,-0.279103,-0.498297
Q8IWC1,MA7D3,0.184255,0.616984,0.200727,0.343615,0.00919867
P56385,ATP5I,0.0588741,0.593837,0.460637,0.453911,0.574301
Q8N9T8,KRI1,-0.385721,-0.493016,-0.362833,-0.352665,-0.560483
Q8WXX5,DNJC9,0.240455,0.619752,0.41062,0.462597,0.684026
Q7Z7K6-3,CENPV,0.594553,-0.228893,0.780173,0.355363,0.544183
P0C7U0,ELFN1,0.793792,1.02097,0.569083,0.805008,0.887512
Q5H9L2,TCAL5,0.38405,0.745037,0.331711,0.405172,0.866857
Q9UKV3-5,ACINU,-0.401999,-0.62471,-0.397804,-0.376864,-0.65512
E7EQT4,E7EQT4,-0.458974,-0.612309,-0.262793,-0.312258,-0.471775
Q5T280,CI114,-0.59235,-0.779692,-0.410774,-0.262341,-0.51693
A6NI28,RHG42,-0.379061,-0.24195,-0.538363,-0.327558,-0.247138
Q9UNA1,RHG26,-0.140436,0.245374,-0.141986,0.0285656,-0.364049
Q9P031,TAP26,-0.420113,-0.419714,-0.445527,-0.0643525,-0.339134
Q8NCA5,FA98A,0.203126,0.16662,0.199197,0.0876217,0.209879
Q52LJ0,FA98B,-0.188744,0.0635924,-0.214434,-0.340153,-0.0438285
Q8TEX9,IPO4,0.813228,1.26068,0.784065,0.528764,1.33927
Q15650,TRIP4,0.0869393,0.278186,-0.00702763,0.0306847,0.240448
Q93008,USP9X,0.600327,0.766177,0.311765,0.141342,0.447591
Q7Z2K6,ERMP1,-0.279406,-0.592042,-0.381976,-0.232806,-0.998847
Q15459,SF3A1,-0.475393,-0.642525,-0.417734,-0.505444,-0.417904
O76094,SRP72,0.200653,0.416698,-0.053781,-0.0795689,0.320422
Q6P2H3,CEP85,-0.209053,-0.00969887,-0.0875244,-0.21923,0.412554
O43148,MCES,-0.586632,-0.460021,-0.358295,-0.4471,-0.27137
Q96KP1,EXOC2,0.284463,0.213298,-0.0479081,-0.141799,0.166927
Q9ULT8,HECD1,0.475942,0.501791,0.244276,0.105835,0.350513
Q02809,PLOD1,-0.362201,-0.548392,-0.247342,-0.313684,-0.518744
Q6ZSZ5,ARHGI,0.18013,0.15855,-0.144429,-0.0576465,-0.127416
Q9BSJ5,CQ080,-0.436665,-0.410637,-0.247982,-0.319659,-0.672963
Q15648,MED1,-0.303338,-0.321785,-0.330071,-0.363517,-0.353456
Q9P035,HACD3,-0.0065937,-0.447229,-0.00173783,0.0706584,-0.158961
Q96EY1,DNJA3,-0.547612,-0.639136,-0.386515,-0.355355,-0.447548
Q6XQN6,PNCB,0.804117,1.13535,0.612295,0.543804,0.629874
Q6NSJ2,PHLB3,0.913768,0.523564,-0.227938,0.0150993,0.0478139
O75164,KDM4A,0.0472083,0.543684,0.203731,0.364646,0.878736
Q99829,CPNE1,0.745427,1.08883,0.496655,0.509371,0.806285
P17050,NAGAB,-0.400758,-0.590842,-0.367474,-0.401985,-0.685053
P07996,TSP1,0.0616319,-0.272756,0.644784,0.524937,0.196766
P35442,TSP2,-0.282365,-0.195844,0.173775,0.246987,-0.340112
P40925,MDHC,0.50496,0.716486,0.21223,0.163577,0.404232
Q96T23,RSF1,-0.658294,-0.769196,-0.22347,-0.194471,-0.784854
Q9NPD8,UBE2T,0.255057,0.430966,0.60896,0.594191,0.662869
P05161,ISG15,0.443841,0.631991,0.27431,0.0284398,0.082926
P09001,RM03,-0.461517,-0.477648,-0.144035,-0.120507,-0.401708
P27707,DCK,0.821135,0.724754,0.261125,0.33828,0.473284
P49756,RBM25,-0.529286,-0.645715,-0.482004,-0.468799,-0.565198
Q969Q5,RAB24,-0.147937,-0.173459,0.19594,0.167414,-0.230005
P04792,HSPB1,0.809289,0.449051,0.0765221,0.113106,0.80788
O00567,NOP56,-0.443572,-0.451298,-0.122081,-0.134556,-0.310018
Q9BUM1,G6PC3,-0.498802,-0.23671,-0.5162,0.169747,-0.304548
Q96MW5,COG8,0.44819,0.294339,-0.07142,-0.168803,-0.076586
O75940,SPF30,-0.444733,-0.445791,-0.248137,-0.184806,-0.176141
O60216,RAD21,-0.0278051,-0.167727,0.0856667,-0.0698533,-0.0503664
O43159,RRP8,-0.455044,-0.554855,-0.23859,-0.205011,-0.409038
Q86US8,EST1A,0.342466,0.304096,0.399339,0.238094,0.281646
O43426,SYNJ1,0.346459,0.292014,0.109592,0.0999827,0.109298
Q99574,NEUS,-0.697841,-0.763321,-0.657986,-0.996769,-1.58933
P00488,F13A,0.582691,0.914464,0.784224,0.594771,1.04624
Q9BYM8,HOIL1,1.14204,0.650713,0.500363,0.436788,0.0502286
Q9UHQ4,BAP29,-0.446667,-0.474377,-0.336516,-0.175463,-0.616299
Q9UPT5,EXOC7,0.379894,0.31427,-0.15378,-0.151663,-0.0269105
Q9UBE0,SAE1,0.193453,0.667894,0.258288,0.260097,0.580172
Q5SQI0,ATAT,0.43222,0.660154,0.0424347,-0.0356925,0.60505
Q6ZMI0,PPR21,0.139484,-0.0851769,-0.0497129,-0.044199,0.0530438
Q8IVL0,NAV3,-0.0663002,-0.216954,-0.0634444,-0.0952873,-0.25586
O60281,ZN292,-0.181672,-0.157531,-0.0242503,-0.259266,-0.229337
Q8IVL1,NAV2,0.123321,-0.00187302,0.0516529,0.00288558,0.294148
P0CAP2,GRL1A,0.734413,0.170034,0.0862508,0.265095,0.349167
Q9HCS7,SYF1,-0.332624,-0.394989,-0.147289,-0.297658,-0.306177
P25786,PSA1,0.172148,0.200433,-0.0357172,-0.167879,0.201329
O00754,MA2B1,-0.362424,-0.462131,-0.356916,-0.393766,-0.552094
P84095,RHOG,-0.307093,-0.377204,-0.22947,-0.104412,-0.300366
Q5T1M5,FKB15,0.310502,0.60803,0.0672562,0.1684,0.385494
Q53GG5-2,PDLI3,0.532064,0.561945,0.32859,0.272365,0.29702
O75112,LDB3,0.236817,0.235476,-0.509149,-0.830333,-0.36682
Q96SZ6-3,CK5P1,-0.324044,-0.241304,-0.0499117,-0.0427239,-0.284006
Q9C0B5,ZDHC5,-0.0704784,-0.472308,0.0463762,0.0400476,-0.280891
P61964,WDR5,-0.505497,-0.476503,-0.181915,-0.335193,-0.215304
P61978-3,HNRPK,-0.333841,-0.341171,-0.17646,-0.190879,-0.234771
A0A994J782,A0A994J782,0.127585,0.30477,0.163119,0.361168,0.719672
Q9BX68,HINT2,-0.833397,-0.211642,-0.710047,-0.0110035,-1.16457
Q13951,PEBB,-0.173501,-0.222623,-0.112175,-0.0417287,-0.199898
Q13951-2,PEBB,-0.502308,-0.695871,-0.859687,-0.607781,-0.988147
O15126,SCAM1,-0.120777,0.0196846,0.0475862,0.241862,-0.0121422
P62072,TIM10,0.46809,0.163167,0.859027,0.221451,0.560537
Q9NVU0,RPC5,-0.120398,-0.175443,-0.0698481,-0.368129,-0.101781
P62081,RS7,0.455673,0.70636,0.159498,0.229335,0.418839
Q8WTW3,COG1,0.454457,0.705594,0.0330031,-0.0976243,0.170224
Q8TCG1,CIP2A,0.630207,0.616359,0.333843,0.464335,0.644502
O15085,ARHGB,1.11666,0.997138,0.146819,0.352365,0.468198
Q8TEY7,UBP33,-0.0555394,0.286026,-0.0868447,-0.0856154,-0.0170631
Q9BYI3,HYCCI,-0.124147,-0.315772,-0.123892,-0.106117,-0.388134
O60256,KPRB,0.893231,1.03485,0.268472,0.239632,0.593871
Q14558,KPRA,0.213881,1.06974,0.52572,0.439272,0.533387
Q6XUX3,DUSTY,-0.223877,-0.216642,-0.15948,-0.173083,-0.00980473
Q14678,KANK1,-0.697975,-1.16684,0.611349,0.441273,0.203094
Q9UID3,VPS51,0.465053,0.62908,0.376643,0.19506,0.601053
Q9Y265,RUVB1,-0.00524998,0.153884,-0.0373509,-0.070451,0.246636
Q9NQZ5,STAR7,0.124126,0.366409,0.298436,0.0593047,0.479535
Q969E2,SCAM4,0.167728,0.0258045,0.199677,0.312546,0.275399
Q8IYR2,SMYD4,0.998507,1.1373,0.615946,0.465166,1.01709
Q96SN8,CK5P2,0.900717,1.17601,0.727113,0.815988,0.885182
Q9HCE0,EPG5,0.43198,0.66385,0.499237,0.362191,0.501334
Q8IX04,UEVLD,0.67472,0.736055,0.447837,0.358928,0.695295
Q8IWZ8,SUGP1,-0.365921,-0.223358,-0.158282,-0.196877,-0.0307887
Q9UL63,MKLN1,-0.168921,0.206718,-0.0721354,-0.308105,0.183252
Q8TF05,PP4R1,0.89049,1.06004,0.32019,0.398407,0.746105
Q96PQ0,SORC2,-0.479206,-0.350735,0.0938544,-0.124891,-0.0344841
Q8IYB3,SRRM1,-0.383449,-0.48394,-0.319092,-0.282604,-0.231919
P55036,PSMD4,-0.015281,-0.00990844,-0.245466,-0.394856,0.00520086
Q5VWC4,Q5VWC4,0.258742,-0.138422,-0.107434,-0.387748,-0.325915
Q99755-3,PI51A,-0.342686,-0.58619,-0.291588,-0.0675452,0.0934145
O60331,PI51C,0.267352,0.525379,0.126528,-0.0451593,0.419585
Q9NQY0,BIN3,0.706951,0.620743,0.195419,0.273347,0.203306
Q14974,IMB1,0.267918,0.291656,0.0372281,0.0914266,0.291398
Q9NZJ7,MTCH1,0.115978,-0.150347,0.523628,0.639711,0.176975
Q96FX7,TRM61,-0.315835,-0.0868692,-0.350298,-0.131378,0.178938
Q8WV74,NUDT8,-0.680593,-0.500061,-0.0355644,0.18592,-0.438344
O15144,ARPC2,0.537861,0.764791,0.454439,0.261044,0.770731
Q96GC5,RM48,-0.582739,-0.808216,-0.334072,-0.382633,-0.786564
Q8WYQ5,DGCR8,-0.267648,-0.237013,-0.166788,-0.145413,-0.0436373
Q9BSV6,SEN34,0.188927,0.575959,0.236666,0.133257,0.645851
Q9H8Y5,ANKZ1,0.446313,0.482105,0.0992901,0.00905299,0.351306
Q8TF76,HASP,-0.0930064,-0.0734107,0.145464,0.257253,0.0698147
Q07617,SPAG1,0.0884469,0.148727,0.0300019,0.0135276,0.0660503
Q9NV31,IMP3,-0.501694,-0.560496,-0.265819,-0.249085,-0.398102
Q9BRJ6,CHOLN,-0.378386,-0.83119,-0.417598,-0.147293,-0.165423
Q16658,FSCN1,0.459404,0.653322,0.337566,0.121821,0.603806
P10515,ODP2,-0.512929,-0.622422,-0.302415,-0.249261,-0.574812
Q8N1G0,ZN687,-0.416493,-0.468429,-0.313894,-0.223797,-0.651863
Q8IWU2,LMTK2,-0.0945332,0.171751,0.315369,0.436947,-0.231439
Q96CN7,ISOC1,0.322322,0.621722,0.0117087,0.123544,0.179657
Q9NXV6,CARF,-0.453664,-0.444616,-0.422494,-0.444055,-0.399583
Q8IVF4,DYH10,-0.673205,-0.468585,-0.270888,-0.369856,-0.307446
Q9NQX7,ITM2C,-0.0877008,0.0281334,-0.240323,0.0418861,-0.162804
Q8N1G1,REXO1,-0.345597,-0.46761,-0.401026,-0.083746,-0.227243
Q9BZ23,PANK2,0.386753,0.723977,0.0172036,0.0872781,0.30558
Q8TE04,PANK1,0.69201,1.25865,0.488715,0.352867,1.04307
Q5VWZ2,LYPL1,0.169278,0.134288,0.169104,0.136017,0.187792
P21283,VATC1,0.319651,0.623466,0.0334978,0.00155807,0.266686
P35555,FBN1,-0.527142,-0.499358,-0.352335,-1.11028,-0.724061
P35556,FBN2,-0.495358,0.05199,0.311639,0.143536,0.328556
Q86U44,MTA70,-0.00723648,0.199194,-0.090657,-0.13716,0.173019
Q8NCQ2,CNAS1,0.307852,0.854983,0.463338,0.680519,1.37775
Q13496,MTM1,0.226226,0.222036,0.130123,-0.0465059,0.368288
Q9BQF6,SENP7,0.116138,-0.377213,0.583544,0.176199,-0.209658
Q8TB61,S35B2,-0.321478,-0.418321,-0.524942,-0.342159,-1.08544
Q6DKK2,TTC19,-0.485596,-0.580207,-0.0922918,-0.120842,-0.417785
Q9NYH9,UTP6,-0.159256,-0.300818,-0.0905602,0.0240173,-0.0758047
Q96D71,REPS1,-0.158667,-0.413476,-0.0665257,0.0393915,0.0192766
Q8NFH8,REPS2,0.522951,0.044776,-0.225989,0.258396,-0.188126
Q9C0E8,LNP,-0.359327,-0.475139,-0.163715,-0.1096,-0.539733
O75054,IGSF3,-0.642835,-0.126848,0.000661135,0.161776,0.139804
Q14165,MLEC,-0.376491,-0.576639,-0.0821736,-0.00564361,-0.419136
Q7L5N1,CSN6,0.279639,0.445102,0.260301,0.0246189,0.430023
Q8IY33,MILK2,0.223456,0.222707,-0.0719507,0.355952,0.136335
Q9BZZ5-2,API5,-0.0696003,0.202472,-0.0600741,-0.0663698,0.253348
Q8IUH4,ZDH13,-0.274377,-0.0269153,-0.241969,-0.103468,-0.489163
Q14814,MEF2D,-0.032187,0.0997648,-0.221741,0.056381,0.0504453
Q9HC78,ZBT20,-0.561373,-0.070437,-0.0470884,0.281035,-0.289373
Q96K62,ZBT45,0.259866,0.584841,0.33054,0.324632,0.020294
Q9NSD9,SYFB,0.670285,0.868477,0.141293,0.0681129,0.366269
Q96CW1,AP2M1,-0.187693,-0.1568,-0.00813222,-0.157295,-0.189738
Q9P0V3,SH3B4,-0.0677826,0.0641844,0.180171,0.0393538,0.285085
Q96B23,ARK2N,-0.241884,-0.0916481,-0.186107,-0.0750511,0.733033
P48960,AGRE5,-0.0328493,-0.297933,-0.145643,0.470729,-0.238068
Q12983,BNIP3,0.622423,0.339071,0.758436,1.01475,0.691674
P22670,RFX1,-0.383613,-0.401956,-0.157817,-0.269182,-0.150981
Q12824,SNF5,-0.39827,-0.354084,-0.159134,-0.416835,-0.354655
Q8WWY3,PRP31,-0.481148,-0.525939,-0.314306,-0.365587,-0.41907
Q96CS2,HAUS1,0.681634,0.916352,0.589128,0.903443,0.99738
Q9Y450,HBS1L,0.704689,0.82627,0.418852,0.435147,0.810312
Q9Y450-2,HBS1L,-0.0269573,0.566524,-0.0797532,0.253405,0.440111
Q9H019,MFR1L,-0.227079,-0.156972,-0.35359,0.136037,-0.870115
Q5TGY3,AHDC1,-0.0336132,0.0128684,0.164562,0.0948265,-0.0919347
Q9UQC2,GAB2,0.456963,0.252786,0.0742254,0.552718,0.316421
P54727,RD23B,0.353598,0.502821,0.122934,0.141849,0.472623
P54725,RD23A,0.828058,0.961557,0.412271,0.320534,0.988981
Q9NTJ5,SAC1,-0.319131,-0.288279,-0.00581574,-0.0790534,-0.225217
Q4KMQ1,TPRN,-0.371237,-0.277621,-0.443846,-0.225394,-0.0771964
Q9BVC6,TM109,-0.422379,-0.467088,-0.110593,-0.0105345,-0.482025
Q8TF46,DI3L1,0.603921,0.759881,0.327103,0.421735,0.459382
Q5HYK7,SH319,0.691056,0.563577,0.361238,0.341256,0.66994
Q9UQ13,SHOC2,0.829328,1.14318,0.531071,0.429999,0.86979
Q9Y2I7,FYV1,0.31916,0.322131,-0.202083,-0.34793,0.21886
Q01196-8,RUNX1,-0.291929,-0.280098,-0.0857797,-0.204589,-0.548954
Q13950,RUNX2,-0.242043,-0.537648,-0.0640926,0.302765,-0.105952
I3L0L0,I3L0L0,-0.211309,-0.506068,0.445166,1.03106,0.0331342
P51159,RB27A,-0.163735,-0.30424,0.191293,0.210716,-0.102198
J3KNZ9,J3KNZ9,-1.70215,-0.81787,-1.22162,-0.859809,-0.080429
Q8IYW5,RN168,-0.316535,0.123765,-0.321698,0.0509892,-0.0568521
P04183,KITH,0.648502,0.830836,0.310733,0.791453,0.856194
Q9P2E3,ZNFX1,0.363257,0.56863,0.189484,0.06078,0.44707
Q76M96,CCD80,-0.0877783,-0.700862,0.517605,0.544528,0.477207
Q15434,RBMS2,0.20684,0.107263,0.124133,0.0793173,0.0310934
Q6XE24,RBMS3,0.186927,0.196192,0.107511,0.120445,0.0593488
O75884,RBBP9,0.54088,1.18917,0.411618,0.551877,0.686707
P11182,ODB2,-0.454916,-0.534884,-0.249913,-0.205789,-0.643182
Q8IZ73,RUSD2,0.197469,0.451724,-0.0157294,0.0775323,0.413486
Q8TBF4,ZCRB1,-0.531811,-0.628876,-0.682129,-0.360283,-0.961574
Q5VT52,RPRD2,-0.352789,-0.601224,-0.401217,-0.467835,-0.411248
Q04656,ATP7A,-0.0186169,0.026577,0.00853276,0.00975251,-0.102064
Q92785,REQU,-0.603448,-0.586882,-0.403409,-0.471154,-0.536169
Q6NXT6,TAPT1,-0.209132,-0.321545,-0.149075,-0.162195,-0.366396
Q9H5Q4,TFB2M,-0.378025,-0.394573,-0.258956,-0.119045,-0.177124
Q9BST9-2,RTKN,0.482705,0.414562,0.272978,0.239708,0.553752
Q6PCB5,RSBNL,-0.405413,-0.525818,-0.389376,-0.440061,-0.366652
Q5VWQ0,RSBN1,-0.477263,-0.658747,-0.407879,-0.809397,-0.677193
O00291,HIP1,0.00435495,-0.0827298,0.13975,0.0252647,0.0136814
Q7Z2W4,ZCCHV,-0.0604825,-0.140757,-0.183244,-0.0934527,-0.0919361
Q93034,CUL5,0.163815,0.453361,0.00238967,-0.0318353,0.181189
Q8WUI4,HDAC7,0.701298,0.942044,0.472001,0.50035,0.724098
Q9BVG9,PTSS2,-0.156523,-0.480393,0.0244329,0.169017,-0.349515
Q9BY89,K1671,-0.34799,-0.510404,-0.151231,-0.0633686,0.00667024
Q12849,GRSF1,-0.374419,-0.445758,-0.229464,-0.145027,-0.320487
O94885,SASH1,0.456892,0.394269,-0.0275381,0.0216615,-0.0884447
P24534,EF1B,0.573651,0.659957,0.185974,0.223061,0.701939
P29692-2,EF1D,0.677595,0.809664,0.197221,0.26641,0.681264
Q96B97,SH3K1,0.726517,0.845688,0.103406,0.0695078,0.447972
Q9BRQ6,MIC25,0.115944,0.0310745,0.50541,0.591241,0.137737
Q9Y2I1,NISCH,0.908328,1.0594,0.245878,0.179212,0.491969
O60687,SRPX2,-0.160072,0.268619,0.512057,0.298279,-0.243742
Q92551,IP6K1,-0.112212,0.0639055,0.122712,-0.151164,0.193128
P52292,IMA1,0.037365,0.260216,0.0936804,0.218052,0.525908
Q9BV73,CP250,0.676237,0.878954,0.233475,0.313759,0.509556
Q4G0J3,LARP7,-0.471309,-0.543397,-0.426494,-0.481197,-0.417009
Q9Y3Y2,CHTOP,0.478262,0.256758,0.258114,0.242334,0.324012
Q9BRT3,MIEN1,0.506612,1.11347,0.60503,0.536612,0.489164
O00267-2,SPT5H,-0.273458,-0.125126,-0.422932,-0.448728,-0.31602
O00267,SPT5H,-0.142576,0.011502,-0.222414,-0.276436,-0.00653148
P53621,COPA,0.722688,0.915296,0.298346,0.189306,0.548896
Q8NBM4,UBAC2,-0.326725,-0.439902,-0.195345,0.0288785,-0.5432
Q9Y6A4,CFA20,-0.0644298,-0.0839441,-0.214715,-0.125064,-0.10345
Q5FBB7,SGO1,-0.369653,-0.347456,-0.533726,0.192265,0.234128
Q8N6Y2,LRC17,-0.157393,-0.243011,0.335043,0.575554,0.287276
Q9BT09,CNPY3,-0.370974,-0.640148,-0.363335,-0.383839,-0.395655
Q9NSI2,SLX9,0.0183887,0.159126,0.00205588,0.110579,0.214242
P34913,HYES,-0.0326965,-0.140726,0.0734556,0.1669,-0.213646
Q96PE3,INP4A,0.383834,1.35797,0.171909,0.054167,-0.0405393
Q9H9J4,UBP42,-0.326709,-0.507103,-0.052006,-0.164174,-0.379269
Q96KB5,TOPK,0.736592,1.0213,0.46391,0.627261,1.05165
A1A4S6,RHG10,0.236944,0.386591,0.189694,0.0816295,0.33
Q9Y2V2,CHSP1,0.863937,0.876654,0.481302,0.451632,0.69654
Q9H425,CA198,-0.147428,0.189176,0.486603,-0.33089,-0.126351
P56199,ITA1,0.198688,0.176674,0.39329,0.372493,-0.246701
P43246,MSH2,-0.00511384,0.274559,0.095927,0.0627272,0.414435
Q99961,SH3G1,0.737808,1.01928,0.360952,0.436434,0.499158
O60934,NBN,-0.406563,-0.403235,-0.285362,-0.366376,-0.287412
Q9BTT0,AN32E,0.12038,0.415037,0.157557,0.130103,0.519828
O95361,TRI16,0.757126,0.945362,0.381251,0.352319,0.775479
Q15413,RYR3,0.500238,0.845253,0.332769,0.436288,0.738239
P28331,NDUS1,-0.345499,-0.367892,-0.00988245,0.0969052,-0.688615
Q5T5P2,SKT,0.0090766,0.0769231,-0.00964427,-0.101186,-0.163887
Q13492,PICAL,0.0314434,-0.0645633,-0.12967,-0.238768,-0.251894
O60641,AP180,0.244248,0.087528,0.110238,-0.159499,0.184565
H0YEH1,H0YEH1,0.115229,0.00992584,0.11303,-0.00208855,0.242969
Q01581,HMCS1,0.581782,0.93846,0.198385,0.492082,0.722341
Q15070,OXA1L,-0.00390244,-0.157466,0.0410562,0.413276,-0.318166
Q13510,ASAH1,-0.467988,-0.542146,-0.312982,-0.428183,-0.612038
P54198,HIRA,-0.299498,-0.285249,-0.118615,-0.135224,-0.376768
Q8N490-2,PNKD,-0.390754,-0.295752,-0.0202656,-0.264007,-0.418344
O43665,RGS10,0.24667,0.445737,0.217578,0.176209,0.243312
P41743,KPCI,0.325976,0.49222,0.214518,0.117654,0.678793
Q9UNZ5,L10K,-0.473058,-0.333293,-0.441576,-0.0933657,-0.0337646
Q9H0C8,ILKAP,0.124139,0.736129,0.262661,0.297623,0.606617
O14681,EI24,0.104105,0.115064,0.0291114,-0.243888,-0.130588
P00749,UROK,-0.372874,-0.313141,-0.0139611,-0.332543,-0.318958
P27144,KAD4,-0.374629,-0.207029,0.164533,-0.0282156,-0.15245
Q16584,M3K11,0.371462,0.41052,0.334138,0.30465,0.193692
Q8N7R7,CCYL1,0.150518,0.260246,0.0485561,0.142126,-0.0377996
Q7L8L6,FAKD5,-0.507951,-0.467727,-0.204291,-0.407952,-0.530489
P02686,MBP,-0.594234,-0.452267,-0.13556,-0.518567,-1.05318
Q15047,SETB1,0.00744152,0.140553,-0.0532026,-0.196367,0.150259
P51965,UB2E1,0.367631,0.661524,0.469839,0.3574,0.813656
Q969T4,UB2E3,0.436779,0.972831,0.494733,0.452065,0.756284
Q9Y2L1,RRP44,0.057605,0.615891,0.0463245,0.0394497,0.508958
P28290,ITPI2,-0.269195,-0.411882,-0.174562,-0.0878584,-0.459365
Q5SW79,CE170,0.431857,0.484137,0.0318506,0.125002,0.322157
Q5VZE5,NAA35,0.852655,0.982225,0.232632,0.406363,0.721067
Q9HCI5,MAGE1,0.650665,0.647772,0.408211,-0.0822406,-0.131685
Q96IV0,NGLY1,0.391853,0.356878,-0.0512128,0.246627,0.059324
P10253,LYAG,-0.337351,-0.366807,-0.176917,-0.323676,-0.451217
Q06033,ITIH3,-0.427915,-0.534561,-0.129803,0.304967,0.181296
Q9BRQ8,FSP1,-0.0568061,-0.0542943,-0.0817442,-0.0840044,0.129538
Q96BI1,S22AI,-0.268879,-0.242818,-0.150746,-0.17019,-0.437081
Q07864,DPOE1,-0.0835204,0.316941,0.0507383,0.0732653,0.245921
P08243,ASNS,0.5497,0.809791,0.297231,0.201574,1.02643
Q9H2G2,SLK,0.58438,0.719195,0.164121,0.208029,0.394196
O94804,STK10,0.256744,0.58484,0.111516,0.343754,0.334919
Q6UX71,PXDC2,0.342481,-0.0302267,-0.213264,0.371717,-0.417711
Q6ZV73,FGD6,0.608111,0.103032,0.256842,-0.0866072,0.272589
O76003,GLRX3,0.595345,0.654061,0.236196,0.240235,0.584713
Q96E29,MTEF3,-0.296023,-0.170294,-0.261218,-0.403886,-0.573206
Q8TEA8,DTD1,0.543488,0.832498,0.456243,0.321798,0.707455
Q9NVG8,TBC13,0.694251,1.013,0.401376,0.271523,0.603933
P30281,CCND3,-0.0238349,0.643929,0.537884,0.416434,0.144213
P24385,CCND1,0.33019,0.960172,0.220749,-0.199765,0.277757
P30279,CCND2,0.148995,1.14922,0.304898,0.671823,0.817857
Q9NQ88,TIGAR,0.301088,0.459084,0.278397,0.313857,0.497631
Q8IWB9,TEX2,-0.356243,-0.420289,-0.17862,-0.0270531,-0.245587
Q5VZ89,DEN4C,0.417585,0.527684,0.107911,0.0160089,0.201523
O60826,CCD22,0.418726,0.676354,0.179317,0.0607789,0.347725
Q8N3P4,VPS8,0.270403,0.462607,-0.179914,-0.125379,0.0607939
Q7Z401,MYCPP,0.0248237,0.225097,-0.0603685,-0.0361764,0.0657489
Q13075,BIRC1,0.272546,0.537497,-0.114746,0.322708,0.24949
P27694,RFA1,0.104142,0.576286,0.213603,0.173025,0.608433
P29597,TYK2,0.0811219,0.314255,0.14378,0.0919099,0.148725
Q9Y2P8,RCL1,-0.548898,-0.708231,-0.263001,-0.326295,-0.360989
Q86VZ4,LRP11,0.00525188,0.317888,-0.117866,-0.461431,-0.450875
Q9H9Q2,CSN7B,0.333185,0.473174,-0.0425858,0.0310445,0.0869489
P38432,COIL,-0.498978,-0.586922,-0.431428,-0.335798,-0.604887
P25789,PSA4,0.201563,0.214172,0.113445,-0.0645714,0.443329
Q13127,REST,-0.747488,-2.08768,-0.929298,-0.648699,-1.62067
O95900,TRUB2,-0.333801,-0.33604,-0.0972242,-0.330658,-0.26125
Q01085-2,TIAR,-0.0872498,-0.13905,-0.167818,-0.212037,-0.233455
P31483,TIA1,-0.135638,-0.1656,-0.17819,-0.234634,-0.164723
Q9UK59,DBR1,0.0657825,0.436972,0.0659823,-0.0706081,0.429878
P48735,IDHP,-0.485576,-0.637165,-0.378624,-0.395961,-0.527086
O75874,IDHC,0.594211,0.855502,0.188712,0.177317,0.451411
Q86Y79,PTH,-0.333225,-0.246411,-0.0431621,-0.0820398,-0.258527
Q9NVF7,FBX28,-0.541167,-0.452646,-0.343167,-0.125349,-0.170286
P09228,CYTT,-0.252164,0.602451,0.951252,0.644314,-0.177598
Q9Y376,CAB39,0.731174,1.02403,0.38716,0.41877,0.745081
Q99436,PSB7,0.132029,0.181802,-0.169507,-0.248883,0.305973
O15226,NKRF,-0.355041,-0.252902,-0.149113,-0.205536,-0.25074
Q9UIA9,XPO7,0.0927544,0.493523,0.145031,0.0544426,0.51543
Q8IYB8,SUV3,-0.390802,-0.388744,-0.174205,-0.217188,-0.40794
P55039,DRG2,0.794927,0.952671,0.484062,0.300552,0.89234
Q9Y295,DRG1,0.840806,1.00631,0.361038,0.309788,0.915447
P61244,MAX,0.473254,-0.0149193,0.811589,-0.118301,0.151395
P57081,WDR4,0.291135,0.487765,0.0818679,0.093591,0.628604
Q4J6C6,PPCEL,0.194622,0.24733,0.210242,0.102605,0.187245
Q9UIQ6,LCAP,0.0191793,0.0115347,-0.0755699,0.0531628,-0.219102
Q9H6R3,ACSS3,-0.516299,-0.606093,-0.336493,-0.483845,-0.839628
Q02318,CP27A,-0.445622,-0.613399,-0.480431,-0.352354,-1.17784
Q9BZQ6,EDEM3,-0.279118,-0.313992,-0.104928,-0.27223,-0.432698
Q9NTZ6,RBM12,0.0575211,0.767236,0.408792,0.181466,0.924699
O15541,R113A,0.541976,1.19553,0.324537,0.452867,0.694119
Q9P016,THYN1,-0.197003,0.151102,-0.202199,0.0144041,0.151552
P14735,IDE,0.492916,0.561824,0.189605,0.0950432,0.26332
Q96PD2,DCBD2,-0.265007,-0.206564,0.289822,0.121615,0.0210311
Q96KG9,SCYL1,0.471038,0.542311,0.234655,0.178225,0.386251
Q9NQC7,CYLD,0.447064,0.475685,0.200136,0.367139,0.544529
P23921,RIR1,0.888516,1.02748,0.520161,0.705722,0.990293
P15848,ARSB,-0.319298,-0.397852,0.0138814,-0.190861,-0.276359
O00203,AP3B1,0.680558,0.797433,0.314133,0.23299,0.480219
Q13367,AP3B2,0.734658,0.722583,0.164702,0.248135,0.273815
Q9BXW7,HDHD5,-0.27288,-0.285821,-0.0550919,-0.197705,-0.234282
O14786,NRP1,0.0747147,-0.12723,0.271475,0.281699,0.0115876
Q9Y5B0,CTDP1,0.0140474,0.453323,0.20504,0.166369,0.585085
Q96A73,P33MX,0.107359,-0.0525656,-0.0181229,0.179141,-0.048624
Q6P1K8,T2H2L,-0.366966,-0.404379,-0.252908,-0.346787,-0.373629
Q99933,BAG1,0.0669,0.113744,-0.0657742,0.0458028,0.251754
Q13637,RAB32,-0.0947001,-0.0962875,0.198137,0.264029,0.389649
Q5JUR7,TEX30,0.72108,1.0866,0.475802,0.56339,0.719653
O14966,RAB7L,-0.236555,-0.421341,-0.0170994,-0.0649521,-0.209718
Q9BZG1,RAB34,-0.291167,-0.0915592,0.229012,0.114166,0.315326
Q96AG4,LRC59,-0.472435,-0.666339,-0.314896,-0.133707,-0.45577
Q8NBN7,RDH13,-0.441243,-0.57358,-0.167176,-0.142743,-0.577202
Q9UI14,PRAF1,-0.220172,-0.303294,-0.111352,-0.0359352,-0.475206
Q9UQN3,CHM2B,0.179249,0.471663,0.199384,0.416609,0.36334
Q9NWV4,CZIB,0.757228,1.21712,0.348717,0.247406,0.829078
Q9H6E4,CC134,-0.527195,-0.662855,-0.491515,-0.492858,-0.650991
Q8IWB1,IPRI,-0.247224,-0.217959,-0.0342312,-0.0181334,-0.255215
Q9HC35,EMAL4,0.562191,0.666499,0.186556,0.180118,0.450375
C4AMC7,WASH3,0.510492,0.672082,0.121929,0.0470765,0.344991
O60524,NEMF,0.777635,0.611082,0.221353,0.150939,0.451753
Q9H845,ACAD9,-0.425325,-0.499926,-0.101979,-0.184135,-0.365451
P46779,RL28,0.5164,0.571501,0.311879,0.385581,0.478892
Q96QD9,UIF,0.411097,0.582124,0.459929,0.23888,0.245413
Q9H553,ALG2,-0.404738,-0.436275,-0.158158,-0.16133,-0.274574
Q8N264,RHG24,-0.32438,-0.478898,0.117329,0.156375,-0.771204
Q09161,NCBP1,-0.299841,-0.209029,-0.165833,-0.175524,-0.141067
P40306,PSB10,0.048352,-0.143553,-0.560387,-0.206756,-0.0983324
O75534,CSDE1,0.651712,0.849211,0.277479,0.23516,0.582276
O15091,MRPP3,-0.286601,-0.0759568,-0.0599868,-0.223047,-0.50453
Q9UJY5,GGA1,0.351462,0.439085,-0.184831,-0.349799,0.111222
Q9Y276,BCS1,-0.372689,-0.260037,0.234501,0.345048,-0.0788474
Q14677,EPN4,0.0962253,0.193492,-0.00368285,-0.0750668,0.0228903
Q14677-3,EPN4,0.20543,0.218574,0.196641,0.44073,0.0634389
Q99460,PSMD1,0.151552,0.149625,-0.0753472,-0.242761,0.127871
P61626,LYSC,-0.382954,0.0226207,0.957586,1.09957,0.490991
Q9BX63,FANCJ,-0.0846877,-0.0358362,0.0414934,0.0996211,0.35356
P14324,FPPS,0.734269,0.91749,0.319676,0.260153,0.659395
Q9UKL3,C8AP2,-0.00225925,-0.0952632,0.0426698,-0.246289,-0.282562
A0MZ66,SHOT1,-0.0461752,0.348245,-0.203535,-0.256017,0.0175993
Q99567,NUP88,0.0309675,0.156428,0.258413,0.0562229,0.276048
P50552,VASP,0.574221,0.690882,0.0752089,0.129371,0.452588
Q52LW3,RHG29,0.627977,0.308844,0.00834656,0.0463855,0.348111
Q6PI98,IN80C,-0.528433,-0.999442,-0.333968,-0.375696,-0.416327
O14950,ML12B,0.602842,0.534728,0.0125968,0.0268865,0.2541
P24844,MYL9,0.878643,1.05893,0.494222,0.481919,0.895417
Q9NW64,RBM22,-0.252688,-0.37717,-0.26885,-0.113729,-0.327796
Q8N5C8,TAB3,0.679917,0.182848,-0.557528,0.114611,-0.0812328
Q5VTB9,RN220,0.10868,0.674952,0.268641,0.0483465,0.431164
Q96S44,PRPK,0.552913,0.890349,0.335933,0.324206,0.704392
O75381,PEX14,-0.45812,-0.556116,-0.178425,-0.130456,-0.479922
Q9BRS2,RIOK1,0.612234,0.189528,0.35948,0.187523,0.460994
O94985,CSTN1,-0.0515506,-0.224632,0.0524182,0.148707,-0.00474286
Q9H1E3,NUCKS,0.423528,0.890611,0.455883,0.446197,0.805559
Q14D04,MELT,-0.117728,-0.411878,-0.232356,-0.136487,0.0880466
P33947,ERD22,-0.297007,-0.42204,-0.26985,-0.178473,-0.62508
Q86VX2,COMD7,0.652554,0.72427,0.390834,0.277536,0.569013
P45954,ACDSB,-0.415611,-0.375765,-0.0959749,-0.222151,-0.504105
Q15652,JHD2C,-0.367147,-0.315086,-0.361921,-0.280865,-0.267952
Q2KJY2-2,KI26B,-0.442787,-0.449257,-0.215157,-0.0377684,-0.369118
Q96CU9,FXRD1,-0.382237,-0.556589,-0.0738742,-0.174348,-0.570655
P12694,ODBA,-0.238411,-0.491409,-0.125103,-0.159897,-0.576396
Q14137,BOP1,-0.559537,-0.574746,-0.194679,-0.134736,-0.275937
O43598,DNPH1,0.249583,0.253431,0.194741,0.148178,0.145074
O00192,ARVC,0.293062,0.588146,0.330218,0.215003,0.249459
P11230,ACHB,-0.470271,0.612683,-0.0331419,-0.0168748,-0.28929
Q8TEL6,TP4AP,-0.0604224,0.476816,-0.0135205,-0.183477,0.405075
Q9UP65,PA24C,-0.336811,0.258849,0.289868,0.133976,0.0450616
P51946,CCNH,-0.511392,-0.50211,-0.30269,-0.516083,-0.350654
Q16637,SMN,-0.147764,-0.0857902,-0.167485,-0.124578,0.0244143
Q641Q2,WAC2A,0.307516,0.583113,0.0371511,-0.0150559,0.325524
P57678,GEMI4,0.185644,0.252336,0.179028,0.060271,0.406857
Q06481,APLP2,-0.0740011,0.244397,-0.109753,0.172225,0.221405
P05067,A4,-0.402371,-0.244945,-0.189449,0.0903592,0.0813527
Q9Y2J4,AMOL2,-0.0551491,0.0623267,-0.413745,-0.273379,-0.193652
Q99442,SEC62,-0.286655,-0.318681,-0.0137637,-0.0267096,-0.242737
P62906,RL10A,0.174552,0.187668,0.0933878,0.216083,0.222737
P49754,VPS41,-0.0682716,0.215878,-0.24737,-0.266659,-0.312349
Q969H6,POP5,-0.12487,0.197909,0.193763,-0.219046,0.411022
Q14108,SCRB2,-0.0521541,-0.223576,0.464302,0.405508,-0.109214
A0A1W2PS70,A0A1W2PS70,-0.386102,0.296944,0.598272,-0.401339,0.549122
Q9BW83,IFT27,0.751604,1.00349,0.464252,0.49342,0.687291
P50281,MMP14,-0.0371344,-0.0316041,0.208084,0.317632,0.280644
P51511,MMP15,-0.095129,0.116519,0.422309,0.342651,0.638118
Q9NP58,ABCB6,0.22082,0.0409546,0.75449,0.63197,0.288556
Q96JN0-3,LCOR,-0.235206,-0.306918,-0.232362,-0.317729,-0.297741
A0A6Q8PGR8,A0A6Q8PGR8,-0.182956,-0.132009,-0.107818,0.285623,-0.0794964
Q15046,SYK,0.433643,0.405461,0.0903878,0.039151,0.31863
Q9BWT3,PAPOG,-0.0728555,-0.342899,-0.277313,-0.217159,-0.25709
P51003,PAPOA,0.0721021,0.698857,0.166982,0.159526,0.773218
Q96E52,OMA1,-0.504005,-0.298438,0.347654,0.272688,-0.927081
Q16566,KCC4,0.46241,0.495516,0.332915,0.311424,0.213214
Q5HYA8,MKS3,-0.0714746,-0.114441,0.198461,0.372086,-0.241208
Q15599,NHRF2,-0.329506,-0.448071,-0.155162,-0.206922,-0.531407
Q96Q15,SMG1,0.650001,0.860039,0.310345,0.225337,0.746802
Q8WV92,MITD1,0.293828,0.143533,0.144669,0.100211,-0.0664299
Q9Y508,RN114,0.485449,0.682656,0.319513,0.332297,0.704156
Q9Y2U5,M3K2,1.08567,1.13352,0.506276,0.293428,0.876946
Q99759,M3K3,1.10512,0.739358,0.373617,0.57285,0.463074
Q6ZS86,GLPK5,-0.0718637,0.014698,0.0852046,0.00426722,-0.311258
A6NDG6,PGP,0.699385,0.780542,0.221354,0.548384,0.588333
P98082,DAB2,0.00767159,-0.214968,0.0710809,0.182888,-0.15572
P25788,PSA3,0.0138311,0.0151505,-0.152902,-0.278223,0.050179
O14737,PDCD5,0.665873,0.803864,0.421109,0.434655,0.793547
Q86V21,AACS,0.761501,0.995437,0.465597,0.399217,0.624983
Q8N108,MIER1,-0.306884,-0.122595,-0.0928245,-0.240655,-0.276734
Q8NG48,LINES,-0.427753,-0.691922,0.153925,0.673913,-0.323716
P10074,TZAP,0.0519123,-0.0153048,-0.146231,-0.303748,-0.156862
Q15637-5,SF01,-0.33802,-0.292753,-0.307159,-0.22785,-0.102331
H7C561,H7C561,-0.146202,-0.340753,-0.255252,0.243169,-0.109627
Q7L5Y9,MAEA,-0.16214,-0.576818,-0.400658,-0.597625,-0.39476
Q86W92,LIPB1,0.497042,0.267401,0.232286,0.134437,0.258475
Q9NX05,F120C,0.0590961,0.00814652,-0.167586,-0.0502315,-0.0496013
Q14956,GPNMB,-0.458661,-0.535704,-0.36038,-0.520821,-0.774112
Q96C23,GALM,0.814,1.02379,0.441328,0.320423,0.531281
Q8IY17,PLPL6,-0.399617,-0.418146,-0.201704,-0.400066,-0.69865
P19532,TFE3,-0.477334,-0.537195,-0.34549,0.13287,-0.0632844
O14746,TERT,-1.0796,-0.30185,-0.414217,-0.0544235,-0.492443
Q14573,ITPR3,-0.305665,-0.368854,-0.124479,-0.0578504,-0.401479
Q14643,ITPR1,0.0562775,0.00886869,0.100545,0.151268,-0.122643
Q14571,ITPR2,-0.26179,-0.400921,-0.194361,-0.29081,-0.460082
P84098,RL19,0.660955,0.7288,0.418665,0.40839,0.699687
Q8WWM7,ATX2L,0.211107,0.127496,0.0334904,0.0305452,0.176402
A0A5F9ZHX3,A0A5F9ZHX3,0.44239,0.28178,-0.052974,0.0238304,0.403638
P42766,RL35,0.503545,0.863568,0.378055,0.369989,0.652336
Q9NU23,LYRM2,-0.795745,-0.0754752,0.546717,-0.384986,0.223331
Q9NWV8,BABA1,0.325251,0.38998,0.18376,0.103018,0.377894
Q86YQ8,CPNE8,-0.0757713,0.072052,-0.143431,-0.273471,-0.153656
P48556,PSMD8,0.0839477,0.163702,0.0272872,-0.049068,0.185891
Q32P28,P3H1,-0.428389,-0.574843,-0.361016,-0.326602,-0.558646
Q659A1,ICE2,0.211295,0.0944924,0.236532,0.177271,0.305229
P07738,PMGE,0.463579,0.378928,0.121766,0.320166,0.177605
Q8NBF6,AVL9,0.533925,0.772088,0.247825,0.302486,0.599324
O00178,GTPB1,0.497645,0.706962,0.153033,0.176818,0.423688
Q07352,TISB,0.346582,0.66984,0.338417,0.443797,0.162848
P10398,ARAF,-0.366373,0.0271301,-0.250282,0.149091,-0.427551
P04049,RAF1,0.925608,1.28787,0.651601,0.451467,0.774675
A0A2R8Y8E0,A0A2R8Y8E0,1.50616,0.662698,0.663459,0.635406,0.638954
P78524,DEN2B,0.107125,-0.00429535,0.132331,0.0810497,0.0608151
P53582,MAP11,0.281513,0.412199,0.232554,0.266448,0.351506
Q8N0Z8,PUSL1,0.0963416,-0.37768,0.196802,0.00635529,-0.0795598
Q9UFN0,NPS3A,-0.214477,-0.0539811,0.115065,0.191715,-0.00236893
Q8NEZ4,KMT2C,-0.231735,-0.264991,0.0521269,0.218448,-0.0372622
Q9Y5Y2,NUBP2,1.01636,1.64268,0.941869,0.686966,1.58929
Q8TED0,UTP15,-0.483397,-0.614902,-0.22409,-0.187153,-0.257969
O95644,NFAC1,0.501804,0.161553,0.0613277,0.134839,0.195967
P14780,MMP9,-0.308882,-0.0421126,0.30581,-0.0860167,-0.186594
Q01081,U2AF1,-0.460566,-0.282612,-0.094121,-0.154686,-0.0570631
Q01081-2,U2AF1,0.275973,0.216707,1.20309,-0.01898,0.567611
Q02978,M2OM,-0.247757,-0.392253,0.360747,0.457985,-0.0394657
Q9Y2K5,R3HD2,-0.245047,-0.55575,-0.331434,-0.27233,-0.723448
Q96IJ6,GMPPA,0.727995,0.830182,0.385192,0.402055,0.773943
P18074,ERCC2,-0.364168,-0.327178,-0.240609,-0.377828,-0.276618
Q9NVH6,TMLH,-0.302393,-0.339879,-0.0144055,-0.193883,-0.207076
O95801,TTC4,0.655374,0.962731,0.294314,0.420496,0.948822
Q06136,KDSR,-0.553979,-0.565133,-0.156561,-0.158093,-0.357281
Q96RE7,NACC1,-0.000917435,0.0843151,0.0820572,-0.00706744,0.574631
P21399,ACOHC,0.689023,0.977417,0.480037,0.31046,0.85451
O00408,PDE2A,0.702696,0.509249,0.430423,0.614192,0.597602
Q9H6S3,ES8L2,0.562806,0.650267,0.222715,0.3339,0.592805
P51553,IDH3G,-0.282032,-0.417908,-0.197946,-0.20554,-0.511699
O43837,IDH3B,-0.363689,-0.417231,-0.208739,-0.283278,-0.457254
P58557,YBEY,-0.629431,-0.585207,0.230321,0.183179,-0.245281
Q9GZN7,ROGDI,0.788792,1.37924,0.802514,1.0178,0.558082
Q9NZL9,MAT2B,0.391834,0.765065,0.21728,0.21524,0.632475
P32189,GLPK,-0.21184,-0.253449,0.401679,0.410179,0.024646
Q8IUC8,GLT13,0.199304,0.208587,0.517712,0.63465,0.665798
P23258,TBG1,0.529607,0.628093,0.150731,0.0683208,0.509081
O75564,JERKY,-0.747404,-0.665464,-0.450326,0.242694,-0.477686
Q9Y394,DHRS7,-0.365406,-0.327818,-0.0649343,-0.140511,-0.405986
Q13049,TRI32,0.313267,0.196342,0.160541,0.225633,0.344652
P48651,PTSS1,-0.293511,-0.339135,0.0320246,0.0846679,-0.420867
Q96PM9,Z385A,-0.293974,0.0610025,0.308345,0.148607,-0.443135
Q86WB0,ZC3C1,-0.277607,-0.383551,-0.357194,-0.40785,-0.267153
Q8IW45,NNRD,-0.295802,-0.300072,-0.0825191,0.0673296,-0.348327
P49757,NUMB,-0.358672,-0.380645,-0.492551,-0.468359,-0.178965
Q8N0X4,CLYBL,-0.254186,-0.211573,-0.0347323,0.001791,-0.328685
O60568,PLOD3,-0.374172,-0.526098,-0.272927,-0.347797,-0.460834
Q86WT1,IT70A,1.38596,1.19304,0.0585697,0.59448,0.535016
Q96FV9,THOC1,-0.476696,-0.571112,-0.354048,-0.486429,-0.433038
Q96KF7,SMIM8,-1.68026,-1.35867,-1.0538,-0.463792,-1.23855
Q96A25,T106A,-0.299902,-0.430556,0.0674796,0.0773461,-0.338624
O00743,PPP6,0.606714,0.762563,0.271332,0.164291,0.658904
P43490,NAMPT,0.622157,0.917283,0.214794,0.183761,0.575358
O75935,DCTN3,0.871603,0.984861,0.698355,0.588119,0.896488
P46782,RS5,0.376717,0.44837,0.0843222,0.0355263,0.262454
Q9BX59,TPSNR,0.277389,0.529159,0.520663,-0.0373757,-0.332637
Q9UPN4,CP131,-0.142268,0.273157,0.0608926,0.0193048,-0.0923162
Q7Z6Z7,HUWE1,0.208397,0.395517,0.142609,0.0634255,0.365671
Q96HY6,DDRGK,-0.416692,-0.523776,-0.32127,-0.197768,-0.518775
Q9NU22,MDN1,-0.311576,-0.333454,-0.102892,-0.166472,-0.110983
P35520,CBS,0.656922,1.08894,0.278328,0.439419,1.19848
Q6Y7W6,GGYF2,0.486007,0.711593,0.215866,0.238844,0.586538
O75420,GGYF1,0.78341,1.04119,0.584985,0.462823,0.691738
P18583-5,SON,-0.386598,-0.15159,-0.281595,-0.211344,-0.466121
Q8N1G2,CMTR1,-0.124684,0.0781639,-0.00720024,-0.139329,0.206773
P18583-6,SON,-0.547884,-0.20322,-0.292941,-0.297823,-0.522021
Q86UU1,PHLB1,0.545379,0.334795,0.157025,0.00526547,0.305994
Q8IX12,CCAR1,-0.468711,-0.61487,-0.430394,-0.458811,-0.47716
P15374,UCHL3,0.625278,0.722982,0.235197,0.53078,0.568438
P02786,TFR1,-0.0602102,-0.052933,0.113726,0.314428,0.123808
P23786,CPT2,-0.480391,-0.542469,-0.339013,-0.39915,-0.863655
Q9ULU8,CAPS1,-0.189902,0.0929034,0.443389,0.198146,0.223175
Q9NWB6,ARGL1,-0.430604,-0.489645,-0.210818,-0.178583,-0.275415
Q96TC7,RMD3,0.0178392,-0.132444,0.504707,0.466523,-0.0608571
Q86TB9,PATL1,0.402836,0.481326,0.134118,0.181891,0.240981
Q9H875,PKRI1,-0.0815649,0.0638204,-0.0303884,0.0110135,0.107745
Q9P0L0,VAPA,-0.36996,-0.482553,-0.215424,-0.159071,-0.472767
O95292,VAPB,-0.442046,-0.641216,-0.264594,-0.157998,-0.545682
Q9H2G9,GO45,-0.154805,-0.679687,-0.641993,0.0753272,-0.317048
P31949,S10AB,0.848757,1.52292,0.776018,0.916119,1.04607
Q8NEB9,PK3C3,0.555775,0.633421,0.176996,0.111098,0.249638
Q6P996,PDXD1,0.531085,0.826609,-0.0467515,-0.0505569,0.368127
P42126,ECI1,-0.439342,-0.488407,-0.0678968,-0.13925,-0.631228
P09012,SNRPA,-0.396988,-0.487526,-0.212806,-0.20623,-0.339234
P08579,RU2B,-0.399662,-0.540317,-0.140269,-0.270195,-0.22451
O14734,ACOT8,-0.496915,-0.493041,0.138602,-0.0937452,-0.0841801
Q8IWA4,MFN1,-0.158326,-0.220454,0.0669248,0.081991,-0.462066
O95140,MFN2,-0.244975,-0.171156,0.182513,0.278836,-0.313591
Q86UE4,LYRIC,-0.436579,-0.692165,-0.41046,-0.328239,-0.633011
Q9BZB8,CPEB1,0.118468,-0.0425196,0.151315,-0.423231,-0.164184
Q9NZM3,ITSN2,0.0401638,-0.0127933,-0.156559,-0.169858,-0.255801
H3BNC9,H3BNC9,0.483039,0.75468,0.177695,0.241296,0.501774
P27824,CALX,-0.296067,-0.502427,-0.114636,-0.0722117,-0.312319
O14967,CLGN,-0.352839,-0.445729,-0.110135,-0.155704,-0.451756
P27797,CALR,-0.444332,-0.659585,-0.378281,-0.391713,-0.484306
Q9UNW9,NOVA2,-0.197739,-0.651626,0.464696,0.12306,-0.209363
Q969X1,LFG3,0.629411,1.73263,1.18266,0.951996,0.560014
Q70UQ0-4,IKIP,-0.249297,-0.295123,-0.105491,-0.0369654,-0.256729
Q567U6,CCD93,0.483719,0.538201,0.0784013,0.0494335,0.282594
Q70UQ0,IKIP,-0.261428,-0.367392,-0.0706244,-0.035954,-0.231183
Q9HB21,PKHA1,0.754361,0.393737,0.329071,-0.116145,0.412479
Q9UHJ6,SHPK,0.142635,-0.330641,0.270493,-0.182352,-0.03284
O43524,FOXO3,0.0703437,0.266408,0.136417,0.124328,0.320413
P19525,E2AK2,0.478269,0.904878,0.328513,0.109181,0.259501
Q14244,MAP7,0.311687,0.277255,0.103285,0.514417,0.214247
Q9NVQ4,FAIM1,0.573901,0.906465,0.449955,1.19419,1.21382
O15075,DCLK1,0.714923,0.862621,0.835732,0.928811,1.20869
Q7KYR7,BT2A1,0.162917,0.26811,0.0547066,0.260978,0.023391
O15427,MOT4,-0.243848,-0.29159,0.242162,0.310253,0.167403
Q8NHY2,COP1,-0.298634,-0.214229,-0.165874,0.01424,-0.0256462
Q63HK5,TSH3,-0.688287,-0.379548,-0.120704,-0.243668,-0.173338
Q9UGM6,SYWM,-0.430365,-0.62404,-0.215344,-0.243073,-0.396366
Q9HD26,GOPC,-0.230012,0.135273,-0.234791,-0.174443,0.111708
Q9ULE4,F184B,0.441489,0.0527976,-0.0310113,-0.00444221,0.369501
Q96C92,ENTR1,-0.0779872,0.17844,-0.176573,0.40644,-0.0589583
Q92620,PRP16,-0.425788,-0.58684,-0.205882,-0.388459,-0.0816722
Q9Y315,DEOC,0.271703,0.279657,-0.225151,-0.0216379,-0.0859268
P49770,EI2BB,0.719766,0.770449,0.414721,0.327676,0.736822
Q8WU90,ZC3HF,0.647219,0.767299,0.337404,0.288245,0.774139
Q9NNW5,WDR6,0.652692,0.866581,0.364494,-0.0727997,0.569859
Q96JX3,SRAC1,-0.301156,-0.496369,0.336134,0.177389,-0.110437
Q6UXN9,WDR82,-0.132918,-0.196592,0.0328503,-0.143866,0.0517271
Q8WU10,PYRD1,0.705607,1.15206,0.346942,0.631903,0.738232
Q7Z4W1,DCXR,-0.0803053,-0.202493,-0.0899322,0.0356219,-0.240912
Q6PKG0,LARP1,0.294868,0.337451,0.0136104,0.131856,0.290947
Q659C4,LAR1B,0.497386,0.455859,0.579279,0.61061,0.269715
O94855,SC24D,0.517311,0.58225,0.253335,0.264156,0.635986
Q9BT22,ALG1,-0.444859,-0.361215,-0.0672925,-0.139359,-0.33481
Q9NPC8,SIX2,-0.164049,-0.313151,0.0754204,0.195226,-0.334382
Q8IW41,MAPK5,-0.100245,-0.36261,0.494555,0.0943682,-0.142849
Q9NVC3,S38A7,-0.327696,0.00555682,0.393007,0.0494268,0.115366
Q9NRZ9,HELLS,-0.149428,0.187324,0.272486,0.412332,0.232315
P20645,MPRD,-0.424008,-0.558388,-0.249479,-0.177523,-0.437146
Q9NPA0,EMC7,-0.343688,-0.408423,-0.131837,-0.0979934,-0.292707
Q3KQU3,MA7D1,0.604906,0.608515,0.447219,0.504942,0.472832
P21281,VATB2,0.0758629,0.314718,-0.0776014,-0.145158,0.0689373
Q9H1Z4,WDR13,0.349291,0.825763,0.52504,0.192827,0.683443
Q9NXN4,GDAP2,-0.400668,-0.545854,-0.360627,-0.410205,-0.43236
P0CG29,GST2,0.587218,0.996346,0.518375,0.770284,0.682678
Q9Y6M7-13,S4A7,0.267774,-0.102687,0.180566,0.591968,0.311429
P52429,DGKE,-0.305624,-0.565997,-0.244967,-0.185584,-0.602695
Q5T3U5,MRP7,-0.348903,-0.736302,0.315747,0.204318,0.295002
O60291,MGRN1,-0.127054,0.00828838,0.166911,0.132274,-0.186197
Q15361,TTF1,-0.487387,-0.070662,-0.30824,-0.261284,-0.385997
Q13057,COASY,0.714922,1.00743,0.518439,0.426974,0.541299
Q96H22,CENPN,-0.86038,-0.629951,-0.795815,-0.307342,-0.636758
Q99618,CDCA3,-0.460332,-0.55613,-0.254132,0.421358,0.474942
Q7Z3V4,UBE3B,0.430564,0.397013,0.361638,-0.105269,-0.157204
Q9NUQ9,CYRIB,0.582282,0.665004,0.374888,0.393948,0.545166
Q13952,NFYC,-0.408567,0.23842,0.202088,-0.164346,0.534845
P04035,HMDH,-0.297718,-0.404223,-0.129236,0.646448,0.132797
Q9BXI6,TB10A,-0.168542,-0.585154,-0.365902,-0.300367,-0.268101
Q00688,FKBP3,0.626472,0.686221,0.127649,0.136832,0.306115
Q15392,DHC24,-0.821403,-1.55046,-1.16621,-1.4273,-2.69935
Q9UGP8,SEC63,-0.374451,-0.459245,-0.105034,0.0314479,-0.24814
Q6UX07,DHR13,-0.523113,-0.239944,-0.248327,-0.303249,-0.494245
A0A384DVK4,A0A384DVK4,0.64057,0.612182,0.0630085,0.566412,0.341388
Q7Z3K3,POGZ,-0.34015,-0.583034,-0.125763,-0.0952718,-0.476696
P49419-2,AL7A1,-0.328748,-0.396466,-0.253091,-0.218899,-0.47475
Q9NR50,EI2BG,0.550582,0.58726,0.131667,0.125945,0.442795
Q6N022,TEN4,0.194046,0.142785,0.250906,0.247987,0.127433
Q9P273,TEN3,-0.131539,-0.217794,-0.0255492,0.0233445,-0.152387
Q9UKZ4,TEN1,-0.058064,0.655761,0.572282,-0.489563,0.407894
Q8N3Y1,FBXW8,1.02199,1.62475,0.77998,0.679809,1.56674
Q12905,ILF2,-0.360437,-0.342963,-0.106167,-0.226315,-0.247738
P53701,CCHL,-0.402068,-0.182535,0.111545,0.129612,-0.276537
P15170-3,ERF3A,0.780952,0.832285,0.298951,0.268275,0.548987
Q8IYD1,ERF3B,0.653903,0.831575,0.430374,0.389191,0.75356
Q96LZ7,RMD2,0.0665541,0.0384145,0.258591,0.412817,-0.111774
P05026,AT1B1,-0.403203,-0.536768,-0.346195,-0.122098,-0.696649
Q92782,DPF1,0.740789,-0.223228,0.0935283,0.292404,0.250679
P00813,ADA,0.126521,0.052923,0.279206,0.243505,0.359568
P13612,ITA4,-0.214497,-0.372557,0.220403,0.152576,0.00231385
Q9Y6I4,UBP3,-0.332634,-0.262659,-0.355908,-0.233402,0.205749
Q96N67,DOCK7,0.262579,0.135734,-0.00777841,-0.0403888,0.0686069
Q96HP0,DOCK6,-0.228523,-0.347936,-0.337089,-0.390921,-0.42013
Q9Y4K0,LOXL2,-0.156823,0.05336,0.236757,-0.489744,-0.284824
P28300,LYOX,-0.312601,0.129346,0.0634387,0.261481,0.0149362
P58215,LOXL3,-0.130459,-0.0298212,0.205149,0.00996017,-0.218914
Q08397,LOXL1,-0.146532,-0.624501,-0.249835,-0.205159,-0.570103
Q93100,KPBB,0.865802,0.795078,0.29425,0.371677,0.615958
Q9Y233,PDE10,0.944853,-0.0226552,0.0469553,0.175568,0.0739014
Q8WYL5,SSH1,0.143215,0.156838,0.260837,0.040957,0.0894053
Q7Z3T8,ZFY16,0.232413,0.417825,-0.168854,-0.218096,0.294092
Q15629,TRAM1,-0.355301,-0.571368,-0.255693,-0.191504,-0.396142
O14949,QCR8,0.00728536,0.0696995,0.695374,0.704439,-0.10527
Q6DKI1,RL7L,-0.378833,-0.412821,-0.064518,-0.0598423,-0.0992835
O75554,WBP4,-0.434655,-0.22106,-0.281798,-0.211731,-0.201234
Q9HAB3,S52A2,-0.570222,-0.744166,-0.720074,-0.686036,-0.6811
Q9GZY8,MFF,0.0748043,0.0254948,1.08894,0.98188,0.632069
Q9Y4C8,RBM19,-0.466741,-0.449821,-0.211075,-0.170109,-0.401845
Q8WXD5,GEMI6,0.270867,0.223464,-0.0891821,-0.0336747,0.21068
Q15056,IF4H,0.718175,0.938294,0.315687,0.389769,0.659233
Q86Y39,NDUAB,0.0627737,0.307745,0.542603,0.63409,0.346713
Q5PRF9,SMAG2,0.447139,0.420074,0.138357,0.181836,0.343379
Q9NV64,TM39A,-0.940687,-0.0229881,-0.0940883,0.433279,-0.29013
Q03111,ENL,-0.453171,-0.253316,-0.288945,-0.463792,-0.433147
Q8NCL9,APCDL,-0.315972,-0.0170555,0.284104,-0.151114,-0.255229
Q8TF68,ZN384,-0.0588341,-0.308661,-0.215413,-0.11682,-0.104703
O00303,EIF3F,0.582728,0.680136,0.165176,0.136194,0.494803
Q5TA45,INT11,-0.28188,-0.373256,-0.128607,-0.306487,-0.169452
Q16342,PDCD2,0.403952,0.420031,0.330244,0.573729,0.594763
Q9UHR4,BI2L1,0.324249,0.471276,0.0297434,0.230438,0.106543
Q13137,CACO2,-0.0457306,0.213571,-0.349974,-0.227072,-0.320612
Q9BVI0,PHF20,-0.37558,-0.382257,-0.311792,-0.0242321,-0.0446808
Q8N2K0,ABD12,-0.178819,-0.294593,-0.052093,-0.0670245,-0.149388
P49773,HINT1,1.01351,1.57635,0.795155,0.60188,1.09496
Q04446,GLGB,0.764336,1.06133,0.434427,0.30151,0.543052
Q14192,FHL2,0.211401,0.312908,0.0209024,0.081471,0.234308
P46087,NOP2,-0.454002,-0.580302,-0.33295,-0.193477,-0.398281
P13640,MT1G,0.642985,0.885448,0.669119,1.00067,1.10563
Q15654,TRIP6,0.163342,0.0656016,0.271303,0.0751712,0.43764
Q9Y282,ERGI3,-0.185644,-0.169438,-0.0776021,0.00572491,-0.207042
Q9H5I1,SUV92,-0.348422,-0.464222,-0.13889,-0.0822375,-0.100943
Q9NYR9,KBRS2,0.591117,0.586945,0.151997,0.528438,0.302617
P49711,CTCF,-0.487541,-0.516299,-0.358635,-0.194294,-0.490078
Q9BY67,CADM1,0.11712,-0.101772,0.338348,0.648988,-0.124973
Q9Y4D7,PLXD1,-0.0188792,-0.205352,0.276254,0.51429,-0.334907
Q99489,OXDD,-0.397555,-0.586159,-0.138673,-0.153254,-0.540273
P07225,PROS,-0.207814,-0.215895,0.0621746,-0.129206,-0.855133
O43933,PEX1,-0.0938652,-0.117036,0.201682,0.345821,-0.29375
Q8TER0,SNED1,-0.211205,-0.622598,-0.00734711,0.226298,0.15541
Q96GA7,SDSL,0.599342,1.16883,0.675558,0.880369,1.088
Q14896,MYPC3,0.274935,-0.795333,-2.01172,-2.4412,-1.6923
Q9H8H0,NOL11,-0.342093,-0.50318,-0.044107,-0.0840247,0.00767589
Q12834,CDC20,0.141886,0.80849,0.0519676,1.03207,0.924806
Q13427,PPIG,-0.45489,-0.503177,-0.221044,-0.221912,-0.270089
Q8N5C1,CAHM5,-0.122503,-0.126303,0.363567,0.500361,0.0529168
A0A087WZ13,A0A087WZ13,-0.365547,-0.230682,-0.165744,-0.0874763,-0.226532
Q9BPZ3,PAIP2,0.912043,0.919037,0.552649,0.3451,0.605234
Q8N8R7,AL14E,-0.217477,-0.110771,-0.177521,-0.229882,-0.35302
P10606,COX5B,0.186585,0.00542593,0.383234,0.560564,0.0917599
Q16527,CSRP2,-0.164536,-0.359902,0.0048635,0.0541241,-0.110395
P62633,CNBP,0.341496,0.402574,0.269412,0.566298,0.479343
Q9NZ32,ARP10,0.421343,0.724929,-0.0508802,0.0344417,0.352633
P40424,PBX1,0.147094,0.411617,0.402028,-0.0274172,0.114527
P40425,PBX2,0.119159,0.0072217,0.033603,-0.173223,0.020745
P28328,PEX2,-0.287792,-0.6129,-0.128093,-0.0904655,-0.246001
Q96MX6,DAA10,0.520093,0.660092,0.161588,0.214048,0.56733
P21291,CSRP1,0.206052,0.154479,0.169273,0.321413,0.297745
P50461,CSRP3,0.357638,0.543096,0.398847,0.630422,0.752046
Q13144,EI2BE,0.60119,0.719502,0.303774,0.138461,0.566083
Q00987,MDM2,-0.00302291,0.682333,-0.0331531,0.178343,0.976818
Q96QD5,DEPD7,1.2546,1.8775,0.351856,1.04176,2.02097
Q96C01,F136A,-0.0381954,-0.059207,0.191422,0.27941,0.389529
Q8IZ69,TRM2A,-0.488645,-0.0297983,-0.164437,-0.0102549,-0.173098
P19447,ERCC3,-0.409854,-0.416805,-0.260967,-0.366709,-0.325487
Q9BUZ4,TRAF4,0.0072341,0.562432,0.269534,0.406713,0.425405
Q2TAM5,Q2TAM5,0.0810349,0.46327,0.608852,0.470816,0.655407
Q6P1L8,RM14,-0.911675,-1.28121,-0.450305,-0.36368,-1.05412
A0A8V8TP80,A0A8V8TP80,-0.0286748,-0.0322924,-0.0852401,-0.134222,-0.0415287
P11413,G6PD,0.611249,0.805434,0.2911,0.119538,0.317426
Q8TDN6,BRX1,-0.47722,-0.500442,-0.147579,-0.122979,-0.382966
Q9UPN6,SCAF8,-0.443035,-0.42717,-0.220632,-0.28849,-0.109436
Q9H4B0,OSGL1,-0.611273,-0.627578,-0.26278,-0.402851,-0.724139
O95104,SCAF4,-0.264417,-0.471202,-0.291515,-0.462037,-0.269122
Q5TGZ0,MIC10,0.0508983,0.709926,1.11724,0.742321,0.434964
P49366,DHYS,0.673402,0.764045,0.375258,0.475055,0.697844
Q5JTJ3,COA6,-0.85189,-1.18373,-0.617896,-0.899067,-0.709821
Q53EP0,FND3B,-0.230521,-0.0339804,0.253264,0.00702381,-0.381013
Q96HD1,CREL1,-0.487879,-0.892926,-0.244212,-0.260038,-0.767465
Q9BW27,NUP85,-0.414845,-0.415466,-0.151384,-0.325242,-0.257741
O60662,KLH41,0.363978,0.763605,0.546427,0.438374,0.685658
O60493,SNX3,0.594362,0.87738,0.247539,0.245633,0.635474
Q9UMY4,SNX12,0.564455,0.994031,0.400614,0.398133,0.677052
O43772,MCAT,-0.225519,-0.267873,0.428391,0.562486,0.0519357
Q9BYW2,SETD2,-0.373787,-0.458855,-0.237596,-0.147036,-0.294495
Q5JTV8-3,TOIP1,-0.366344,-0.619733,-0.17179,-0.146752,-0.645997
Q00613,HSF1,-0.0277061,0.0809128,0.222089,0.288854,0.680268
Q03933,HSF2,-0.132969,0.530197,-0.0118484,-0.128315,0.254853
P67870,CSK2B,-0.1826,-0.251919,-0.209297,-0.133924,-0.139845
Q9UBQ5,EIF3K,0.470322,0.41815,0.120106,0.271275,0.410095
P10599,THIO,0.680901,0.722754,0.101146,0.311182,0.18372
P32322,P5CR1,-0.412676,-0.521379,-0.274386,-0.226891,-0.238557
Q96C36,P5CR2,-0.524155,-0.6422,-0.315462,-0.293217,-0.604225
Q96B01,R51A1,0.375592,0.635504,0.29789,0.899167,0.685343
Q9BUT1,DHRS6,0.541899,0.632303,0.245784,0.395198,0.543826
Q14331,FRG1,-0.461932,-0.451096,-0.415957,-0.296073,-0.0873203
P10619,PPGB,-0.507225,-0.452123,-0.174879,-0.360632,-0.688121
Q16799,RTN1,-0.503356,-0.750323,-0.213118,-0.249054,-0.474625
O95197,RTN3,-0.502743,-0.690957,-0.397476,-0.401407,-0.667704
P62306,RUXF,-0.331072,-0.250336,-0.277836,-0.330629,-0.364995
Q15942,ZYX,0.595055,0.596806,0.407669,0.499383,0.742224
O14929,HAT1,0.0911953,0.670609,0.206246,0.301025,0.769776
O14524,NEMP1,-0.277199,-0.423929,0.138423,0.373982,-0.195757
P14543,NID1,-0.555432,-0.546769,-0.330794,-0.247739,-0.577326
Q96I59,SYNM,-0.720515,-0.881767,-0.481373,-0.546368,-0.774139
Q9H7B2,RPF2,-0.613074,-0.839288,-0.396169,-0.323338,-0.663887
Q71UM5,RS27L,0.293561,0.619126,0.300412,0.246414,0.571019
P42677,RS27,0.340776,0.427872,0.0307255,0.274844,0.266858
Q02040,AK17A,-0.499487,-0.452635,-0.247725,-0.324933,-0.413179
P02766,TTHY,0.370427,0.352569,0.171421,0.528214,0.796899
O60508,PRP17,-0.451003,-0.505847,-0.300165,-0.243318,-0.410904
Q9H9L4,KANL2,-0.379716,-0.639178,-0.704709,-0.144577,-0.0804002
P39687,AN32A,0.190435,0.603558,0.140161,0.225446,0.624128
Q92688,AN32B,0.259624,0.77442,0.21863,0.282816,0.787755
P45973,CBX5,-0.514413,-0.865539,-0.373863,-0.141514,-0.599443
P83916,CBX1,-0.422913,-0.804999,-0.145987,-0.111741,-0.400028
Q13185,CBX3,-0.412594,-0.571377,-0.313717,-0.240358,-0.368171
Q14790,CASP8,0.709446,0.85374,0.478046,0.421999,0.72476
P49407-2,ARRB1,-0.193124,-0.233858,-0.56382,-0.506164,-0.295427
P32121,ARRB2,0.293272,0.539601,-0.0198729,-0.0987587,0.210949
O95453,PARN,-0.278691,-0.309787,-0.22803,-0.262435,-0.489251
O94966-5,UBP19,0.346115,0.386523,0.118323,0.118099,0.211865
O00635,TRI38,-0.114188,0.262485,-0.0399318,0.0222962,-0.0292597
Q9BRJ7,TIRR,-0.104312,0.176621,0.187892,-0.0586665,0.00540257
Q96DE0,NUD16,0.810642,1.20666,0.250152,0.267539,0.630072
Q86W33,TPRA1,0.199016,1.51864,0.618696,0.314689,0.887414
Q9BYC9,RM20,-0.406245,-0.50762,-0.200754,-0.193532,-0.470207
Q15274,NADC,0.182135,0.524239,0.164253,0.061373,0.252125
P48506,GSH1,0.622333,0.684796,0.187248,-0.02458,0.387017
Q86TP1,PRUN1,0.468452,0.903863,0.262139,0.221517,0.588277
P20042,IF2B,0.469569,0.458994,0.0479391,0.140744,0.413675
Q5T9L3,WLS,-0.0252206,0.175798,0.386373,0.241288,0.271211
Q9H2H8,PPIL3,-0.0960813,-0.22808,0.0579357,0.221039,0.0421736
Q9Y3B3,TMED7,-0.274247,-0.233516,0.172849,0.0553527,0.0032804
O75794,CD123,0.670791,0.973538,0.542657,0.662032,1.26559
O95425,SVIL,-0.361424,-0.524537,-0.249966,-0.267018,-0.31384
Q15758,AAAT,-0.175458,-0.438667,0.27056,0.648597,0.485819
O43684,BUB3,-0.295595,-0.221468,-0.116044,-0.0422804,0.139469
Q7RTV0,PHF5A,-0.294781,-0.482736,-0.230133,-0.0781236,-0.231943
Q8IVD9,NUDC3,0.633492,0.790975,0.255746,0.251685,0.613029
O75530,EED,-0.458461,-0.384763,-0.0721865,-0.152755,0.0097506
P46100,ATRX,-0.397566,-0.378101,-0.143126,-0.178193,-0.444367
Q99943,PLCA,-0.452785,-0.242967,0.0559552,0.0330513,-0.241845
O94925,GLSK,-0.51049,-0.621221,-0.240358,-0.269879,-0.426374
O94925-3,GLSK,-0.631743,-0.634978,-0.418615,-0.469546,-0.596711
Q96FZ2,HMCES,0.344898,0.288582,-0.00436211,0.0505428,0.174701
P31937,3HIDH,-0.388929,-0.416082,-0.229506,-0.259325,-0.583759
P07737,PROF1,0.744298,1.05936,0.477166,0.358472,0.966003
P40189,IL6RB,-0.289871,0.158971,-0.127028,0.0103216,0.148822
Q53EZ4,CEP55,0.462474,0.463526,0.399322,0.244634,0.466907
Q7Z4F1,LRP10,0.0683935,-0.274394,-0.198657,-0.023978,-0.313511
P55789,ALR,-0.108285,-0.43584,-0.246886,-0.0232697,-0.279945
Q13564,ULA1,0.490428,1.05042,0.253494,0.177587,0.503164
Q96EL3,RM53,-0.310898,0.200722,-0.00602198,-0.0051887,-0.411152
Q9NWS8,RMND1,-0.243351,-0.196144,0.16424,0.310963,-0.205054
Q14657,LAGE3,0.991241,1.49782,0.7645,0.495347,0.898862
P35790,CHKA,0.862661,1.24624,0.155005,0.117583,0.582698
P52888,THOP1,0.670207,0.945626,0.404776,0.452336,0.80124
O14979,HNRDL,-0.504977,-0.559042,-0.214029,-0.078022,-0.449642
Q99729-3,ROAA,-0.437308,-0.418873,-0.34428,-0.242681,-0.375781
Q14103,HNRPD,-0.436531,-0.454698,-0.321846,-0.295401,-0.394102
Q14103-2,HNRPD,-0.703607,-0.710616,-0.465374,-0.561565,-0.585397
Q9UQ35,SRRM2,-0.398441,-0.478994,-0.361249,-0.327785,-0.472743
Q9UK00,CC018,0.258004,0.42382,-0.371022,-0.103394,-0.286218
P02649,APOE,-0.167854,-1.87262,-0.904552,-0.106782,-0.305467
O75582,KS6A5,0.201544,0.71184,0.148437,0.150073,0.285338
Q96KA5,CLP1L,-0.438559,-0.474806,-0.132317,-0.108397,-0.492079
Q14254,FLOT2,-0.0866599,-0.138644,0.242449,0.360714,0.0448461
Q13630,FCL,0.672571,0.770628,0.0989816,0.184208,0.24427
Q14746,COG2,0.202289,0.459926,-0.152835,-0.273576,0.0757647
Q15388,TOM20,0.0659537,-0.139132,0.85515,1.02991,0.364334
Q13242,SRSF9,-0.646557,-0.926781,-0.463706,-0.310715,-0.775855
Q07955,SRSF1,-0.455184,-0.569085,-0.263355,-0.157686,-0.424458
O75494,SRS10,-0.584687,-0.749259,-0.404239,-0.215105,-0.610879
Q15435,PP1R7,0.824465,1.07933,0.531866,0.291029,0.769546
Q5H9R7,PP6R3,0.483409,0.670779,0.247281,0.302363,0.597003
Q9HBK9,AS3MT,0.868548,0.624125,0.275736,0.357841,0.501843
Q5VSY0,GKAP1,0.627785,0.27369,0.0624125,0.166605,0.312907
Q96T60,PNKP,-0.270934,-0.183928,-0.420161,-0.354561,-0.303659
Q9H497,TOR3A,-0.373414,-0.435901,0.079391,-0.0128751,-0.0454104
P21675,TAF1,-0.322736,-0.388279,-0.467937,-0.353178,-0.462461
Q9NRZ5,PLCD,-0.17129,0.054913,0.201898,0.0726433,-0.0763135
Q9HD45,TM9S3,-0.392018,-0.444337,0.039906,-0.00299692,-0.261516
A6ND36,FA83G,0.22905,0.289916,0.116872,0.230326,0.0577457
Q14186,TFDP1,-0.0425954,-0.377261,-0.258377,-0.0677781,0.239392
Q9H9G7,AGO3,0.014401,0.00892901,0.0305192,-0.144789,-0.0278401
Q9UKV8,AGO2,0.171598,0.28264,-0.0572476,0.000156164,0.0715365
Q9UL18,AGO1,0.0799644,0.274703,0.285053,0.162206,0.274493
Q8NHU6,TDRD7,0.383743,0.539997,0.0608175,0.0860755,0.200423
Q9NYK5,RM39,-0.454536,-0.60185,-0.422646,-0.327597,-0.696735
Q56VL3,OCAD2,-0.382847,-0.29483,0.505515,0.702762,-0.00851488
Q01415,GALK2,0.350482,0.488063,0.49689,0.641563,0.576964
Q9H7X7,IFT22,0.368016,0.812903,0.360902,0.0120137,0.660862
P42356,PI4KA,-0.365004,-0.445966,-0.0566802,-0.208966,-0.404062
O75323,NIPS2,-0.547627,-0.717291,-0.347899,-0.300498,-0.798768
Q9BPW8,NIPS1,-0.433836,-0.540299,-0.356899,-0.371333,-0.755138
Q86W56,PARG,0.401534,0.676151,0.0945823,0.211958,0.494428
P49354,FNTA,0.472023,0.829038,0.323697,0.149503,0.571494
P11177,ODPB,-0.516668,-0.713918,-0.359222,-0.329844,-0.731219
Q92547,TOPB1,-0.383933,-0.451539,-0.128647,-0.19974,-0.0263655
Q99640,PMYT1,-0.170953,-0.44059,-0.263418,0.0929005,0.143389
P07741,APT,0.642548,0.869756,0.443812,0.622525,0.866929
Q96DT7,ZBT10,-0.229524,-0.432525,-0.360734,-0.202253,-0.166711
Q9NRZ7,PLCC,-0.36268,-0.615398,-0.131248,-0.196265,-0.482352
O15173,PGRC2,-0.338339,-0.48485,-0.155112,-0.0596497,-0.347406
O00264,PGRC1,-0.312934,-0.453596,-0.194731,-0.0287564,-0.304687
P02656,APOC3,0.366676,-1.24773,-0.346962,-0.559882,-0.251891
Q14011,CIRBP,-0.191757,-0.169082,0.0296237,-0.066318,-0.202031
Q9BQ75,CMS1,-0.311201,-0.31786,-0.141077,-0.173093,0.141069
Q96IZ0,PAWR,0.604039,1.07207,0.289886,0.161083,0.597735
Q96I15,SCLY,0.5062,0.480898,0.299417,0.0586188,0.515053
P18084,ITB5,0.0700161,0.144532,0.46078,0.325551,-0.456115
Q7Z2E3,APTX,-0.368275,-0.643877,-0.654412,-0.419572,-0.619318
Q04727,TLE4,-0.196797,0.18339,0.0420716,-0.130909,0.176769
Q04726,TLE3,-0.119021,-0.539074,-0.308826,0.0225253,0.460211
P08621,RU17,-0.32016,-0.333234,-0.203168,-0.240927,-0.408683
O95625,ZBT11,-0.0422065,-0.0569482,0.0286396,-0.180467,-0.0732076
Q9UQ49,NEUR3,0.1789,-0.156695,1.6628,0.172488,0.198091
Q96R06,SPAG5,0.595941,0.802951,0.436306,0.54688,0.891271
Q6PJW8,CNST,0.0309801,0.160409,-0.0795476,-0.136392,0.0580356
Q9H0W8,SMG9,0.777316,0.888131,0.346648,0.460509,0.517281
Q92994,TF3B,-0.457246,-0.651243,-0.749724,-0.680731,-0.422248
Q6Q0C0,TRAF7,0.451708,0.779912,0.314174,0.286823,0.345724
Q96A65,EXOC4,0.342058,0.226884,0.00189972,-0.181368,0.212223
Q8N336,ELMD1,-0.111441,-0.0718026,0.475621,0.471954,-0.0509
Q8IVS2,FABD,-0.512721,-0.68134,-0.437826,-0.409078,-0.740525
Q13884,SNTB1,-0.382648,-0.313805,0.0452712,-0.0215018,-0.0409014
Q13424,SNTA1,-0.348332,-0.324412,-0.132626,-0.11224,-0.137565
O75351,VPS4B,0.587203,0.781311,0.284404,0.208288,0.376322
Q9UN37,VPS4A,0.700214,0.90379,0.257099,0.260293,0.331526
Q6PIW4,FIGL1,0.455417,0.678864,0.280796,0.244662,0.400868
Q13425,SNTB2,-0.421664,-0.466345,-0.242129,-0.272451,-0.531413
Q93075,TATD2,-0.168186,0.561268,0.0107884,-0.404242,-0.357603
Q9UM11,FZR1,0.0123034,0.0981965,-0.2856,-0.350505,-0.342508
O00562,PITM1,0.0685482,0.158051,0.0712769,0.0144238,-0.0855014
Q86WA6,BPHL,-0.506516,-0.628631,-0.248985,-0.451791,-0.635054
Q5VVJ2,MYSM1,-0.0784678,0.233736,-0.425479,-0.576777,0.0573776
Q9NV88,INT9,-0.275842,0.103523,-0.0596304,-0.41965,-0.0761237
P84077,ARF1,0.572936,0.81261,0.562147,0.269444,0.94873
P16104,H2AX,-0.0370915,-0.577022,0.243032,0.272606,-0.295196
Q7L7L0,H2A3,0.179611,-0.659844,0.228648,0.247768,-0.412345
Q8IUE6,H2A2B,-0.145786,-0.408663,-0.0954833,-0.148893,-0.661629
P0C0S5,H2AZ,-0.389688,-0.883941,-0.17991,-0.184494,-0.648976
P61204,ARF3,0.0648031,-0.402059,-0.598705,-0.220666,-0.905965
P84085,ARF5,0.768112,1.01689,0.620056,0.473223,0.830914
P62330,ARF6,-0.216384,-0.0673525,0.107976,-0.28789,0.250103
P18085,ARF4,0.414402,0.489431,0.192041,0.178549,0.591358
P49703,ARL4D,0.320454,0.0236108,0.494462,0.116014,0.279757
A3KMH1,VWA8,-0.438732,-0.441599,-0.180423,-0.187602,-0.420976
Q9Y240,CLC11,-0.338733,-0.415415,-0.189217,-0.348381,-0.318666
P49720,PSB3,0.264963,0.632546,0.288041,-0.0703387,0.739247
P62805,H4,0.162834,-0.347807,0.453475,0.375396,-0.135154
Q9Y6V7,DDX49,-0.241404,-0.380708,-0.292851,-0.211391,-0.262185
Q8IY21,DDX60,0.210844,0.229023,0.118673,-0.121063,-0.271793
Q5H9U9,DDX6L,-0.147804,-0.208941,-0.0465412,-0.234235,-0.618235
Q9NUQ7,UFSP2,-0.4416,-0.558601,-0.27582,-0.251612,-0.448409
Q8N6M0,OTU6B,0.531332,0.586632,0.21898,0.184505,0.729963
P55199,ELL,-0.115531,0.183146,-0.0921609,-0.0759354,0.0930195
P60174,TPIS,0.403002,0.760815,0.130407,0.07937,0.524196
P61916,NPC2,-0.371049,-0.574255,-0.385991,-0.580487,-0.702057
Q9H3P7,GCP60,-0.24916,0.0928175,-0.189604,-0.259744,0.0864182
P09110,THIK,-0.512096,-0.632344,-0.247298,-0.111149,-0.620384
P98164,LRP2,-0.461379,-0.542588,0.0267596,0.312625,0.708912
O75528,TADA3,-0.287183,-0.306439,-0.199311,-0.136817,-0.221709
P37235,HPCL1,-0.0144062,0.399657,0.324803,0.0736713,0.117128
P30876,RPB2,-0.18226,-0.0521839,-0.0361607,-0.181888,-0.0688102
P23142,FBLN1,-1.07117,-1.63155,-0.502273,-0.467775,-0.453439
P54687,BCAT1,0.777556,0.992362,0.505956,0.509084,1.11119
P19387,RPB3,-0.105409,-0.0838294,-0.135153,-0.227719,-0.239014
P25445,TNR6,-0.066679,-0.0767338,-0.104587,0.287166,-0.0277948
Q9H1X3,DJC25,-0.453357,-0.587407,-0.122312,-0.293496,-0.581959
O75832,PSD10,0.666506,0.73983,0.529794,0.557958,0.839836
Q8N960,CE120,-0.0323482,0.543906,0.0915995,0.406663,0.319362
Q02750,MP2K1,0.725701,0.99,0.491508,0.368067,0.823135
P36507,MP2K2,0.745711,1.00078,0.271544,0.111984,0.561263
Q8NDX6,ZN740,-0.358948,-0.436644,-0.160042,-0.0507622,-0.291503
O95825,QORL1,0.605539,0.874698,0.0611844,0.135539,0.473131
P07195,LDHB,0.470863,0.672784,0.33852,0.265821,0.755398
P00338-3,LDHA,0.742196,0.908026,0.480036,0.37976,0.754869
P00338-2,LDHA,-0.0626738,-0.095156,-0.0100434,-0.0955236,-0.255506
P07864,LDHC,0.634912,0.855726,0.490659,0.322852,0.809498
Q6ZMR3,LDH6A,0.780931,1.06002,0.466145,0.385913,0.788273
Q6P1N0,C2D1A,0.598795,0.75633,0.525288,0.489915,0.268066
A0A7P0Z4M5,A0A7P0Z4M5,-0.258144,-0.670521,0.427876,0.203224,-0.643316
P05423,RPC4,-0.0841699,-0.553924,0.0787725,-0.122894,-0.220288
Q9H5K3,SG196,-0.453025,-0.420244,-0.113051,-0.105803,-0.206106
Q9P2I0,CPSF2,-0.478888,-0.469176,-0.30796,-0.44401,-0.469034
Q86T24,KAISO,-0.137946,0.0580235,0.0844209,0.107437,-0.228798
Q6PIU2,NCEH1,-0.385031,-0.439871,-0.295294,-0.223345,-0.591197
P37802,TAGL2,0.694341,1.03113,0.82907,0.713573,1.01712
P84101,SERF2,0.969708,1.0536,0.880533,0.570277,0.944977
Q9NYB0,TE2IP,-0.0857108,0.00157619,-0.143767,0.0208457,-0.0267959
Q99519,NEUR1,-0.429195,-0.132414,-0.119878,-0.356711,-0.620053
Q8TCB0,IFI44,0.491722,0.795459,0.243277,-0.178122,0.358798
Q9HCM3,K1549,0.172548,-0.205019,-0.0467079,0.390892,0.13973
O75822,EIF3J,0.308919,0.670765,-0.0113409,-0.0183911,0.469885
Q96DX7,TRI44,0.164403,0.153173,0.366249,0.128127,0.317116
P54289,CA2D1,0.0726278,0.212442,0.451396,0.533698,0.253633
Q13277,STX3,-0.0427282,-0.249966,-0.108626,-0.0947104,-0.336952
P05106,ITB3,0.136196,0.190086,0.658028,0.327136,0.208813
Q8WUB8,PHF10,-0.322009,-0.256177,-0.2093,-0.297036,-0.218836
Q9ULJ6,ZMIZ1,-0.129378,0.409226,0.294247,0.0794561,0.602585
Q8NF64,ZMIZ2,-0.206254,0.258282,0.142754,0.0311441,0.363106
P79522,PRR3,-0.467833,-0.377258,-0.0448422,0.0781107,-0.174162
P25940,CO5A3,-0.314079,-0.659925,-0.137229,0.188147,-0.385736
P07954,FUMH,-0.355459,-0.495981,-0.309826,-0.306192,-0.487374
P46939,UTRN,-0.333564,-0.446431,-0.247241,-0.320423,-0.451136
Q9H6S0,YTDC2,0.356337,0.620321,0.424572,0.318202,0.307117
P60953,CDC42,-0.163098,-0.213264,-0.0308015,0.0715361,-0.107577
Q13867,BLMH,-0.191072,0.142881,0.126851,0.0245161,0.420385
Q15370,ELOB,0.528928,0.868081,0.437313,0.470599,0.508399
Q9H6R0,DHX33,-0.388714,-0.517729,-0.255296,-0.124956,-0.294115
P60604,UB2G2,0.105964,0.65967,0.801068,0.617997,0.474543
Q92896,GSLG1,-0.201962,-0.182015,0.195398,0.00833368,-0.537839
Q9UPQ0,LIMC1,0.31477,0.606995,-0.196941,0.00332952,-0.127914
Q96MW1,CCD43,0.677481,0.635667,0.215836,0.400421,0.587713
Q16134,ETFD,-0.537874,-0.76339,-0.117288,-0.325394,-0.912341
Q9UBS9,SUCO,-0.240976,-0.182468,-0.142157,-0.049835,-0.294899
Q96SW2,CRBN,0.349959,0.765464,0.083704,0.197933,0.417448
O14974,MYPT1,0.142325,0.0616231,-0.0202429,-0.0319016,0.0591898
O60237,MYPT2,-0.422156,-0.974538,-0.549716,-0.432778,-0.839703
O15118,NPC1,-0.0967362,-0.0508678,0.20812,0.1924,-0.319249
Q7Z442,PK1L2,-0.731907,-0.208885,-0.267381,-0.20134,-0.279153
P51665,PSMD7,0.136926,0.0584204,-0.140617,-0.24806,0.188606
Q99676,ZN184,-0.439532,-0.333945,-0.39957,-0.1645,-0.249649
O43913,ORC5,-0.216289,-0.224042,-0.0319226,-0.118686,0.065325
Q9Y388,RBMX2,-0.269602,-0.273273,-0.0325801,-0.0669811,-0.21583
Q9NP90,RAB9B,-0.257899,-0.125013,0.360275,0.164117,-0.0358889
P51151,RAB9A,-0.290222,-0.170759,0.162342,0.0593061,-0.219575
Q75N03,HAKAI,-0.757592,-0.903849,-0.502021,-0.517093,-0.732088
Q96J84,KIRR1,-0.0312023,0.543771,0.282189,0.79187,0.0663385
Q9UHD2,TBK1,0.600108,0.808902,0.386355,0.182917,0.492969
P63279,UBC9,0.387552,0.470275,0.477962,0.655019,0.712785
Q96SK2,TM209,-0.471148,-0.462254,-0.24967,-0.250367,-0.565364
Q9H3E2,SNX25,-0.127065,-0.435475,-0.4061,-0.177888,-0.512427
Q6IQ32,ADNP2,-0.183199,-0.406462,0.0861993,-0.0388868,-0.186426
Q9Y223,GLCNE,0.746961,0.900377,0.182225,0.238833,0.515704
Q9NZ63,TLS1,-0.00471497,0.146638,-0.015924,0.0201476,0.173162
Q9UJ14,GGT7,-0.316371,-0.614788,-0.34941,-0.0763946,-0.802792
Q8WU20,FRS2,0.267491,0.133439,0.416167,0.24278,0.310991
Q13643,FHL3,0.611232,1.03149,0.448994,0.641598,0.798041
Q99757,THIOM,-0.629048,-0.528867,-0.291653,-0.0487595,-0.49057
Q9NZ01,TECR,-0.434844,-0.604127,0.129536,-0.200634,-0.129806
Q68CZ6,HAUS3,0.587489,0.95193,0.224338,0.376772,0.61473
Q6PID6,TTC33,-0.0873692,0.634441,-0.045332,0.450026,0.893815
Q9BPX6,MICU1,-0.392017,-0.449892,-0.144423,-0.215138,-0.594836
Q7Z5H3,RHG22,0.754165,0.0370462,-0.0343797,0.240993,0.0930662
Q15345,LRC41,0.0088408,0.488844,0.0602899,-0.271047,0.408692
P06276,CHLE,-0.373325,-0.417353,0.194493,-0.233561,-0.294693
Q9Y291,RT33,-0.0823357,0.0924313,0.506485,0.178948,0.109881
Q10713,MPPA,-0.480575,-0.685354,-0.291122,-0.348701,-0.606945
Q9Y4P1,ATG4B,0.723382,0.940959,0.414948,0.271771,0.701385
Q2KHR3,QSER1,0.0714698,0.0963297,0.38745,0.0986383,0.24898
P05121,PAI1,-0.31286,-0.476291,-0.286137,-0.0463045,-0.25968
Q9HCG8,CWC22,-0.31226,-0.358073,-0.249409,-0.207163,-0.263407
P38936,CDN1A,0.38449,1.16965,0.553226,0.32842,0.651688
Q8TBB5,KLDC4,0.586825,0.72656,0.367601,0.407053,0.570341
Q15007,FL2D,-0.35774,-0.514576,-0.577344,-0.475782,-0.703386
Q99715,COCA1,-0.409686,-0.418208,0.0156252,-0.132597,-0.357113
Q96Q11,TRNT1,0.0308716,-0.0469694,-0.0138867,0.00473714,-0.0501246
Q9UBD5,ORC3,-0.334297,-0.321635,-0.181471,-0.257091,-0.151222
Q8NC51-3,SERB1,0.412913,0.494248,-0.076592,-0.0775547,0.308138
Q8NC51,SERB1,0.671228,0.571637,0.0377181,0.160879,0.327545
Q96KC8,DNJC1,-0.430562,-0.430554,-0.224881,-0.207088,-0.557344
Q9NWK9,BCD1,-0.459241,-0.341596,-0.32228,-0.220964,-0.0617614
O94760,DDAH1,0.664825,0.792993,0.305362,0.252582,0.490014
Q96AG3,S2546,-0.0667965,-0.0928814,0.601124,0.750106,-0.164772
P15408,FOSL2,-0.311262,-0.25373,-0.193533,-0.136391,-0.325108
Q9NVV4,PAPD1,-0.522731,-0.649776,-0.255485,-0.283522,-0.541506
Q6YN16,HSDL2,-0.564229,-0.713968,-0.306033,-0.334016,-0.575169
Q68D10,SPT2,-0.507872,-0.491092,-0.674383,-0.463322,-0.498512
Q99719,5-Sep,0.383921,0.372338,0.14802,0.00628877,0.291669
Q16540,RM23,-0.250506,-0.180214,-0.0692217,-0.101818,-0.369401
Q9NV96,CC50A,0.121996,0.589329,0.288843,0.109859,0.11137
Q05707,COEA1,-0.516239,-0.472108,-0.103118,-0.27863,-0.131396
Q96FV2,SCRN2,0.995966,0.481325,0.560555,0.53528,0.751037
P61769,B2MG,-0.213071,-0.121405,0.260798,0.45496,-0.445026
P56589,PEX3,-0.390323,-0.299592,-0.0531096,-0.143719,-0.406327
Q16832,DDR2,-0.084332,-0.0737605,-0.138329,0.384878,0.348977
Q7Z4H8,PLGT3,-0.38756,-0.616371,-0.368683,-0.386573,-0.468755
O95865,DDAH2,0.766285,0.628447,0.58302,0.403266,0.354735
O43670-2,ZN207,-0.382817,-0.265321,-0.248414,-0.248043,0.140756
Q9H173,SIL1,-0.680848,-0.621573,-0.480704,-0.395521,-0.881518
O76064,RNF8,-0.0486364,-0.483555,-0.538316,-0.191097,-0.456597
O95163,ELP1,0.56689,0.819938,0.248027,0.100467,0.422443
Q9H3L0,MMAD,0.672024,1.01557,0.304272,0.167968,1.26679
Q96RS0,TGS1,0.312302,-0.259619,0.0963802,0.393303,0.207951
Q9H6Q4,CIAO3,0.299255,0.225452,0.380971,0.212943,0.484711
Q5ZPR3,CD276,0.0881295,0.176196,0.169145,0.323508,0.0996513
P04179,SODM,-0.546444,-0.684166,-0.30769,-0.216784,-1.01926
O15056,SYNJ2,0.49546,0.477699,0.202612,0.120128,0.0448079
O95816,BAG2,-0.031086,-0.213875,-0.249584,-0.0871649,-0.184823
Q7L2H7,EIF3M,0.517817,0.860243,0.269542,0.104675,0.689744
Q6ZVM7,TM1L2,0.212438,0.136557,0.35504,0.15036,0.141915
Q8WUA2,PPIL4,0.00465393,0.0066123,-0.14426,-0.00673509,0.111149
Q9H3N1,TMX1,-0.308483,-0.43641,-0.0925941,-0.0711679,-0.302952
O94929,ABLM3,-0.980784,-1.33035,-1.29837,-0.620685,-0.849621
O14639,ABLM1,-0.133476,-0.537628,-0.174437,-0.395285,-0.152167
O60711,LPXN,0.745944,0.649721,0.317927,0.37001,0.614191
Q9H9J2,RM44,-0.350598,-0.333853,-0.248751,-0.228783,-0.375151
Q04760,LGUL,0.651103,0.854316,0.506837,0.48283,0.809347
Q7Z7G8,VP13B,-0.24774,-0.160915,-0.0357342,-0.236337,-0.145788
P82673,RT35,-0.40754,-0.491833,-0.244116,-0.195415,-0.572751
Q9Y3C6,PPIL1,0.0487344,0.236164,0.146898,0.14625,0.142647
Q13418,ILK,0.576491,0.698486,0.295552,0.289163,0.492152
P32969,RL9,0.217099,0.319138,0.188461,0.190372,0.383178
P00918,CAH2,0.773562,0.89044,0.220352,0.235277,0.385798
Q13315,ATM,-0.111005,0.225036,0.0949197,0.0336194,0.247804
G3V4T6,G3V4T6,-0.0341308,-0.0297039,0.0139208,-0.0300424,0.115107
Q96RL1,UIMC1,-0.425565,-0.479107,-0.382896,-0.43682,-0.282582
Q9BRX8,PXL2A,-0.496832,-0.64538,-0.314959,-0.313512,-0.759732
Q9UL03,INT6,-0.435312,-0.323559,-0.251294,-0.283189,-0.305174
Q5JSJ4,INT6L,0.521299,-0.605494,0.158412,-0.50962,-0.341112
P50479,PDLI4,0.614045,0.62463,0.236079,0.178952,0.0794485
O15047,SET1A,-0.42675,-0.451805,-0.391943,-0.473175,-0.537035
Q9NZ53,PDXL2,0.18106,0.420597,0.28573,0.298995,-0.10081
O15372,EIF3H,0.589973,0.927539,0.0761762,0.0766032,0.467897
Q9Y570,PPME1,0.603954,0.844274,0.183465,0.289979,0.612969
Q8WZ64,ARAP2,0.385701,0.428689,0.230191,0.418918,0.662973
Q96HR8,NAF1,-0.0105913,-0.0761743,-0.00230813,-0.0745816,0.385433
O75531,BAF,2.28377,1.58859,1.87847,2.43252,1.91705
Q9Y263,PLAP,0.50978,0.558425,0.0194333,0.085104,0.394722
P35227,PCGF2,-0.435034,-0.488773,-0.3896,-0.343173,-0.603518
R4GMX3,R4GMX3,-0.00290132,-0.20568,-0.065753,0.241371,-0.118524
Q9NY12,GAR1,-0.253257,-0.193871,-0.023905,-0.0689559,-0.0485706
O43301,HS12A,0.156349,0.328915,0.00978637,-0.0670221,0.068743
Q96GG9,DCNL1,1.11558,1.69427,0.694249,0.483749,0.9642
P29279,CCN2,0.0703418,-0.551322,-0.358173,0.298733,0.600033
Q9H3F6,BACD3,-0.193005,0.0742214,-0.55825,-0.426219,-0.310056
O95365,ZBT7A,-0.224986,-0.314101,0.000229836,0.128067,0.083307
Q06330,SUH,-0.0373569,0.00592375,0.0144444,-0.176113,0.0899591
Q96F63,CCD97,-0.000278711,0.227302,0.0750906,-0.213363,0.451317
P30040,ERP29,-0.328843,-0.513286,-0.507587,-0.48636,-0.557673
O15547,P2RX6,-1.27576,0.0138398,-0.777328,-0.415109,-0.870622
Q9UJA5,TRM6,-0.294688,0.0410604,-0.147523,-0.100371,0.209399
P0DP24,CALM2,0.0244007,0.0861075,0.550754,0.780244,0.741719
P02585,TNNC2,0.102929,0.234704,0.635808,0.751401,0.722955
P49902,5NTC,0.853471,1.10891,0.452443,0.279184,0.645596
Q14CZ7,FAKD3,-0.194851,-0.354125,-0.0923939,0.155928,-0.326104
P30041,PRDX6,0.832228,0.937989,0.552632,0.446579,0.680684
Q8NEZ3,WDR19,0.348114,0.758393,0.209715,0.0618207,0.427585
Q8TAD8,SNIP1,-0.615122,-0.651656,-0.949215,-0.830868,-1.22871
Q14393,GAS6,-0.194852,-0.544991,-0.192751,-0.227737,-0.823375
Q9NPJ6,MED4,-0.369075,-0.460288,-0.476028,-0.44658,-0.443142
Q15542,TAF5,-0.319311,-0.37493,-0.164222,-0.356106,-0.267016
Q15291,RBBP5,-0.344167,-0.384019,-0.333879,-0.441331,-0.361941
Q96MG7,NSE3,0.411088,-0.014204,0.191164,0.250909,0.178118
Q9NZV5,SELN,-0.327222,-0.427782,0.0687563,-0.177879,-0.345437
Q8N9M5,TM102,1.16822,0.507996,0.561923,0.0991311,0.229121
Q96EM0,T3HPD,0.876851,1.01486,0.640013,0.593532,0.892765
Q9NWU1,OXSM,-0.530851,-0.615622,-0.246136,-0.480516,-0.555051
Q9UNW1,MINP1,-0.339187,-0.581209,-0.429837,-0.519975,-0.711552
P09382,LEG1,0.116083,0.922726,0.601595,0.751956,0.545607
P07602,SAP,-0.460783,-0.482607,-0.322986,-0.143931,-0.60155
Q9P107,GMIP,0.408845,0.922346,0.338445,0.314511,0.329533
O15370,SOX12,0.549993,0.180176,0.686483,0.409231,-0.0967777
Q6UX15,LAYN,-0.039325,0.395603,0.519128,0.507779,0.242449
A1L0T0,HACL2,-0.501333,-0.565658,-0.151549,-0.20811,-0.574213
P51689,ARSD,-0.00724912,0.0398626,-0.0244479,0.173469,-0.205886
Q9Y2I8,WDR37,0.653189,0.911947,0.381394,0.197096,0.669554
Q6NUK1,SCMC1,-0.140767,-0.269805,0.360867,0.491003,-0.182132
Q8NDZ4,DIK2A,-0.171581,-0.350826,-0.0177841,0.0120292,-0.151471
P13693,TCTP,0.823972,1.10383,0.481779,0.439721,0.878947
O75147,OBSL1,0.256954,0.301137,0.298029,0.290663,0.402145
Q92543,SNX19,-0.00810242,-0.309037,0.390517,1.06809,0.785952
Q5T4F4,ZFY27,-0.33089,-0.219744,-0.00560665,-0.228687,-0.211997
Q6GYQ0,RGPA1,0.0388999,1.05583,-0.100211,-0.20496,-0.06355
P51570,GALK1,0.779239,0.701104,0.287016,0.313124,0.587108
Q9UBS4,DJB11,-0.36132,-0.486874,-0.335147,-0.361396,-0.611878
O60884,DNJA2,0.292415,0.145983,0.0315659,0.0765266,0.385005
Q14126,DSG2,0.296877,0.159643,0.0921175,0.240239,0.18083
Q9BZK7,TBL1R,-0.215488,0.0699112,-0.112097,-0.374313,0.0918312
O60907,TBL1X,-0.374135,-0.304136,-0.193312,-0.325496,-0.183261
Q7Z2T5,TRM1L,-0.538521,-0.474059,-0.467251,-0.423217,-0.421602
E5RGZ6,E5RGZ6,-0.379539,-0.490103,-0.386466,-0.159098,-0.622574
Q96CB9,NSUN4,-0.596891,-0.730623,-0.488029,-0.391752,-0.843309
P19021,AMD,-0.383691,-0.084919,0.291488,0.102899,-0.490411
Q9UG63,ABCF2,0.609709,0.862758,0.320805,0.416264,0.75568
Q92997,DVL3,0.245747,0.236466,-0.071064,-0.117471,-0.00869346
O14640,DVL1,0.000198364,0.046628,0.315092,-0.310092,-0.493698
O14641,DVL2,1.21434,0.484101,0.0593753,-0.473842,0.317361
Q99728,BARD1,-0.544514,-0.442285,-0.416341,-0.148229,-0.387318
Q92504,S39A7,-0.591656,-0.575299,-0.236738,-0.248376,-0.545178
P51606,RENBP,1.16018,0.0766923,0.041081,-0.427382,0.311748
Q05048,CSTF1,-0.124779,-0.263822,-0.220693,-0.184166,-0.135463
P49768,PSN1,0.325567,-0.0464449,0.429133,0.667696,0.109321
Q14686,NCOA6,-0.268928,-0.627975,-0.096694,-0.499966,-0.557679
Q9GZY4,COA1,-0.119486,-0.188206,0.181213,0.511799,-0.0958326
Q15061,WDR43,-0.605415,-0.665591,-0.297305,-0.16719,-0.388641
Q8WUP2,FBLI1,0.851606,0.774837,0.476625,0.496907,0.87647
Q9NRM2,ZN277,-0.0532126,-0.0972066,0.330286,0.184636,0.588221
Q9NRX1,PNO1,-0.163604,-0.346968,-0.107918,-0.00970793,0.223212
P25685,DNJB1,0.483048,0.277916,-0.163056,0.043272,0.459802
Q9UDY4,DNJB4,0.245211,-0.074604,0.371255,0.477663,0.800993
O14867,BACH1,-0.34751,-0.308425,-0.262098,-0.314107,-0.298626
Q9BYT8,NEUL,-0.174027,-0.141243,-0.0523899,-0.130584,-0.135703
P28072,PSB6,0.101579,0.203026,0.0367827,-0.233676,0.443932
P28065,PSB9,0.167504,0.289876,-0.0828161,-0.182781,-0.0394299
Q9H488,OFUT1,-0.354789,-0.501944,-0.363542,-0.3711,-0.452184
Q6NZY4,ZCHC8,-0.326185,-0.32956,-0.374749,-0.342359,-0.243084
Q14197,ICT1,-0.292756,-0.489496,-0.144759,-0.111997,-0.539978
O15265,ATX7,-0.396084,-0.577613,-0.694991,-0.0929439,-0.640676
Q14739,LBR,-0.224551,-0.32563,0.0304036,0.0669172,-0.222849
Q96D53,COQ8B,-0.593129,-0.644666,-0.397287,-0.0912148,-0.999107
Q9GZZ1,NAA50,0.897981,1.26377,0.630111,0.568793,1.19709
Q8IXM3,RM41,-0.233946,-0.269023,-0.0887997,-0.141248,-0.436512
Q96MP8,KCTD7,0.319058,1.21479,0.945679,0.348286,0.893338
Q9BV20,MTNA,0.637329,0.577211,0.0812383,0.146637,0.389057
O60830,TI17B,-0.740729,0.107619,-0.0471771,-0.56853,-0.963523
Q8TAD4,ZNT5,-0.313113,-0.210902,0.0135031,0.0411255,-0.137237
P82970,HMGN5,-0.401655,-0.424917,-0.417541,-0.381671,-0.399771
Q5JSK9,Q5JSK9,-0.407463,-0.231433,0.431927,0.266899,0.915558
Q4G0P3,HYDIN,-0.31148,-0.152495,0.688771,0.335064,0.627203
P49915,GUAA,0.333781,0.810377,0.36654,0.357954,0.767814
Q9UNN5,FAF1,0.322725,0.243644,0.20731,0.172084,0.478918
Q08J23,NSUN2,-0.165497,0.130237,-0.0266089,0.0184741,0.354775
Q9BYD3,RM04,-0.401718,-0.464097,-0.156959,-0.256871,-0.416703
Q9NYC9,DYH9,-0.225363,-0.0998938,-0.136932,-0.122397,-0.126871
P62829,RL23,0.435385,0.691308,0.374259,0.37539,0.721315
J3KT29,J3KT29,-0.561951,-0.855864,-0.497386,-0.729848,-0.581134
Q6PIJ6,FBX38,-0.129242,0.0207856,-0.118799,-0.128789,-0.0666664
Q9UHA4,LTOR3,1.57373,0.694031,1.09791,0.801356,0.797281
P55210,CASP7,0.641151,0.761174,0.316397,0.34275,0.582475
O00625,PIR,0.687105,0.681736,0.108914,0.12283,0.276625
P63098,CANB1,0.714587,0.970268,0.552234,0.684918,0.861205
Q8IW50,F219A,-0.580436,-0.401258,-0.107066,0.329523,-0.463926
Q9UJY1,HSPB8,0.485495,0.393957,0.467672,0.617087,0.851082
P42224,STAT1,0.657885,0.795706,0.285028,-0.0429628,0.10451
P42224-2,STAT1,-0.278612,-0.721687,-0.405172,-0.165054,-0.203238
Q99547,MPH6,-0.0346465,-0.146881,-0.211381,-0.145451,-0.0726039
P48509,CD151,-0.120829,0.405391,-0.0392761,0.137644,0.437984
Q12907,LMAN2,-0.247595,-0.359496,-0.0511136,-0.0134983,-0.246599
O75586,MED6,-0.413459,-0.493139,-0.750403,-0.753102,-0.808716
Q9BYC5,FUT8,0.081753,-0.0768638,0.0545218,-0.0224521,-0.227629
Q8N5C7,DTWD1,0.868274,1.47814,0.344312,-0.286022,1.58589
Q15287,RNPS1,-0.381803,-0.567789,-0.305221,-0.29462,-0.44458
Q96HY7,DHTK1,-0.48926,-0.772449,-0.216094,-0.438111,-1.01207
Q9Y4E5,ZN451,-0.2797,-0.384404,-0.386501,-0.200441,-0.218269
Q8N302,AGGF1,-0.0485907,-0.00483274,-0.455648,-0.226948,-0.236766
Q8N8E3,CE112,0.898943,0.567096,0.490023,0.481552,0.844682
Q8TCN5,ZN507,-0.3831,-0.32641,-0.0421629,0.26011,0.15762
P23327,SRCH,-1.31818,-0.923735,-1.57244,-1.51052,-1.14321
Q8WUH6,TM263,0.794042,0.772016,0.328292,0.594286,0.839169
Q8NFQ8,TOIP2,-0.31019,-0.327118,-0.0481939,-0.0340905,-0.23587
Q96RS6,NUDC1,0.611182,0.850049,0.286113,0.249928,0.729026
Q08257,QOR,-0.310192,-0.33718,-0.150736,-0.25418,-0.253095
Q9BV79,MECR,-0.512584,-0.617037,-0.392262,-0.207415,-0.73639
O60238,BNI3L,1.17335,0.161265,1.38498,1.02238,0.114794
Q8IVH4,MMAA,-0.329604,-0.334056,-0.286206,-0.306012,-0.699103
Q7L592,NDUF7,-0.480568,-0.68505,-0.231757,-0.335188,-0.650887
P63167,DYL1,0.234915,0.246494,0.572765,0.590345,0.397947
Q96FJ2,DYL2,0.12702,0.387856,0.188874,0.140753,0.523752
O75368,SH3L1,0.780403,1.15339,0.653976,0.553963,0.866873
O95721,SNP29,0.199783,-0.000606298,0.0823553,0.327785,0.0711129
Q8N9R8,SCAI,0.104164,-0.239599,0.138546,0.125903,0.0493708
P36969,GPX4,0.432774,0.7444,0.328676,0.318356,0.403715
Q05D32,CTSL2,-0.259953,-0.418226,-0.0436215,0.0462167,-0.205069
Q06055,AT5G2,0.141948,0.176524,0.711224,0.953241,0.0783494
Q6NYC8,PPR18,-0.187038,-0.138478,0.0693486,-0.00360179,0.383512
O95249,GOSR1,-0.29949,-0.196887,-0.177552,-0.128138,-0.0566704
Q08AF3,SLFN5,-0.199251,-0.0271485,-0.129265,-0.0630355,0.0342252
P50440,GATM,-0.325117,-0.530595,-0.145029,-0.19903,-0.166524
P30740,ILEU,0.558381,0.894765,0.34661,0.285564,0.543313
P37173,TGFR2,-0.0960159,0.153076,0.174491,0.0725012,0.143865
Q9H814,PHAX,0.0409112,0.276713,0.0765512,0.151004,0.648327
Q9BPU6,DPYL5,0.0156929,-0.170537,0.236676,0.130818,0.269945
Q86YJ5,MARH9,-0.197798,-0.0274987,0.184679,-0.147337,-0.120977
P46777,RL5,0.209871,0.262145,0.0850704,0.131323,0.255084
Q8N999,RLIG1,0.794967,1.17795,0.579936,0.551322,0.854383
Q9UHQ9,NB5R1,-0.0864913,-0.166761,0.601936,0.587893,-0.109199
Q9UBL3,ASH2L,-0.310961,-0.430738,-0.270281,-0.345197,-0.40205
Q8NAV1,PR38A,-0.825255,-1.16896,-0.583373,-0.536492,-0.664872
Q9Y2H1,ST38L,0.0321882,0.567383,0.36008,-0.1914,0.563587
Q15208,STK38,0.585286,1.01292,0.310296,0.237856,0.557595
P49841,GSK3B,0.35351,0.50662,0.240541,0.225064,0.508162
P49840,GSK3A,0.82886,1.11875,0.0490396,0.176844,0.314708
Q9C035,TRIM5,0.402408,0.950737,0.0789905,0.0140369,0.561846
P31641,SC6A6,-0.603629,-0.682302,-0.664717,-0.778613,-0.886713
Q96KP4,CNDP2,0.709578,1.0549,0.369974,0.347529,0.729967
Q9C0D3,ZY11B,-0.101228,0.21017,-0.0603168,-0.270631,0.295521
Q8N2H3,PYRD2,0.133613,-0.123783,0.252952,0.0799451,-0.306352
P07858,CATB,-0.607318,-0.70601,-0.335383,-0.385881,-0.752595
Q9H832,UBE2Z,0.627379,0.776004,0.403705,0.345031,0.712775
P61081,UBC12,0.550677,0.835942,0.249413,0.350927,0.705974
Q8NI08,NCOA7,0.45805,0.579184,0.0976386,0.135662,0.174986
Q12788,TBL3,-0.392004,-0.576436,-0.180962,-0.0127158,-0.28105
P50135,HNMT,0.803938,1.01475,0.248505,0.348589,0.894837
Q14999-2,CUL7,0.389199,0.450181,0.0745087,0.183223,0.0327144
Q8IWT3,CUL9,2.72522,1.65965,0.765427,1.21457,0.896599
P62753,RS6,0.907613,1.04978,0.462029,0.547314,0.841798
Q96DR8,MUCL1,-0.10305,-1.0987,0.754638,0.854037,0.797007
P47755,CAZA2,0.337767,0.479202,0.176644,0.0217872,0.233868
P52907,CAZA1,0.397423,0.40065,0.105777,0.138682,0.299472
Q16695,H31T,0.14469,-0.355979,0.557947,0.395534,0.0289929
P84243,H33,0.0539303,0.00196767,0.428797,-0.112428,-0.0333834
Q9H8T0,AKTIP,0.459802,0.487557,0.151449,0.0188723,0.420715
Q8WVS4,DC2I1,-0.417556,0.303105,1.03027,0.167087,0.097127
Q14CX7,NAA25,0.6193,0.806636,0.142784,0.0984862,0.473718
P62854,RS26,0.851149,1.09668,0.744713,0.64547,1.15618
Q13573,SNW1,-0.529653,-0.68941,-0.433255,-0.374142,-0.689729
Q9BVS5,TR61B,-0.531976,-0.722021,-0.42848,-0.438811,-0.793184
Q9BX66-12,SRBS1,-0.190801,-0.356754,-0.197089,-0.143624,-0.475112
Q13405,RM49,-0.200457,0.0940645,0.700655,0.702778,0.654184
Q9NYV6,RRN3,0.0835893,0.234281,-0.152241,0.250208,0.0859795
Q92882,OSTF1,1.19699,1.5128,0.369138,0.512066,0.444571
Q53H47,SETMR,-0.197677,-0.225935,0.329507,0.207329,-0.473378
P21397,AOFA,-0.305878,-0.417684,-0.0539458,0.0407484,-0.553049
P06213,INSR,0.270391,0.459317,0.538714,0.43751,0.132614
P08069,IGF1R,0.309839,0.0408008,0.59961,0.491661,0.409206
P32004,L1CAM,0.0473676,-0.278374,0.356453,0.585939,-0.0183578
Q96EX1,SIM12,-0.358801,0.116377,0.292737,0.168608,0.0575328
Q15800,MSMO1,-0.622515,-0.458188,-0.133366,-0.361922,-0.214017
Q9UNA4,POLI,-0.518639,-0.144191,0.317489,0.111373,-0.186605
Q86W50,MET16,-0.12381,0.0274954,-0.0895257,-0.128215,0.296725
L0R6Q1,S35U4,-0.422858,-0.326461,-0.0161722,-0.0338535,-0.389141
Q99571,P2RX4,0.0659573,0.239683,0.558266,0.480958,-0.144656
A0A087WX80,A0A087WX80,-0.115963,-0.29713,-0.197013,-0.505527,-0.610745
Q9Y3T6,R3HC1,0.714852,0.678571,0.285526,0.380069,0.502534
Q99714,HCD2,-0.554807,-0.664396,-0.273774,-0.25913,-0.520374
Q8WU76,SCFD2,-0.254843,-0.24249,0.0538046,-0.0162513,-0.113773
P23141,EST1,-0.244411,-0.59742,-0.307495,-0.243842,-0.390446
Q92966,SNPC3,-0.247481,-0.108823,-0.240657,0.251774,0.622194
O43427,FIBP,0.0527356,0.116789,0.147518,0.0460715,-0.0718577
O95259,KCNH1,0.0905313,-0.0233095,-0.00883985,0.20982,-0.129098
Q9NY61,AATF,-0.271722,-0.213811,-0.276284,-0.208709,-0.395882
Q9P0J7,KCMF1,0.199639,-0.224567,-0.149557,-0.0567577,-0.167287
P19474,RO52,0.537342,0.632271,0.084163,0.141935,0.229853
Q5T4S7,UBR4,0.652259,0.813825,0.227402,0.143449,0.418896
Q8TDY2,RBCC1,0.176345,0.0921996,-0.0486908,-0.129582,-0.0739758
Q58WW2,DCAF6,0.303761,0.227483,0.262962,-0.075052,0.290597
Q9UIF8,BAZ2B,-0.313531,-0.267399,-0.188289,-0.221087,-0.271318
P55072,TERA,0.00739121,0.123943,-0.0601635,-0.109074,0.111568
Q8N6G5,CGAT2,-0.408011,-0.458702,-0.32872,-0.191189,-0.476876
Q13432,U119A,0.416744,0.56166,0.22924,-0.0281024,0.27114
Q9NP64,ZCC17,-0.16389,-0.492071,-0.275881,-0.296115,-0.463516
P60903,S10AA,-0.272787,0.520849,-0.0633969,0.0187769,-0.627156
Q9NYK6,EURL,0.0876195,0.998867,-0.743387,-0.288408,-0.0317507
Q9H3K6,BOLA2,0.770728,0.811389,0.69168,0.704883,1.08038
Q32NB8,PGPS1,-0.765681,-0.299569,-0.165884,-0.355463,0.152318
Q8TCZ2,C99L2,-0.41198,-0.308476,0.105597,0.00894618,-0.211098
Q9NUY8,TBC23,0.188943,0.529645,0.11262,0.00475907,0.393725
P09497,CLCB,0.304947,0.422258,0.244554,0.266385,0.47377
Q9BVL4,SELO,-0.146636,-0.0291672,-0.0303462,0.0471954,-0.566206
Q86WA8,LONP2,-0.562223,-0.242893,-0.0876679,-0.262795,-0.483987
Q13772,NCOA4,0.319162,1.11869,-0.0640311,0.234573,0.60304
Q6UX53,TMT1B,-0.527685,-0.592109,-0.347035,-0.391015,-0.99023
Q53GL0,PKHO1,0.215216,0.183824,0.64773,0.137142,-0.724211
O00629,IMA3,-0.128937,-0.150848,-0.26263,-0.149147,-0.14143
O00505,IMA4,-0.189505,-0.264078,-0.377082,-0.249767,-0.0557177
Q8IZM8,ZN654,-0.534478,-0.426027,-0.393786,-0.334979,-0.42582
Q9BV38,WDR18,-0.384574,-0.30884,-0.1539,-0.249192,-0.329321
O15455,TLR3,-0.407334,-0.435348,-0.162196,-0.26529,-0.570673
P38571,LICH,-0.129525,-0.0806584,-0.235543,-0.304559,-0.0484095
Q9NY97,B3GN2,0.416113,0.13959,-0.310969,0.462651,1.11229
Q9Y3I1,FBX7,0.93846,0.0251176,-0.0472569,0.465194,0.45356
Q5VWJ9,SNX30,0.374243,0.36822,-0.138046,-0.262211,0.0564702
O95402,MED26,-0.463186,-0.485472,-0.34098,-0.480185,0.0893288
Q9Y6K1,DNM3A,-0.377495,-0.310986,-0.0262859,0.0938227,-0.0647738
Q96T83,SL9A7,-0.0662928,0.0329039,0.290848,0.387637,0.386995
Q13740,CD166,0.263189,0.0648258,0.555841,0.786338,0.390908
O60921,HUS1,0.158042,0.438228,0.0556095,0.0454388,0.487556
Q8NB66,UN13C,0.525027,0.884098,0.591143,0.488091,0.755569
Q15572,TAF1C,0.0405116,0.0952551,0.102721,-0.119031,0.0206888
O43157,PLXB1,-0.0935266,-0.0568452,0.366436,0.434246,0.00497961
Q9P0I2,EMC3,-0.44095,-0.555335,-0.347387,-0.238104,-0.563998
Q9NYQ7,CELR3,0.146902,0.355476,0.332394,0.0513308,-0.540964
Q7Z6K3,PTAR1,0.472663,0.72702,0.566565,0.343179,0.615377
Q6GMV2,SMYD5,0.31599,0.598081,0.275477,0.239388,0.696318
Q9UJ41,RABX5,0.655778,0.703349,0.114063,0.309,0.563556
Q9NZN5,ARHGC,-0.104687,-0.239099,-0.249514,-0.27342,-0.273776
Q9UNS1,TIM,-0.190148,0.307205,0.180743,0.638008,0.702549
P36897,TGFR1,-0.295676,-0.206672,0.208077,0.0684247,0.0723789
P32519,ELF1,-0.423288,-0.308859,-0.530605,-0.260396,-0.345935
Q13131,AAPK1,0.377968,0.77125,0.174628,0.170355,0.361253
P54646,AAPK2,0.353045,-0.155557,-0.198149,-0.659694,0.0111938
Q9NS91,RAD18,-0.196726,0.153263,0.178792,0.246961,0.325398
Q92665,RT31,-0.221456,-0.388909,-0.159698,-0.11394,-0.42199
Q86UY8,NT5D3,-0.0118139,-0.0251763,0.233058,-0.125649,0.17986
H0YB13,H0YB13,-0.141564,-0.327547,-0.521292,-0.339743,0.334274
O76061,STC2,-0.202258,-0.166932,-0.182994,-0.0348904,-0.703914
Q9NS86,LANC2,0.386469,0.888309,0.639325,0.38785,1.13297
Q8NE86,MCU,-0.095439,-0.000944376,0.202354,0.2895,-0.0348868
Q9NVU7,SDA1,-0.423071,-0.572995,-0.545335,-0.388907,-0.344049
P49755,TMEDA,-0.413703,-0.71225,-0.21653,-0.169877,-0.511277
P08842,STS,-0.272367,-0.470652,-0.108995,-0.246858,-0.460868
P15144,AMPN,0.11361,0.108136,0.248692,0.000271082,0.0805221
P45379,TNNT2,-0.585165,-0.622264,-0.678154,-1.18198,-0.966023
P00492,HPRT,0.569124,0.684335,0.215191,0.359882,0.523559
Q6VY07,PACS1,0.514448,0.362156,0.33685,0.187522,0.377323
Q86VR2,RETR3,-0.31459,-0.143395,-0.296926,-0.401121,-0.586855
Q15311,RBP1,0.34125,0.436262,0.116126,0.163545,0.280429
Q92989,CLP1,-0.124718,-0.076021,-0.0704031,-0.163201,0.0843413
Q6QNY0,BL1S3,0.836084,1.05253,0.397259,0.354518,0.680719
O60566,BUB1B,0.171173,0.245733,0.130433,0.0866945,0.298826
Q96QU8,XPO6,0.413807,1.17985,0.357394,0.357784,0.620719
Q9P013,CWC15,-0.112783,-0.362826,-0.557646,-0.486521,-0.608643
Q96AX1,VP33A,0.468583,0.669158,0.143771,0.136227,0.462486
P55042,RAD,1.15203,1.48394,0.824239,0.745832,1.01536
Q5T4D3,TMTC4,-0.210142,-0.427344,-0.310306,-0.306746,-0.371832
P14210,HGF,-1.61283,-1.38963,-0.723552,-1.55526,-1.3111
Q9BRV8,SIKE1,0.157008,0.170093,0.335657,0.815867,0.115775
Q5VTQ0,TT39B,0.597869,1.47024,0.418752,0.741305,1.06298
O60825,F262,0.593974,0.980467,0.44213,0.543482,0.953746
Q16875,F263,0.518913,1.21065,0.510262,0.454752,0.599095
Q9C086,IN80B,-0.275943,0.0321684,0.0529501,0.0178728,0.0261626
Q9UM00,TMCO1,-0.256158,-0.375748,-0.0705435,-0.0443242,-0.279677
Q13190,STX5,-0.177951,-0.246933,-0.0810163,-0.163734,-0.249664
Q9P2B4,CT2NL,0.576525,0.7204,-0.0630322,0.0478966,0.22
Q15596,NCOA2,-0.235237,-0.126901,-0.288233,-0.236152,-0.0535855
Q9GZP4,PITH1,0.534179,0.367964,0.288204,0.304654,1.0493
Q96QC4,Q96QC4,-0.124531,0.153301,-0.0847585,-0.19769,-0.420089
Q96DD7,SHSA4,0.426169,1.54916,0.633018,0.253226,0.356261
Q96C86,DCPS,0.371065,0.861502,0.292352,0.370399,0.730775
P07902,GALT,0.971806,0.533525,0.340066,0.347273,0.591149
Q14919,NC2A,0.280114,0.621807,0.274732,0.375658,0.554779
P13984,T2FB,0.017436,0.45123,0.0253928,0.0818267,0.458171
P51617,IRAK1,0.0443347,0.580801,0.260996,0.200707,0.589801
Q9Y4X5,ARI1,0.606308,1.0087,0.169051,0.240448,0.564196
Q92611,EDEM1,0.199799,0.417115,0.295043,0.183862,0.451396
Q96CM3,RUSD4,-0.415351,-0.279359,-0.230139,-0.224573,-0.456652
Q96S15,WDR24,0.322761,-0.0105784,-0.385202,-0.50673,-0.427836
Q8N4V1,EMC5,-0.38313,-0.518683,0.0412436,0.00387526,-0.488492
Q5BJD5,TM41B,-0.558413,-1.22159,-0.968664,-0.929265,-0.921835
O96007,MOC2B,0.955787,0.538885,-0.0944529,-0.12737,0.342768
Q96A33,CCD47,-0.429916,-0.700177,-0.39483,-0.255371,-0.644461
Q96FC9,DDX11,-0.143986,0.658236,0.583655,0.655315,0.68601
P07384,CAN1,0.833846,1.06649,0.602654,0.475237,0.713483
Q9UHR5,S30BP,-0.438696,-0.551702,-0.496537,-0.255954,-0.508247
Q9NWT1,PK1IP,-0.53524,-0.460214,-0.280438,-0.256926,-0.254472
Q9HCN4,GPN1,0.746885,1.66353,-0.150068,0.608103,0.460637
Q9BZF2,OSBL7,0.165163,0.266005,0.150234,0.157523,0.0773916
Q9Y262,EIF3L,0.593954,0.809625,0.197395,0.0730169,0.528254
P62841,RS15,0.628364,0.732107,0.295873,0.349892,0.570373
Q8TCT7,SPP2B,-0.213357,-0.0786061,-0.033879,0.101629,-0.543663
P35270,SPRE,-0.0918677,-0.00655961,0.0690727,0.0888205,-0.0448852
A0AA34QVL7,A0AA34QVL7,0.0811853,0.344348,-0.0852528,0.0224407,0.249523
Q9BQ70,TCF25,0.0416226,0.011276,-0.125386,0.0111558,-0.438983
Q03154,ACY1,0.866902,1.14878,0.477722,0.624868,1.01702
O15371,EIF3D,0.518828,0.79409,0.193606,0.0374002,0.468481
P09958,FURIN,-0.42077,0.0860126,-0.318249,-0.17912,-0.624798
Q9UN76,S6A14,-0.286954,-0.273779,0.0531297,0.0971453,0.160278
Q9Y314,NOSIP,0.119404,0.65709,0.147647,0.0443926,0.592963
Q9BW66,CINP,0.46381,0.61767,0.210264,0.201243,0.593111
Q8NHP6,MSPD2,-0.369893,-0.648549,-0.385703,-0.340114,-0.462596
Q5T160,SYRM,-0.32471,-0.49573,-0.242,-0.223286,-0.402101
Q15404,RSU1,0.683524,0.686045,0.207489,0.206964,0.520851
O75665,OFD1,0.546279,0.554598,0.12797,0.187069,0.134456
P61086,UBE2K,0.4629,0.711131,0.344263,0.334327,0.666932
Q9UKY4,POMT2,-0.325865,-0.436478,-0.007617,-0.0495892,-0.529048
Q9BXS6,NUSAP,-0.190207,-0.113634,-0.325613,0.276047,0.0585647
Q86TC9,MYPN,0.464813,0.445596,0.362854,0.35172,0.449874
P29728,OAS2,0.343813,0.584086,0.230294,-0.122726,0.0693169
P30536,TSPO,0.301619,0.171425,1.01656,1.0564,0.726023
Q3T906,GNPTA,0.181084,0.182683,-0.0224395,-0.0192661,-0.0274396
Q9UBW7,ZMYM2,-0.418092,-0.410401,-0.129496,-0.433871,-0.507627
P26196,DDX6,0.316612,0.313381,0.103282,0.0316238,0.464509
Q8TCU6,PREX1,0.532483,0.0663078,0.0873637,0.166,0.667614
Q7Z3U7,MON2,0.86328,0.888354,0.379812,0.174637,0.648185
Q15121,PEA15,0.786975,1.11126,0.973733,0.926764,1.23647
Q9BV86,NTM1A,0.4277,0.277323,0.213423,-0.0682476,0.439927
Q9P225,DYH2,-0.446815,-0.386664,0.0257146,-0.145479,-0.137829
Q96MT1,RN145,-0.272457,0.279292,0.17798,0.0424249,-0.625772
P60006,APC15,-0.30991,-0.0268459,-0.322217,-0.461794,-0.311556
Q96JK2,DCAF5,-0.527251,-0.557968,-0.448465,-0.917776,-0.849795
O14492,SH2B2,0.48085,0.723644,0.326182,0.36225,0.323533
O43759,SNG1,0.358685,0.748005,1.48046,0.477633,0.847875
Q15776,ZKSC8,-0.206678,0.216885,-0.0108235,-0.0410187,-0.168952
Q8IX18,DHX40,-0.0543928,0.141729,0.279425,-0.0822036,0.413732
Q5T5C0,STXB5,-0.55899,0.229167,-0.100384,-0.281245,0.206847
O75340,PDCD6,0.160165,0.232988,0.249038,0.299106,0.115077
Q9H0P0,5NT3A,-0.272461,-0.143175,-0.242277,-0.0760427,-0.322971
Q8N8N7,PTGR2,0.373115,0.865276,0.383121,0.118916,0.635652
Q4KMG0,CDON,0.283036,0.0785103,0.12963,0.219348,-0.341271
Q8N3F8,MILK1,0.469932,0.481604,0.327347,0.377332,0.638499
Q6RFH5,WDR74,-0.444156,-0.453186,-0.0375304,0.0278697,-0.198177
P52735,VAV2,0.519862,0.591102,0.269649,0.407877,0.487151
Q9NUU6,OTULL,-0.271547,-0.372794,-0.206819,0.0807943,-0.167543
P57768,SNX16,-0.0527108,0.337013,-0.0166693,-0.150478,0.116975
Q8TCT9,HM13,-0.228606,-0.383435,0.0363724,0.0223935,-0.219789
Q15397,PUM3,-0.446513,-0.496423,-0.138832,-0.0481417,-0.142808
Q96NY9,MUS81,-0.263354,-0.190297,-0.0829892,0.00402093,-0.0891011
Q15427,SF3B4,-0.353545,-0.214266,0.0214491,0.0841434,-0.0327725
Q6P161,RM54,-0.649602,-0.730216,-0.288057,-0.315305,-0.700271
Q9P2G1,AKIB1,0.320849,0.66392,0.473359,0.154526,0.379738
Q9UHL9,GT2D1,0.32016,-0.739893,0.0688543,0.83484,-0.411044
Q92805,GOGA1,-0.256594,-0.151046,-0.447963,-0.34073,-0.600446
Q96BP3,PPWD1,-0.15389,0.0525188,-0.184154,-0.226431,-0.129506
Q14494,NF2L1,-0.137104,0.294338,-0.0531106,0.167841,-0.0755546
P82675,RT05,-0.527363,-0.502136,-0.180265,-0.138609,-0.427531
Q2NKJ3,CTC1,0.00481772,-0.639594,-0.488172,-1.01399,0.721355
Q3B726,RPA43,-0.459717,-0.791837,-0.337147,-0.454532,-0.496768
O00165,HAX1,-0.214481,-0.1625,-0.0551431,0.00487018,-0.443583
O43739,CYH3,0.311847,0.246305,-0.0164208,-0.0124094,0.0985813
Q15438,CYH1,0.637095,0.2232,-0.364008,-0.389399,-0.0415649
Q9Y2G8,DJC16,-0.685443,-0.810437,-0.477758,-0.530218,-0.893611
Q5H8A4,PIGG,-0.3678,-0.406989,-0.164258,-0.0698075,-0.350409
Q9H6K1,ILRUN,0.3872,0.0381095,0.343143,0.538743,0.34717
Q9Y303,NAGA,0.154314,0.220921,0.102446,0.00409746,0.232726
Q92628,K0232,0.424957,0.46648,0.63481,0.174121,-0.0369861
Q13613,MTMR1,0.257193,0.237127,0.514304,0.123766,0.475473
P25391,LAMA1,-0.336674,-0.497354,-0.0156491,-0.0421264,-0.329085
A0A8V8TMS3,A0A8V8TMS3,0.0859203,-0.18714,0.237002,0.419353,0.451716
Q8WWV3,RT4I1,-0.343309,-0.464544,-0.265344,-0.378543,-0.844918
Q5BJF2,SGMR2,-0.612215,-0.478004,0.104047,-0.0219736,0.0248315
Q7L5D6,GET4,0.293856,0.429749,0.110492,0.0180008,0.520789
Q96EP5,DAZP1,-0.260272,-0.228147,-0.159452,-0.145259,-0.233924
O75616,ERAL1,-0.334851,-0.328226,-0.548191,-0.57418,-0.534611
O00584,RNT2,-0.362794,-0.454692,-0.0584033,-0.313987,-0.753691
O95677,EYA4,0.362604,0.65028,0.407952,0.465068,0.347202
Q8N488,RYBP,-0.305581,-0.236649,-0.422328,-0.305931,-0.162551
P49593,PPM1F,0.516156,0.533106,-0.0305376,0.175512,0.425527
P47985,UCRI,-0.0450361,-0.280349,0.476113,0.658495,-0.170979
Q86UK5,LBN,0.413243,0.631226,-0.0028758,0.0210466,0.483795
P55212,CASP6,0.458315,0.647392,0.160126,0.314487,0.363436
P42574,CASP3,0.93911,1.47563,0.91388,0.556549,1.25316
Q96EN8,MOCOS,0.651087,1.47374,0.524797,0.205151,0.99906
Q9BTD8,RBM42,-0.457117,-0.482365,-0.426599,-0.352506,-0.434629
O95260-2,ATE1,0.512817,0.311085,0.55213,0.122498,0.460372
Q8NEY8-2,PPHLN,-0.458402,-0.617054,-0.308025,-0.230389,-0.562994
Q01831,XPC,-0.225559,-0.574777,-0.500147,-0.393668,-0.812125
Q16537,2A5E,0.423666,0.299926,0.14921,0.340365,0.438068
Q15173,2A5B,0.530619,0.454747,0.405242,0.195288,0.625213
Q9UJJ9,GNPTG,0.0944936,-0.351851,-0.055675,0.4019,-0.165178
Q96JB2,COG3,0.265444,0.411369,-0.246076,-0.206947,0.0541537
Q5SRI9,MANEA,0.162938,0.318118,0.0859447,-0.0230975,-0.097049
P01019,ANGT,-0.42693,-0.573265,-0.205298,0.0871119,-0.0373976
Q15005,SPCS2,-0.152003,-0.377932,-0.138199,-0.0612586,-0.424314
Q8IZQ1,WDFY3,0.360384,0.231627,0.295505,0.521399,-0.0419021
Q86UL3,GPAT4,-0.55597,-1.01378,-0.518508,-0.339312,-0.986965
Q9BVA0,KTNB1,0.492556,0.0827961,0.241037,0.0140319,0.447173
Q8TF39,ZN483,-0.113988,-0.940118,-0.414603,-0.804675,-0.258266
Q15428,SF3A2,-0.582587,-0.708186,-0.375357,-0.520113,-0.378605
Q13873,BMPR2,-0.56794,-0.596309,-0.799612,-0.877065,-0.582078
O14874,BCKD,-0.682839,-0.820117,-0.378422,-0.290833,-0.706307
Q9UBP4,DKK3,-0.364276,-0.0269399,0.00056076,-0.23601,-0.477784
O95139,NDUB6,0.128267,-0.143808,0.462842,0.439586,0.100666
P42566,EPS15,0.399962,0.371846,0.111419,-0.0438845,0.114558
Q9GZR1,SENP6,-1.0654,-2.01443,-0.232684,-0.490308,-0.503994
Q99743,NPAS2,0.138101,0.232339,0.223383,-0.160028,-0.0285885
P61758,PFD3,0.668662,0.772346,0.187534,0.185145,0.633106
Q96JM7,LMBL3,-0.300342,-0.208392,-0.0411565,-0.247549,-0.41129
Q9Y285,SYFA,0.679524,0.860988,0.283436,0.155192,0.530308
Q9P2W9,STX18,-0.180396,-0.316327,-0.138068,-0.061816,-0.187482
P54709,AT1B3,-0.289021,-0.364881,0.0675817,0.30528,-0.163347
Q9UNH6,SNX7,0.299808,0.604771,0.163368,0.179632,0.411421
Q92574,TSC1,0.818045,1.15026,0.389916,0.0639086,0.501859
Q9NZQ7,PD1L1,0.38675,0.059207,0.504111,0.695276,0.740411
Q8NBJ4,GOLM1,-0.0868225,0.103461,-0.105245,-0.168278,-0.857887
Q6KCM7-5,SCMC2,-0.220174,-0.244053,0.192861,0.483575,-0.180089
Q9Y2A4,ZN443,0.92718,0.625557,0.392908,0.314849,0.864569
P53004,BIEA,0.598604,0.882254,0.423153,0.340932,0.614768
Q6P1A2,MBOA5,-0.222063,-0.571891,0.160702,0.315249,-0.203251
Q13416,ORC2,-0.327177,-0.366664,-0.205841,-0.18886,-0.160462
P19022,CADH2,0.297973,0.00395775,0.379526,0.314635,-0.128053
Q5T890,ER6L2,0.0653746,-0.2538,0.00658822,0.415438,1.35314
Q92604,LGAT1,-0.289919,-0.0171208,-0.120743,0.00175762,-0.31199
Q0PNE2,ELP6,0.788453,1.24259,0.705938,0.611368,0.369901
Q6ZT12,UBR3,-0.0564015,0.397378,-0.0937312,-0.0372479,-0.0903268
P33897,ABCD1,-0.418041,-0.29056,0.0922184,-0.0455101,-0.444049
P51798,CLCN7,-0.0623088,0.166848,0.718623,0.419689,0.392674
P02452,CO1A1,-1.05062,-1.09169,-0.672357,-0.260041,-0.207587
Q9NWS6,F118A,0.477077,1.05302,0.585121,0.510695,1.10881
Q9Y3T9,NOC2L,-0.284806,-0.286428,-0.117965,-0.0933957,-0.155686
Q9NPI1,BRD7,-0.430405,-0.513438,-0.427746,-0.462618,-0.663098
P55145,MANF,-0.365298,-0.508963,-0.376272,-0.442154,-0.486281
Q9Y5K8,VATD,-0.260772,0.0533555,-0.236376,-0.324043,-0.130983
Q8NFH3,NUP43,0.28637,0.276743,0.0747681,0.133935,0.182897
Q8TAG9,EXOC6,0.118868,0.13778,-0.129945,-0.0503154,-0.00419974
Q9H4L4,SENP3,-0.593841,-0.682597,-0.210933,-0.250203,-0.417542
Q5BJF6,ODFP2,0.335023,0.14345,0.301807,0.41928,0.983845
Q96NB2,SFXN2,0.0732305,-0.263426,0.322492,0.730303,0.00668311
P15531,NDKA,0.66119,0.99463,0.302908,0.338559,0.747699
O60361,NDK8,0.768881,1.03542,0.371878,0.36069,0.770997
Q9P2D0,IBTK,0.735575,0.929908,0.212946,0.546866,0.73828
P46736,BRCC3,0.170254,0.194984,0.064326,0.0453708,0.138679
Q96EC8,YIPF6,0.395076,0.0269029,0.276792,0.0738053,-0.0207522
Q9NUB1,ACS2L,-1.01857,0.0598252,-1.08245,-1.36903,-1.98181
Q15788,NCOA1,0.158968,0.413065,-0.0483091,-0.153395,0.262976
P49761,CLK3,-0.465887,0.0557029,-0.164878,-0.159325,-0.105953
Q96DG6,CMBL,0.788373,1.08199,0.544757,0.496264,0.999442
Q16586,SGCA,-0.436078,-0.103669,0.0795429,0.200192,-0.256763
Q9H477,RBSK,0.919502,1.43375,0.867523,0.537388,0.837345
Q96KS0,EGLN2,0.180899,3.95196,-0.0183084,-0.283495,0.567128
P12111,CO6A3,-1.01215,-0.533405,-1.16016,-1.05785,-0.503535
Q86TU7,SETD3,1.00209,0.825302,0.451885,0.400334,0.902553
Q9BU23,LMF2,-0.301306,-0.337978,-0.0325019,-0.0496647,-0.424271
Q9HCD6,TANC2,0.0729618,-0.434862,0.351791,0.241033,0.143804
P21580,TNAP3,0.124235,0.56829,0.193494,0.150162,0.459158
P62277,RS13,0.500831,0.660525,0.258505,0.291698,0.398341
Q9Y252,RNF6,-0.610029,-0.927563,-0.343076,-0.448268,-0.278766
Q4FZB7,KMT5B,-0.63468,-0.999861,-1.14018,-0.539568,-0.813578
A0A1B0GV45,A0A1B0GV45,0.485192,0.193209,0.367919,0.0557861,0.421681
Q9BX69,CARD6,1.11353,-0.0452867,0.270915,0.769993,-0.335729
Q8WWB7,GLMP,-0.30654,0.166373,0.149219,0.287033,-0.0418084
Q2TB10,ZN800,-0.267797,-0.211341,0.113728,-0.0858278,-0.134424
O14579,COPE,0.608392,0.930228,0.552084,0.512549,0.634312
Q6ZS17,RIPR1,0.97804,0.816777,0.971171,0.589836,0.516032
O15013,ARHGA,0.781727,0.97064,0.331593,0.230931,0.617285
O43379,WDR62,1.24373,0.688855,0.47778,0.79258,0.655686
Q6NYC1,JMJD6,0.0792401,0.593021,0.165378,0.317777,0.780252
Q96FK6,WDR89,-0.439863,-0.532783,-0.233094,-0.262168,-0.303222
P56537,IF6,-0.0731115,0.151872,0.110479,0.25073,0.39659
Q8N5K1,CISD2,-0.205407,-0.259312,-0.105107,-0.0829756,-0.396155
Q3KR37,ASTRB,0.0575104,-0.282468,-0.0518293,-0.0521088,-0.286176
Q6ZU65,UBN2,-0.438768,-0.212146,-0.265059,-0.353162,-0.479386
Q03164,KMT2A,-0.0945091,-0.0262101,-0.097476,-0.165068,-0.0969727
Q9UMN6,KMT2B,-0.258065,-0.321591,-0.177097,-0.330249,-0.376012
Q99584,S10AD,0.669497,0.996823,0.39968,0.543036,0.473353
Q9BVC5,ASHWN,-0.561849,-0.769158,-0.504565,-0.498987,-0.607353
P83881,RL36A,0.426736,0.577829,-0.0560977,0.165503,0.185473
Q9Y6X8,ZHX2,-0.431646,-0.164357,-0.163374,-0.355067,-0.502158
Q6PI47,KCD18,-0.494951,-0.372813,-0.448744,-0.064692,-0.856411
Q5TC84,OGRL1,0.0801544,-0.0707641,1.01633,-0.209615,-0.292007
Q9UL25,RAB21,-0.104673,-0.292749,-0.352527,-0.42531,-0.263361
Q9NQ11,AT132,-0.0565443,-0.0698631,0.0258205,0.0949569,0.369861
Q8IV38,ANKY2,0.770101,0.753612,0.265906,0.253283,0.24336
Q96Q42,ALS2,0.0726953,0.149836,-0.0608647,0.122444,0.0966721
P23511,NFYA,-0.14569,-0.23381,-0.175093,0.0816734,0.0758297
Q9NVA1,UQCC1,-0.42828,-0.492424,-0.104643,-0.228765,-0.488328
Q8NB14,UBP38,0.0832548,0.704727,-0.859154,-0.187991,-0.0885544
P49796,RGS3,0.164316,0.824399,0.194166,0.254756,0.254892
O00469-2,PLOD2,-0.453508,-0.591537,-0.313117,-0.433849,-0.488714
A1L170,CA226,0.027405,-0.71651,-0.100613,-0.392866,-0.0737529
Q9H270,VPS11,0.427346,0.584558,0.0845714,-0.00270462,0.37474
Q6SZW1,SARM1,-0.0557423,0.164274,0.250038,0.0180817,-0.0734921
Q5SYE7,NHSL1,0.126163,0.143835,-0.0361373,0.0829728,-0.0158155
Q8NEN9,PDZD8,-0.231668,-0.272033,0.0998929,0.102379,0.0248675
Q56NI9,ESCO2,-0.237727,-0.277577,0.0247667,0.155293,-0.187718
O15160,RPAC1,-0.291391,-0.356309,-0.112962,-0.123072,-0.0970867
O00308,WWP2,-0.320436,-0.119917,-0.0300634,0.255848,0.110306
Q9H0M0,WWP1,-0.145435,-0.181158,0.126674,0.131107,-0.233573
Q8N5I9,NOPC1,0.388138,0.23011,-0.0307469,0.239932,0.164104
Q13488,VPP3,0.170246,-0.13529,0.953303,0.97214,0.538065
A2RU67,F234B,-0.647581,0.122153,-0.105352,-0.0361402,-0.0813327
P42680,TEC,0.250549,0.420748,-0.0713346,0.131902,-0.015384
Q9ULV3,CIZ1,-0.364935,-0.721794,-0.0681369,-0.164456,-0.177794
Q96KG7,MEG10,0.420976,-0.073334,0.314931,0.878726,0.466794
Q53T59,H1BP3,-0.289306,0.0431712,-0.383092,0.233418,-0.130512
Q96LT7,CI072,0.540692,0.688176,0.203137,0.0976372,0.16228
Q92696,PGTA,0.836069,0.95313,0.389073,0.214046,0.542718
P01834,IGKC,0.199363,-0.578562,0.652869,0.891213,0.997295
Q99541,PLIN2,0.386275,0.218984,0.550337,0.633808,-0.57822
Q9H1I8,ASCC2,0.213545,0.497328,0.0584006,0.143729,0.321031
Q96Q83,ALKB3,0.701747,0.953063,0.382951,0.373209,0.708192
Q8N6R0,EFNMT,0.600103,0.82774,0.341962,0.353978,0.731959
Q53S58,TM177,-0.000571966,-0.187625,0.29818,0.263015,-0.21188
Q7Z7H8,RM10,-0.313403,-0.261993,-0.167002,-0.102208,-0.136274
Q9Y5Q8,TF3C5,-0.0568426,0.0937934,-0.0571394,-0.160014,-0.104069
Q6V1P9,PCD23,-0.0869567,0.95384,0.462072,0.0388656,0.906309
O95400,CD2B2,-0.211153,-0.227494,-0.268776,-0.228443,-0.256294
P98173,FAM3A,0.221875,0.0293863,0.694314,-0.0568697,-0.461063
P78539,SRPX,-0.0853868,-0.236643,0.0333586,0.101952,-0.308193
Q9NVX0,HAUS2,0.354072,0.467449,0.404255,0.431282,0.406459
Q9NW81,DMAC2,-0.249988,-0.385967,-0.344391,0.0194302,-0.616375
Q9UBV8,PEF1,1.12492,0.931455,0.727889,0.472085,1.44994
Q9H5Z1,DHX35,-0.422718,-0.353093,-0.0240781,-0.172492,-0.161705
P61224,RAP1B,-0.418501,-0.521814,-0.59125,-0.408879,-0.817404
Q68DQ2,CRBG3,0.107576,0.155354,0.00131607,0.0662296,0.139619
P36955,PEDF,-0.356516,-0.237468,-0.310784,-0.438702,-0.968252
Q5T7W0,ZN618,-0.447641,-0.501232,-0.960498,-0.214489,-0.779458
Q7KZI7,MARK2,-0.0637369,0.242024,0.0888226,-0.00232124,0.0509527
P27448,MARK3,0.374784,0.754516,0.414999,0.647899,0.893502
Q9UPQ9,TNR6B,0.191502,0.079859,-0.333463,-0.0778279,-0.0760965
Q8NDV7,TNR6A,0.614014,0.896982,0.481837,0.447258,0.682788
Q8N5G2,MACOI,-0.239424,-0.358479,-0.0496559,-0.0950377,-0.197739
Q6ZU35,CRACD,-0.272464,-0.998954,-0.0496449,-0.00383592,-0.180338
O43639,NCK2,0.371422,0.467472,-0.0143468,0.0305781,0.279834
P16333,NCK1,0.0689278,0.133625,-0.177629,0.164706,0.250953
A1L390,PKHG3,0.449969,0.391093,0.178745,0.128985,0.151876
P47972,NPTX2,-0.4239,-0.372706,-0.450473,-0.308244,-0.672713
Q5TEU4,NDUF5,-0.398797,-0.748967,-0.576108,-0.429791,-0.605099
Q9NRC1,ST7,0.024349,-0.50852,0.00490427,-0.0675638,0.036031
P50225,ST1A1,0.28533,0.766716,0.385401,0.0885665,0.497672
Q8N5P1,ZC3H8,-0.6739,-1.23656,-0.518301,-0.379691,-0.150727
Q96CS7,PKHB2,-0.331381,-0.320922,-0.318154,-0.327137,0.0201449
Q12846,STX4,0.113722,-0.0176716,0.215604,0.276754,0.0455055
Q9NRD1,FBX6,0.483255,0.24947,0.0129461,-0.0288224,-0.23267
Q9BRT2,UQCC2,-0.519215,-0.694093,-0.40426,-0.3842,-0.859017
Q5TEJ8,THMS2,0.578446,0.809373,0.231674,0.171295,0.313512
P00519,ABL1,0.673338,0.610561,0.241294,0.204459,0.627599
Q92600,CNOT9,0.190627,0.30932,0.516588,0.243968,0.512832
Q16864,VATF,0.344481,0.624806,0.172739,0.614125,0.66918
O60664,PLIN3,0.614529,0.90279,0.310684,0.473019,0.632112
Q14993,COJA1,-0.168567,-0.0899894,0.151899,0.199197,0.0815587
Q86WJ1,CHD1L,0.233086,0.714913,0.175733,0.286636,0.38855
Q9H4L7-2,SMRCD,-0.110649,-0.0524528,-0.161006,-0.143896,0.269989
Q8NBU5,ATAD1,-0.167061,-0.314003,0.112174,0.166868,-0.22062
Q96E11,RRFM,-0.484047,-0.502716,-0.313533,-0.357503,-0.405297
Q5TC12,ATPF1,-0.413505,-0.198352,0.075753,-0.157602,0.123216
O75818,RPP40,-0.210731,-0.125035,-0.127338,-0.324423,0.0780425
P40261,NNMT,0.730902,1.16201,0.524662,0.353314,0.840054
Q9NWL6,ASND1,0.412375,0.7047,0.341957,0.457744,0.614561
O43306,ADCY6,0.267352,-0.46194,-0.072041,-0.097265,-0.496902
Q5UCC4,EMC10,-0.14553,-0.0985959,0.187094,0.02756,-0.155253
O60762,DPM1,-0.407945,-0.421076,-0.296901,-0.281441,-0.551747
A6NGR9,MROH6,0.0904851,0.125969,-0.0434525,0.232112,-0.0983438
Q6UWY0,ARSK,-0.712385,-0.378014,-0.447196,-0.154437,-0.627146
O95352,ATG7,0.671362,0.701923,0.346407,0.223,0.556431
P17098,ZNF8,-0.707235,-0.559933,-0.104062,-0.269417,-1.2052
Q15904,VAS1,-0.00319743,0.0942039,0.492828,0.724643,0.449507
P55735,SEC13,-0.166619,-0.455507,-0.540563,-0.516508,-0.589651
Q04837,SSBP,-0.43249,-0.603675,-0.193017,-0.197555,-0.261573
P16152,CBR1,0.730801,0.849659,0.153692,0.153741,0.341767
O75828,CBR3,0.323797,0.0931783,-0.0317264,0.0784578,0.0453198
Q8TB52,FBX30,0.584219,0.852643,0.287765,0.342159,0.64661
Q8IUC4,RHPN2,0.128092,0.619205,0.130456,0.260206,0.472801
Q8WU79,SMAP2,0.7596,0.553581,0.388477,0.402103,0.582666
P58004,SESN2,0.34062,0.515823,0.0256314,-0.2188,0.462734
Q96BW9,TAM41,-0.573769,-0.817848,-0.401375,-0.51608,-0.803135
P07099,HYEP,-0.490201,-0.629022,-0.41134,-0.559407,-0.922879
Q15773,MLF2,0.0657485,0.264329,0.257722,0.112135,0.429507
Q3MHD2,LSM12,0.181535,-0.0331757,-0.00252676,-0.0550563,0.220838
J3QR07,J3QR07,-0.56587,-0.804212,-0.663269,-0.390347,-0.812629
Q9H0V9,LMA2L,-0.195476,-0.128924,0.19835,0.0794792,-0.0114224
Q9NYQ8,FAT2,0.431439,1.37766,0.70454,0.904543,0.751562
P61353,RL27,0.229264,0.489275,0.108878,0.179787,0.322006
Q6UWJ1,TMCO3,-0.299677,-0.186681,0.150721,0.120629,-0.50988
Q8TCU4,ALMS1,0.450695,0.179008,-0.197877,0.132198,0.0941961
Q4LE39,ARI4B,-0.432544,-0.530393,-0.40714,-0.492061,-0.404298
P25398,RS12,0.269604,0.47191,0.206331,0.333122,0.504207
Q7L9B9,EEPD1,0.123436,-0.80203,-0.727647,0.356679,-1.25049
P49184,DNSL1,0.132397,-0.157115,0.655274,0.732903,0.44107
P21926,CD9,-0.293292,-0.48476,-0.16862,-0.0812769,-0.620435
Q7Z7K0,COXM1,-0.529118,-0.493267,-0.136711,-0.186077,-0.486077
Q9Y385,UB2J1,-0.498906,-0.565068,-0.269774,-0.237265,-0.341236
Q5BKZ1,ZN326,-0.570317,-0.774899,-0.343205,-0.354274,-0.551192
Q9C026,TRIM9,0.430109,0.402391,0.41886,0.644404,0.324107
Q6ZTA4,TRI67,1.13581,1.25398,1.29838,0.960083,1.3798
Q9BT40,INP5K,-0.355125,-0.353403,-0.0284851,-0.263927,-0.373227
Q9NXR7,BABA2,0.421698,-0.204605,-0.300503,-0.117,0.182162
Q99653,CHP1,-0.460765,-0.551976,-0.232993,-0.174608,-0.576108
Q99598,TSNAX,0.48631,0.692204,0.0154884,0.0819921,0.388005
P55899,FCGRN,0.175573,0.151991,0.317194,0.140793,0.0102303
Q15185,TEBP,0.28739,0.430224,0.0305598,0.0983181,0.416432
Q9BXR0,TGT,0.29461,0.263347,0.530477,0.279462,0.415258
Q8WVB6,CTF18,-0.221804,-0.0180542,0.0688968,0.373601,0.0407579
Q9BRT6,LLPH,-0.293074,-0.0474641,-0.437139,-0.156532,-0.223113
Q16514,TAF12,-0.287035,-0.568461,-0.211365,-0.297893,-0.433209
O00391,QSOX1,-0.370944,0.149631,-0.100402,0.0195312,-0.181888
Q8TF47,ZFP90,-0.823932,-0.328918,0.523781,-0.338511,-0.377283
Q96SU4,OSBL9,0.272079,0.4261,-0.0764031,-0.0685225,0.00190401
Q5VW38,GP107,0.0268209,-0.0610652,-0.104213,-0.0834501,-0.00274301
Q92859,NEO1,0.107619,0.127032,0.257506,0.290931,0.123649
Q9UKX5,ITA11,0.0251145,-0.164503,0.534385,0.0499828,-0.604777
Q9Y333,LSM2,-0.0728133,-0.233152,0.0761595,-0.112718,-0.0177288
Q9Y512,SAM50,0.504194,0.57233,1.56823,1.36812,0.777235
P04004,VTNC,0.746491,-0.180285,0.202934,0.441623,0.424625
O96000,NDUBA,0.122924,-0.0861087,0.275985,0.41371,-0.244218
P00742,FA10,-0.468813,-2.0428,-0.772473,-0.318001,-0.579103
Q9BXJ8,TACAN,-0.405975,0.43444,0.239177,-0.00187612,-0.0983474
Q8N0Y2,ZN444,-0.358106,-0.0907524,-0.160658,0.118133,-0.170013
P01130,LDLR,-0.0288656,0.198731,-0.236802,0.381259,0.326665
Q9HB19,PKHA2,0.303994,0.142685,0.0678804,0.422426,-0.482442
P35610,SOAT1,-0.319381,-0.468096,-0.0600817,0.0165372,-0.0131412
P54105,ICLN,0.66077,0.755065,0.40648,0.406239,0.919278
O43617,TPPC3,0.513302,0.651701,0.492021,0.404663,0.574316
Q9HCI7,MSL2,-0.134391,-0.147012,-0.265303,-0.156274,-0.24052
P08123,CO1A2,-1.55878,-1.77163,-0.665219,-0.296362,0.00774741
P23469,PTPRE,0.537592,0.732199,0.0542233,-0.307577,0.115155
P41236,IPP2,0.7292,0.894607,0.273844,0.399879,0.69181
P54278,PMS2,-0.0503206,0.165054,0.00240111,0.000162125,0.229084
Q9UHK0,NUFP1,-0.252967,-0.311213,-0.28651,-0.132369,-0.26268
O94864,ST65G,-0.0017159,0.0577772,0.0432017,0.0788257,0.213487
Q14376,GALE,0.983743,1.76699,0.968719,0.688488,1.39286
Q8IXH7,NELFD,-0.312115,-0.0832901,-0.213898,-0.433929,0.11333
Q9HDC9,APMAP,-0.396805,-0.517151,-0.194383,-0.133481,-0.452875
P63151,2ABA,0.466833,0.819158,0.292443,0.188606,0.657022
Q9Y305,ACOT9,-0.538621,-0.706429,-0.2365,-0.345252,-0.606803
P49815,TSC2,0.789072,0.555024,0.376544,0.176098,0.339554
Q96ME1,FXL18,0.798423,0.98928,0.162046,0.290141,0.568664
Q12770,SCAP,-0.559293,-0.558029,-0.420357,-0.0890999,-0.700207
Q7Z5G4,GOGA7,0.0217915,-0.45593,0.401006,0.242856,-0.222889
P02708,ACHA,-0.253692,0.872348,0.214972,0.219342,-0.088866
P23610,HAP40,1.42954,1.30264,0.629633,0.986585,1.50756
Q99538,LGMN,-0.196507,-0.43646,-0.382683,-0.437607,-0.46157
P07203,GPX1,-0.0124581,-0.0415251,-0.203076,-0.0932932,-0.157282
Q8WVT3,TPC12,0.681653,0.545675,0.12073,0.0854039,0.243189
P52179,MYOM1,0.408721,0.00526237,-0.626985,-1.22249,-0.443349
O00462,MANBA,-0.134552,-0.126397,-0.0701778,-0.335689,-0.46042
Q13129,RLF,-0.141602,0.140636,-0.190439,-0.154636,-0.34688
Q96SL1,DIRC2,-0.0240972,-0.187253,-0.0667541,-0.0461054,-0.612988
O75934,SPF27,-0.406659,-0.235936,0.386614,0.35539,0.175692
Q9Y2E4,DIP2C,-0.525455,-0.399775,-0.249538,-0.275758,-0.428261
Q9H9V9,JMJD4,0.189893,-0.55901,0.518227,0.152743,0.608928
Q15544,TAF11,-0.131827,-0.37526,0.0335987,-0.417602,-0.347032
O75417,DPOLQ,-0.366624,-0.205405,0.598999,0.514305,0.32604
O95881,TXD12,-0.399101,-0.209221,-0.205871,-0.273029,-0.30517
P27695,APEX1,0.154703,0.66691,0.120646,0.234166,0.705169
Q16775,GLO2,0.0249968,0.0471492,0.0957301,0.0902731,-0.0848582
Q96DA6,TIM14,-0.110749,-0.150295,-0.017216,0.0116432,-0.380805
Q96C57,CSTOS,-0.272364,-0.139458,-0.0391858,-0.13566,-0.0679255
A7E2V4,ZSWM8,0.533283,0.683236,0.32991,-0.0549312,0.436432
Q9BU61,NDUF3,0.191752,-0.273132,0.621023,0.102454,0.289698
Q969P0,IGSF8,-0.50375,-0.475005,-0.391253,-0.380298,-0.559365
Q8IXJ9,ASXL1,-0.903856,-0.24306,-1.00879,-0.847161,-0.774395
Q9UG56,PISD,-0.489796,-0.396679,-0.112223,0.0269976,-0.457128
Q15554,TERF2,-0.328484,-0.372851,-0.295852,-0.48869,-0.331108
P52294,IMA5,0.0196803,0.175382,0.106111,0.08937,0.266824
O60684,IMA7,-0.0404713,0.334652,0.3782,0.349413,0.323296
Q8TF01,PNISR,-0.399148,-0.361893,-0.342948,-0.0948455,-0.395089
Q96MF7,NSE2,0.0852189,0.104084,-0.116153,-0.0380375,0.0760765
Q96QF0,RAB3I,0.293911,0.475531,-0.194709,-0.350714,-0.23931
O96017,CHK2,0.151833,0.384279,0.355775,0.0718806,0.480639
Q96GD3,SCMH1,-0.0773022,-0.564494,0.0951641,-0.0756478,-0.209753
Q9Y4B6,DCAF1,-0.312678,-0.091728,-0.0983522,-0.297258,-0.0608399
Q96A54,PAQR1,0.494216,-0.690154,0.035614,0.345872,-0.201942
Q6P4E1,GOLM2,-0.312852,-0.258852,-0.291095,-0.448457,-0.83921
O14810,CPLX1,-0.150717,1.8302,1.05567,-0.362132,0.779295
Q49A88,CCD14,0.324789,0.216573,0.0744138,0.131508,0.291698
Q96B36,AKTS1,-0.753458,-0.00575733,0.0759749,0.0693798,0.288162
Q06546,GABPA,0.0159154,0.444311,0.0635478,0.186699,0.548681
O43505,B4GA1,-0.663975,-0.805591,-0.273505,-0.476285,-0.716285
P41223,BUD31,-0.127821,-0.229911,-0.361561,-0.223059,-0.653737
Q7Z422,SZRD1,1.5379,1.34607,0.533073,0.572493,0.896226
Q9NVS9,PNPO,0.595889,0.930027,0.563891,0.502321,0.839578
Q9P0R6,GSKIP,0.494028,0.921684,0.212654,0.136431,0.753353
Q969S2,NEIL2,0.011404,0.289891,0.143282,0.135602,0.430365
Q8TD16,BICD2,0.370613,0.711717,0.223817,0.271775,0.573841
Q96G01,BICD1,0.360323,0.446889,0.0684943,-0.0610175,0.0716703
Q6UWE0,LRSM1,0.598799,0.432683,0.510245,0.34737,0.820786
Q07817,B2CL1,-0.216663,-0.283199,0.0185509,0.103047,-0.377477
Q96DF8,ESS2,-0.101667,0.140797,0.356763,0.482775,0.00296521
Q9HA92,RSAD1,-0.35421,-0.377025,-0.290296,-0.247037,-0.610048
Q9UII2,ATIF1,-0.618909,-0.742616,-0.484865,-0.391194,-0.769989
Q9Y5T4,DJC15,0.117253,-0.0950727,-0.0998182,0.0715694,0.0556107
Q8WXG1,RSAD2,-0.299712,0.11175,-0.553837,-0.739715,-0.160031
O00592,PODXL,0.228815,-0.114933,0.466593,0.571279,0.191875
Q5TGL8,PXDC1,0.604359,0.517446,0.379197,0.22667,0.341894
Q9Y2X3,NOP58,-0.508275,-0.560816,-0.190262,-0.155896,-0.387742
P46778,RL21,0.497979,0.78388,0.314945,0.398892,0.498053
Q9NYZ3,GTSE1,-0.169576,0.0369771,-0.127825,0.516082,0.668082
P39748,FEN1,0.115546,0.682756,0.182562,0.212524,0.715773
O75880,SCO1,-0.337853,-0.428829,-0.0646451,-0.0613704,-0.445853
P63172,DYLT1,0.281057,0.93731,-0.571361,-0.0519652,0.13366
Q96EI5,TCAL4,0.141855,0.794073,0.239339,0.199215,0.529009
Q8IYT2,CMTR2,0.104992,0.0278378,-0.00639677,-0.200948,0.110309
Q8WTV0-2,SCRB1,-0.11594,-0.0932219,0.255863,0.262316,0.306709
Q96Q05,TPPC9,0.366369,0.383732,-0.177299,-0.208871,-0.334106
Q53T94,TAF1B,-0.347671,0.242664,-0.31947,0.0887978,-0.0740838
Q9HAS0,NJMU,0.0422642,0.214534,-0.156597,-0.165975,-0.0720913
Q9H2P9,DPH5,0.704417,1.09331,0.603156,0.377586,1.1801
P11474,ERR1,-0.38513,-0.963475,-0.338297,-0.48342,-0.525977
O00400,ACATN,-0.228182,-0.415971,-0.0486388,-0.0749664,-0.148394
P13716,HEM2,0.217262,0.169975,0.295005,0.132659,0.294502
Q9NRF9,DPOE3,0.546556,0.713969,0.386444,0.49317,0.623801
Q04756,HGFA,-0.128498,-0.863884,-0.141125,0.19035,0.835644
P00374,DYR,0.47565,0.899315,0.324471,0.612691,0.66246
Q8NBK3,SUMF1,-0.2777,-0.391133,-0.224042,-0.224085,-0.361813
Q96LT9,RNPC3,-0.349948,-0.44567,-0.290733,-0.312627,-0.358062
Q9NY27,PP4R2,-0.290315,-0.112672,-0.114669,-0.284364,0.179096
P62750,RL23A,0.179578,0.217559,0.0661695,0.168564,0.213102
Q8NHQ8,RASF8,0.230068,-0.010004,0.046252,0.312934,-0.0581839
Q9BQ61,TRIR,-0.181256,0.301534,-0.129317,0.10784,0.274946
P54259,ATN1,-0.0408776,0.109695,-0.236646,-0.149028,0.160132
Q9BSK2,S2533,-0.548087,-0.689547,0.0780077,0.248706,-0.530044
Q06203,PUR1,0.0370898,0.0288057,0.113269,0.026274,0.384331
Q9GZN8,ADSSP,0.702757,1.1088,0.318459,0.638123,0.545474
O95931,CBX7,-0.916836,-0.999408,-0.135563,-0.519152,-1.55469
Q9Y5S9,RBM8A,-0.177269,-0.31338,-0.0578976,-0.0836403,-0.246673
O95299,NDUAA,-0.538917,-0.463928,-0.214681,-0.208153,-0.652158
Q8IWE5,PKHM2,-0.0191677,0.295483,0.00419259,-0.0322244,0.308242
Q7Z7F7,RM55,-0.211583,-0.248341,-0.134758,-0.106345,-0.553372
Q8WXE1,ATRIP,-0.435278,-0.526164,-0.310197,-0.509951,-0.186998
P25098,ARBK1,0.561416,0.438295,0.236695,0.147675,0.217403
Q9H4G4,GAPR1,-0.629123,-0.591904,0.0553911,0.126734,-0.588647
Q8N2Y8,RUSC2,0.4313,0.433635,-0.50549,0.254418,0.00477743
Q86SQ7,SDCG8,-0.0054574,0.749801,-0.246338,0.564274,0.211004
P54253,ATX1,-0.418451,-0.385839,-0.177496,-0.235835,-0.287357
P12109,CO6A1,-0.294098,-0.297736,-0.00925541,-0.031023,-0.3029
Q96SZ5,AEDO,0.454719,0.642332,0.311306,0.457,0.43598
P41240,CSK,0.537839,0.712209,0.142504,0.209501,0.291919
Q9NUQ3,TXLNG,0.510909,0.601384,0.289909,0.265382,0.604481
Q9C0D5,TANC1,0.357543,0.496936,0.0176136,-0.262211,0.267385
A6NED2,RCCD1,0.329689,0.941854,0.179014,0.754569,0.460342
Q9NXX6,NSE4A,-0.280287,-0.0700338,-0.00575924,-0.243921,-0.235046
O95571,ETHE1,-0.282438,-0.265947,-0.178943,-0.252203,-0.385764
Q8TD22,SFXN5,0.0666163,-0.341271,0.779052,1.14337,0.11805
P48436,SOX9,0.152364,1.09085,0.684783,0.242278,0.526556
Q96EA4,SPDLY,0.240953,0.130391,0.358106,0.347276,0.565915
Q15631,TSN,0.48314,0.681833,0.033442,0.261309,0.258403
Q9BSY9,DESI2,-0.674386,-0.524001,-0.366701,-0.00974941,-0.460967
Q9UMR5,PPT2,-0.0837293,-0.117626,0.0155725,-0.377147,-0.118061
Q12972,PP1R8,-0.344071,-0.150246,-0.353652,-0.361198,-0.0886831
Q96A72,MGN2,-0.267509,-0.294885,-0.125319,-0.0815761,-0.196465
P51178,PLCD1,0.0685332,-0.150992,-0.0623055,-0.0161273,-0.16242
Q4KWH8,PLCH1,-0.362824,-0.453327,-0.489684,-0.302151,-0.393832
Q9Y3A6,TMED5,-0.385467,-0.338931,0.137906,0.125592,0.0128291
Q9UBR2,CATZ,-0.499686,-0.564272,-0.135178,-0.318401,-0.516498
Q6UXH1,CREL2,-0.441122,-0.510506,-0.447127,-0.453935,-0.515844
Q8TA86,RP9,-0.402294,-0.215172,-0.0572338,-0.00230074,0.0996053
Q06587,RING1,-0.359838,-0.277647,-0.116132,-0.285663,-0.415651
Q99496,RING2,-0.560454,-0.71813,-0.48281,-0.664995,-0.306019
Q56P03,EAPP,-0.201378,0.0584044,0.0144551,0.0405183,0.243495
P43487,RANG,0.357629,0.47508,0.169573,0.255548,0.606312
P02788,TRFL,0.117945,0.376989,0.958123,1.29297,1.37794
P35613,BASI,-0.206581,-0.348503,-0.00156093,0.117383,-0.134063
O43181,NDUS4,-0.404059,-0.72128,0.0373144,0.328353,-0.841834
Q9UNL2,SSRG,-0.0615411,-0.0976615,0.100447,-0.103331,-0.262771
Q9NUM4,T106B,-0.180556,-0.366982,-0.319979,-0.351828,-0.790592
P60033,CD81,-0.348919,-0.0608861,0.0117407,0.0992925,2.45904
Q5T3F8,CSCL2,-0.033571,0.164323,0.236452,0.345755,-0.178575
Q9NYY3,PLK2,0.357077,0.414339,-0.0505536,0.0604594,0.147233
O00255,MEN1,-0.228574,-0.227147,-0.101408,-0.0559874,0.0177891
O95243,MBD4,-0.437543,-0.335445,-0.912232,-0.397617,-0.986228
Q96A26,F162A,-0.204333,0.068763,0.640385,0.472484,0.139551
Q9UEE9,CFDP1,0.183795,0.732759,0.146716,0.175907,0.376496
P24666,PPAC,0.688474,0.994887,0.588805,0.565443,1.03367
O15121,DEGS1,0.0400794,-0.0141556,0.110068,0.0967042,-0.282559
Q9H074,PAIP1,0.973937,1.22592,0.663903,0.550001,0.960032
Q9H4Z2,ZN335,-0.0518129,1.03712,1.11244,0.393554,1.0758
P49789,FHIT,-0.197298,-0.0286252,0.2004,-0.13431,-0.122499
Q53FA7,QORX,0.702133,0.738746,0.0922413,0.205363,0.291378
A0A096LP01,SIM26,-0.0834117,-0.127207,-0.365389,-0.405213,-0.644662
Q9Y462,ZN711,-1.52174,-1.45436,-0.680519,-0.477725,-0.537085
P17010,ZFX,-0.391385,-0.562684,-0.531883,-0.373982,-0.57951
Q969Z3,2-Mar,0.0610461,0.0398753,0.543479,0.552139,0.060847
Q9ULX6,AKP8L,-0.386557,-0.159203,-0.287439,-0.3327,-0.162499
P49116,NR2C2,-0.496418,-0.693519,-0.152183,-0.18503,-0.326387
P15884,ITF2,-0.545543,0.0915985,0.439073,-0.325145,-0.213615
Q99081,HTF4,-0.478572,-0.214267,0.111558,-0.108693,-0.257139
Q99081-2,HTF4,-0.385095,-0.224484,0.371632,-0.0814991,-0.11735
P52739,ZN131,-0.321067,-0.170257,-0.262254,-0.362712,-0.189665
Q9H0R8,GBRL1,-0.0243444,0.0226483,-0.427949,-0.351006,-0.375004
O95166,GBRAP,0.0414658,0.391866,-0.419757,0.0328386,-0.0768135
P60520,GBRL2,0.0137284,0.181411,-0.0719507,0.102207,0.252557
Q9Y605,MOFA1,-0.166104,0.482575,0.425759,0.407039,0.755573
Q9Y6X5,ENPP4,-0.348284,-0.462848,-0.228644,-0.251396,-0.506508
Q9NX55,HYPK,1.00434,0.603392,0.605502,0.795933,0.690521
Q9UK76,JUPI1,0.804371,1.1252,1.36139,1.21035,1.79864
P80404,GABT,-0.399298,-0.539937,-0.178346,-0.249168,-0.52353
Q9H6D7,HAUS4,0.088619,0.0376565,0.0721402,0.178637,0.699267
P05114,HMGN1,-0.530704,-0.643067,-0.349319,-0.276514,-0.471787
P63241,IF5A1,0.813279,1.00963,0.401457,0.488934,0.843303
P57076,CF298,0.308556,0.571294,-0.131775,-0.298314,0.0636587
Q92794,KAT6A,-0.378328,-0.646574,-0.458065,-0.207131,-0.599708
Q8WYB5,KAT6B,-1.07392,-0.542762,-0.0519127,0.0754222,-0.0531147
Q9Y2X9,ZN281,-0.45376,-0.0714006,-0.191246,-0.319285,-0.394854
P78417,GSTO1,0.957694,1.25745,0.55001,0.478714,1.03779
Q9ULR5,PAI2B,1.04013,0.828438,1.32347,1.74361,1.44048
Q92609,TBCD5,0.414544,0.463325,0.0609334,0.0210369,0.224833
Q92643,GPI8,-0.389005,-0.548596,-0.169109,-0.128378,-0.558084
P35244,RFA3,0.302948,0.653206,0.199353,0.305719,0.557964
P27701,CD82,-0.135358,-0.076704,0.0368471,-0.0604765,-0.178679
Q9BVS4,RIOK2,0.834155,0.688794,0.519274,0.33465,0.663935
P38398,BRCA1,-0.0468767,-0.0977373,-0.258071,-0.153991,-0.0327349
Q8NHZ8,CDC26,0.361757,0.703877,0.990964,0.322645,1.07156
O15084,ANR28,0.0253611,-0.459591,-0.161227,-0.0892344,-0.13818
Q8N8A2,ANR44,0.619332,0.440112,0.249556,0.0643132,0.372644
Q9H204,MED28,0.369459,1.09363,0.899323,0.499001,0.300675
Q9GZN1,ARP6,1.57014,-0.672428,-0.536972,-0.19425,0.167373
A6NFI3,ZN316,-0.142368,0.261104,0.121709,0.0585618,-0.0829186
Q9NWT6,HIF1N,0.622344,0.719247,0.214695,0.063534,0.218535
Q9Y6R9,CCD61,0.270604,0.69318,0.00753093,0.651379,0.184951
Q13526,PIN1,0.619923,0.558347,0.230475,0.307282,0.487507
Q5T8D3-3,ACBD5,-0.415759,-0.388487,-0.17309,-0.10906,-0.360363
Q9BZE2,PUS3,-0.134956,-0.123416,-0.429192,-0.276507,-0.459318
Q9NW68,BSDC1,0.444332,0.197225,-0.129402,-0.185156,-0.117294
O75348,VATG1,0.123325,0.533638,-0.082958,0.0203681,0.255262
Q9P2R6,RERE,-0.450885,-0.69198,-0.695158,-0.759946,-0.66075
O96005,CLPT1,-0.186453,-0.414241,-0.0839934,-0.0109601,-0.302468
Q9Y5K5,UCHL5,0.140055,-0.00978899,-0.184326,-0.113186,0.0654178
Q8N129,CNPY4,-0.579388,-0.730691,-0.516857,-0.60358,-0.671966
Q6JBY9,CPZIP,0.074703,0.271656,0.208498,0.396927,0.132368
Q969E8,TSR2,0.626725,0.890039,0.276737,0.40908,0.813966
Q14147,DHX34,0.293747,1.04263,0.596134,0.467067,1.03218
Q5TBB1,RNH2B,0.414309,0.429816,0.342266,0.374157,0.654058
Q13868,EXOS2,-0.309899,-0.214823,-0.150079,-0.263682,-0.0609975
Q9H098,F107B,0.403968,0.351218,-0.0639658,0.236543,0.40156
P43307,SSRA,-0.284978,-0.400428,-0.136705,-0.0613191,-0.40877
P62316,SMD2,-0.421072,-0.586267,-0.248782,-0.268872,-0.393985
O95396,MOCS3,0.6797,0.740202,0.191156,0.300312,0.152132
Q9UPR3,SMG5,0.580824,0.83184,0.460782,0.13375,0.604175
Q9Y6W5,WASF2,0.0418816,-0.0958154,-0.345705,-0.329984,-0.363133
Q9H0A6,RNF32,0.0615113,-0.812693,-0.00930643,0.396775,0.807578
Q9Y478,AAKB1,0.0199461,0.308339,0.201077,-0.138217,0.356582
Q5JPI3,CC038,0.626123,0.381842,0.4647,0.462027,0.696639
Q9H7Z6,KAT8,0.0628872,0.0248144,0.08182,0.142144,0.213991
Q86XI2,CNDG2,0.193285,0.192005,0.31106,0.105566,0.504182
Q8IVF2,AHNK2,0.592696,0.587198,0.0549722,-0.0106719,0.315735
O43808,PM34,-0.272679,-0.159022,0.124801,0.150868,0.246758
Q6P1K2,PMF1,-0.323863,0.144636,0.270674,0.0913894,0.521101
Q8N2E2,VWDE,1.4835,1.55913,0.479512,0.252462,1.51266
Q96H72,S39AD,-0.448844,-0.9953,0.135388,0.159489,-0.985252
Q9BSI4,TINF2,0.0511868,-0.0167959,0.0467551,0.294166,0.578494
Q9UKV5,AMFR,-0.392027,-0.0391424,0.0968356,-0.00790882,-0.512455
Q99720,SGMR1,-0.376824,-0.150255,0.421856,-0.119018,0.209173
Q8N448,LNX2,0.448544,0.810254,0.0907316,0.208866,0.257061
P53611,PGTB2,0.96836,1.2616,0.766567,0.686064,1.10915
Q96C00,ZBTB9,-0.246205,-0.143352,-0.241155,-0.130124,-0.0855455
Q9UQ03,COR2B,-0.336747,-0.291611,-0.231555,-0.265852,-0.34788
Q92828,COR2A,-0.548195,-0.483643,-0.376506,-0.709249,-0.564373
Q9UGI0,ZRAN1,-0.0563333,0.208921,-0.791117,-0.0952742,-0.928873
P62324,BTG1,0.817154,1.51944,0.624663,0.358593,0.372803
Q8N5C6,SRBD1,-0.590348,-0.685344,-0.343356,-0.347812,-0.337753
O95810,CAVN2,-0.261437,-0.278605,-0.13009,0.0305185,-0.0707719
Q08623,HDHD1,0.0821142,0.353627,0.29801,0.418239,0.640864
P17301,ITA2,0.0474591,0.0196314,0.356097,0.507785,0.20517
Q6PJF5,RHDF2,0.0523052,0.395278,0.235206,-0.00172949,-0.233527
Q9UKY1,ZHX1,-0.267892,-0.20136,-0.193944,-0.228328,-0.155745
Q96AZ6,ISG20,0.303864,0.657356,0.126365,0.21583,0.560156
Q8NHV4,NEDD1,0.356488,0.486583,0.0871837,0.0684779,0.109511
Q9ULK4,MED23,0.348913,-0.0391781,0.10032,0.0502212,0.125209
P53801,PTTG,-0.648702,-0.737596,-0.82688,-0.253086,-1.11919
Q9NS73,MBIP1,-0.235387,-0.218528,-0.552951,0.0526421,-0.186494
Q96BQ5,CC127,0.22405,-0.321808,0.882035,1.64765,0.530199
Q96ND0,F210A,0.008322,0.0254521,0.179872,0.419017,0.0707912
P10914,IRF1,0.0150411,1.42962,-0.99397,-0.28649,-1.21252
Q9BUV8,RCAF1,-0.16382,-0.469337,-0.219126,-0.203812,-0.375999
Q13029,PRDM2,-0.478122,-0.503725,-0.319288,-0.33677,-0.452897
O95873,CF047,-0.523319,-0.410536,-0.0731974,-0.281496,-0.328772
Q8N183,NDUF2,-0.346771,-0.460087,-0.234622,-0.215398,-0.464688
Q9BQE9,BCL7B,-0.215314,-0.247129,-0.309759,-0.212742,-0.363655
Q4VC05-2,BCL7A,-0.559581,-0.389501,0.0828998,-0.176469,-0.0209179
Q8WUZ0,BCL7C,-0.237958,-0.458444,0.089081,-0.428317,0.429757
P51948,MAT1,-0.735203,-0.868874,-1.07176,-1.08985,-1.12358
Q6UVY6,MOXD1,0.206786,0.388178,0.737888,0.716739,0.067095
Q9NR48,ASH1L,-0.27367,-0.0477476,-0.173723,-0.0549767,-0.170336
P42696,RBM34,-0.506138,-0.450865,-0.20188,-0.168433,-0.323216
O43293,DAPK3,0.0597379,0.110723,0.0879195,0.0745111,0.24419
Q8N5D6,GBGT1,-0.107389,-1.05452,1.02427,0.0955372,0.448316
Q6PKC3,TXD11,-0.759638,-0.805243,-0.425293,-0.849232,-0.736594
Q6UXV4,MIC27,0.470279,0.302082,1.22087,1.13202,0.415693
Q9HAU5,RENT2,0.193234,0.172961,0.0454037,0.127588,0.25139
Q6P4I2,WDR73,0.708905,1.09514,0.752325,0.537791,0.969695
Q96AC1,FERM2,0.72325,0.752977,0.301124,0.208923,0.531282
Q9BQL6,FERM1,0.977309,1.0324,0.42796,0.458385,0.825871
Q86X95,CIR1,-0.200505,-0.316201,-0.427984,-0.289845,-0.326178
Q8NBI5,S43A3,0.328059,0.233597,0.465493,0.623612,0.541028
P18031,PTN1,-0.453792,-0.541713,-0.191449,-0.261088,-0.378936
Q13287,NMI,0.570697,0.664749,0.0426037,-0.0698009,0.173459
Q9UKT5,FBX4,0.782617,0.880874,0.43809,0.3529,0.138334
Q9UL40,ZN346,-0.39795,-0.440722,-0.337065,-0.23086,-0.528576
Q96G28,CFA36,0.685681,0.958162,0.680275,0.535721,0.870503
Q9Y3A2,UTP11,-0.385177,-0.295861,-0.139567,0.0678396,-0.249068
Q9Y4Z0,LSM4,-0.319954,-0.340634,-0.340033,-0.346218,-0.387372
Q66PJ3,AR6P4,-0.0104966,-0.29509,0.181288,0.522112,0.232206
Q96L92,SNX27,0.339706,0.703246,0.260538,0.0203791,0.311477
Q6P3W7,SCYL2,0.305194,0.158885,0.161683,-0.0222332,0.139666
Q5VWG9,TAF3,-0.0140343,-0.27849,-0.206838,-0.374857,-0.2276
P17706,PTN2,-0.160505,-0.141994,-0.0445507,0.0115836,-0.0651731
Q6PCB8,EMB,-0.252944,-0.266725,-0.067832,0.139114,0.0716984
Q8N1Q1,CAH13,0.888558,0.687753,0.511804,0.378551,0.658623
A2RUC4,TYW5,0.618212,0.49183,0.435149,0.0541735,0.354866
Q9NRA8,4ET,0.821577,0.603792,0.443763,0.473729,0.410785
Q01105-2,SET,0.225672,0.670376,0.234095,0.305724,0.785376
P0DPI2,GAL3A,-0.609279,-0.769334,-0.276951,-0.354052,-0.575282
Q7Z7A4,PXK,0.830609,0.538953,0.460696,0.23176,0.568324
Q96LB3,IFT74,0.728961,0.951617,0.207733,0.499003,0.503478
Q96IW7,SC22A,-0.331602,-0.289007,-0.0675056,-0.0974934,-0.28915
Q8N543,OGFD1,0.387293,0.674615,0.406123,0.507249,1.04661
Q9H668,STN1,0.399182,0.67743,0.0337045,0.345597,0.301333
Q15386,UBE3C,0.226102,0.359568,0.258424,0.112341,0.49736
Q9BRT9,SLD5,0.026659,0.279079,0.219006,0.337763,0.247267
P49759,CLK1,-0.47892,-0.44509,-0.349736,-0.0815609,0.1133
Q9HAZ1,CLK4,-0.234963,-0.102922,-0.373366,-0.0811779,-0.425516
P78364,PHC1,-0.0190697,-0.499632,0.105964,-0.369837,-0.515028
Q9NXR1,NDE1,0.491872,1.10242,0.564574,0.556765,0.991281
Q9GZM8,NDEL1,0.0827813,0.288385,0.0363081,0.0919948,0.174154
Q9UET6,TRM7,0.476585,0.632431,0.0838082,0.289092,0.582741
Q6PII3,CC174,-0.138567,0.127417,-0.197766,0.085129,-0.0959306
Q8NI36,WDR36,-0.408139,-0.499143,-0.181503,-0.149327,-0.252146
Q01995,TAGL,0.439501,0.571233,0.389483,0.653646,1.46687
Q8WWC4,MAIP1,-0.491419,-0.46263,-0.252448,-0.162026,-0.517882
Q9UKD1,GMEB2,-0.331439,0.0124416,-0.368378,-0.299859,-0.235254
Q9BZL6,KPCD2,0.600108,0.343103,0.12087,0.0767732,-0.158415
P51648,AL3A2,-0.498638,-0.56163,-0.231005,-0.385773,-0.77342
Q9NVZ3,NECP2,0.761018,1.00425,0.0255215,0.216813,0.511503
P29353,SHC1,0.460668,0.391592,0.283962,0.340464,0.132055
Q5BJH2,TM128,-0.361329,0.169221,0.0700381,0.145871,0.328167
Q5T653,RM02,-0.346817,-0.333701,-0.251574,-0.202618,-0.50567
Q96F10,SAT2,0.635247,0.66635,0.101411,0.237414,0.177526
Q96SY0,INT14,-0.349968,-0.338973,-0.275342,-0.385916,-0.34797
Q6UXD5-5,SE6L2,-0.402784,-0.519463,-0.167921,-0.29271,-0.935058
Q9GZV1,ANKR2,0.33743,0.386038,0.323406,0.512145,0.499669
O95271,TNKS1,0.0678067,0.0151391,-0.121827,0.00598598,-0.137337
Q14914,PTGR1,0.487661,0.635098,0.287713,0.253233,0.523105
P62857,RS28,0.623404,0.897385,0.199197,0.378379,0.499045
Q9UJ04,TSYL4,0.307657,0.713519,1.17393,0.352866,-0.0637968
Q6YHU6,THADA,0.533946,0.560603,0.440278,0.502472,0.444813
Q86UV5,UBP48,0.0590477,0.633723,0.0189483,-0.00613832,0.160625
Q8IUI8,CRLF3,0.532662,0.763899,0.219184,0.0052228,0.36035
P63165,SUMO1,-0.287807,-0.255409,-0.300823,-0.338426,-0.392298
P42771,CDN2A,0.499271,0.713906,0.702038,0.617021,0.937223
Q05BV3,EMAL5,0.0269411,0.197456,0.217403,0.254535,0.0827813
Q17RY0,CPEB4,0.132137,0.0302589,-0.132945,-0.0501726,0.0145085
Q9NWQ8,PHAG1,0.236503,0.0512576,0.247775,0.461553,0.170648
Q03518,TAP1,-0.412807,-0.538008,-0.0516577,-0.312337,-0.634795
P20594,ANPRB,-0.717452,0.173548,-0.118567,0.158339,-0.0724301
Q9Y3D8,KAD6,0.746791,0.767888,0.251786,0.395434,0.886635
Q92536,YLAT2,0.0697718,0.377292,0.348753,0.443184,0.29925
Q13795,ARFRP,-0.213701,-0.195912,-0.120376,-0.204728,-0.355019
O43768,ENSA,0.381316,0.1972,0.041429,0.206355,0.205066
P56211,ARP19,0.049613,0.0452302,0.176462,0.038126,0.313339
Q15843,NEDD8,0.772421,0.714507,0.349269,0.399887,0.688915
Q15011,HERP1,0.587492,0.802181,0.28266,0.389079,0.459642
P07711,CATL1,-0.452996,-0.536894,-0.473271,-0.726382,-1.07069
Q9NX47,MARH5,0.11601,0.0186212,0.511717,0.56186,0.169054
Q9NWS0,PIHD1,0.760743,1.02679,0.380224,0.173736,0.556634
Q14524,SCN5A,0.0515699,-0.0854688,0.315475,0.110497,-0.341908
Q9Y5Y9,SCNAA,-0.391087,-0.445567,-0.165668,-0.371074,-0.395783
Q5VV67,PPRC1,-0.717026,-0.773134,-0.0877631,0.0843976,-0.475413
Q86Y34,AGRG3,-0.110333,0.405684,-0.383886,-0.189384,-0.122164
Q9BRQ0,PYGO2,0.301865,-1.29068,-0.0747401,-0.40903,-0.306994
Q5HYI8,RABL3,-0.469191,-0.573461,-0.21098,-0.132677,-0.38924
P22413,ENPP1,-0.120218,-0.183131,0.149371,0.270895,-0.349749
Q9ULC4,MCTS1,0.389245,0.560824,0.303588,0.260849,0.353024
Q9BV81,EMC6,0.177065,-0.488011,0.0173602,-0.00839853,-0.308277
Q8NFH4,NUP37,-0.187248,-0.359262,-0.105716,-0.205688,-0.187325
Q9BY50,SC11C,0.0979505,-0.37699,-0.324285,-0.102359,-0.692701
P67812,SC11A,0.076087,0.00793052,0.16584,0.142827,-0.0303471
Q9UJ68,MSRA,0.0615537,-0.0263617,0.0228443,0.120581,0.026845
Q9UNI6,DUS12,0.773946,0.975019,0.405342,0.502561,0.823617
P58397,ATS12,-0.255069,-0.253894,-0.147557,-0.229581,-0.287749
Q9HAW4,CLSPN,-0.0820539,-0.107092,0.026979,0.141433,0.204374
Q96IU4,ABHEB,1.12693,1.29223,0.577799,0.624199,0.826467
Q8N2G8,GHDC,-0.58566,-0.480491,-0.0908885,-0.189754,-0.430356
Q9BSB4,ATGA1,0.665464,0.711873,0.482822,0.595523,0.876328
Q9H2D1,S2532,-0.557916,-0.235924,0.364446,0.258851,0.100444
P61956,SUMO2,0.0789776,0.220899,-0.14133,-0.0672286,0.181941
P55854,SUMO3,0.168606,0.0899539,-0.0692132,0.0343523,0.208187
P07992,ERCC1,0.354116,0.647947,0.323658,0.184288,0.414934
P37840,SYUA,1.73595,1.20174,0.570885,0.832379,1.00811
Q5XKP0,MIC13,0.10462,0.390351,0.892945,1.10475,0.159798
Q9Y3I0,RTCB,0.0685139,0.128347,-0.0943782,-0.135389,-0.00320077
Q8NAT1,PMGT2,0.766498,0.341312,0.199964,0.178884,0.270926
O95670,VATG2,0.144283,0.768808,0.224012,0.411759,0.733536
O75943,RAD17,-0.419912,-0.115345,-0.152298,-0.289624,-0.0700645
Q15018,ABRX2,0.757265,0.980146,0.193141,0.171185,0.603742
Q96GC9,VMP1,-0.19527,-0.394048,-0.178696,-0.148435,-0.474582
Q9UKA4,AKA11,0.430471,0.746542,0.197963,0.218668,0.596621
Q9H2P0,ADNP,-0.392268,-0.499288,-0.230353,-0.19436,-0.564096
P35573,GDE,0.610781,0.702562,0.260847,0.0569537,0.446291
Q86X83,COMD2,0.368453,0.852843,0.32992,0.12252,0.471817
P12757,SKIL,-0.190343,-0.710867,0.273622,0.0543694,-0.0666871
Q68E01,INT3,-0.348683,-0.378751,-0.543042,-0.670031,-0.723203
Q96S66,CLCC1,-0.0617259,-0.232077,0.0999939,0.0485535,-0.027457
Q9NRR4,RNC,-0.325677,-0.180041,-0.111287,-0.306873,-0.194124
Q93073,SBP2L,-0.202753,-0.398865,-0.433427,-0.645445,-0.341581
Q969M7,UBE2F,1.5563,1.23189,0.304283,0.0494175,0.306489
P80217,IN35,0.612214,0.802046,0.0961313,-0.0938826,0.221978
Q9H1K0,RBNS5,0.344924,0.347153,-0.0538781,-0.0226839,0.29989
O75792,RNH2A,0.263822,0.55601,0.319812,0.361329,0.393115
P27635,RL10,0.487959,0.620376,0.0582051,0.16307,0.196468
F8W7C6,F8W7C6,0.296359,1.11352,0.778526,0.459528,1.16424
Q5EE01,CENPW,-0.48786,-0.252924,-0.0319111,0.100399,0.158406
Q9BZG8,DPH1,0.707499,0.982059,0.124605,0.486824,0.713857
O75414,NDK6,-0.614751,-0.177258,-0.200853,-0.0883374,-0.583864
P53990,IST1,0.34927,0.312598,0.137517,0.203884,0.164187
Q9UBS3,DNJB9,0.565258,0.348208,0.281516,0.841549,0.597198
Q96HR3,MED30,-0.549104,0.126953,0.303099,0.117147,-0.0300341
Q9H902,REEP1,-0.729874,-0.637899,-0.130991,-0.0014112,-0.480503
Q6NUK4,REEP3,-0.298209,-0.199589,-0.0968542,-0.0563366,-0.309547
Q9H6H4,REEP4,-0.393692,-0.306992,-0.263059,-0.1287,-0.271888
P38117,ETFB,-0.371011,-0.421891,-0.121714,-0.171122,-0.338342
Q8TDX7,NEK7,0.547583,0.710595,0.309067,0.430409,0.624383
Q01201,RELB,-0.223145,-0.0397289,-0.226757,-0.602448,-0.631319
Q8NI35,INADL,-0.569824,-0.83974,-0.268878,0.00263977,0.50596
Q96PZ2,F111A,-0.172972,-0.396141,-0.182877,-0.134617,-0.115151
O43318,M3K7,1.00685,1.00022,0.506196,0.45061,0.668398
Q53HL2,BOREA,-0.276745,-0.187278,-0.0300221,0.426553,0.343991
Q9HCM1,RESF1,0.19907,1.48614,-0.193402,0.122838,0.125848
Q8TCE6,DEN10,0.654829,1.21112,0.678634,0.200322,0.823969
Q96RU2-2,UBP28,-0.092273,-0.163276,-0.0813551,-0.226737,-0.108459
Q9UM13,APC10,-0.0643811,-0.18117,0.0273578,-0.094965,0.269074
Q96NE9,FRMD6,0.607053,0.927727,0.444784,0.335744,0.309156
O00422,SAP18,-0.53976,-0.77492,-0.394545,-0.414976,-0.722755
O00471,EXOC5,0.34759,0.212903,-0.0915749,-0.0844491,0.0566833
Q9Y697,NFS1,-0.527133,-0.668298,-0.378676,-0.368497,-0.765402
Q15051,IQCB1,0.676933,0.541281,0.341413,0.51644,0.688431
Q8NC42,RN149,-0.141213,0.10554,0.00403857,0.362846,0.40791
P46734,MP2K3,0.677365,1.14263,0.344699,0.393835,0.717879
Q9UKN8,TF3C4,-0.243308,-0.143721,-0.0292037,-0.108168,-0.0130045
Q7Z3B3,KANL1,-0.400129,-0.490443,-0.458263,-0.353324,-0.433778
Q6AI12,ANR40,0.0104666,-0.0884378,-0.00992465,-0.0174623,0.302992
P82663,RT25,-0.526291,-0.686153,-0.594481,-0.534195,-0.952643
Q86UW6,N4BP2,0.505777,0.796496,0.333548,0.584529,0.456798
P02751,FINC,0.604404,0.620724,0.721949,0.956802,0.955089
Q8N2H4,SYS1,-0.250493,-0.52954,-0.495242,-0.623158,-0.965944
Q9UJF2-2,NGAP,0.260566,0.854861,0.534902,0.333182,0.670666
P51955,NEK2,-0.514345,2.31575,0.519759,-0.423657,0.229598
Q8TC12,RDH11,-0.364807,-0.263537,-0.150522,-0.140152,-0.316958
P29218,IMPA1,0.792548,1.11675,0.445815,0.423489,0.784152
Q9HC62,SENP2,-0.258204,-0.281198,-0.13101,-0.129582,-0.347293
Q8TEQ0,SNX29,0.36034,0.389482,0.0607677,-0.0283213,0.1898
O60547,GMDS,0.476824,0.260976,0.49109,0.535564,0.525324
Q9NWY4,HPF1,-0.224353,-0.432431,-0.54379,-0.325332,-0.201975
Q13901,C1D,-0.429765,-0.581092,-0.338297,-0.343813,-0.365546
O75436,VP26A,0.396755,0.634898,0.195668,0.0451078,0.472479
Q4G0F5,VP26B,0.0573475,0.605855,0.215763,-0.102958,0.424702
Q5T5X7,BEND3,-0.0760906,0.209583,0.0932364,0.0656807,0.172294
P60228,EIF3E,0.517779,0.745069,0.147577,0.0301399,0.476384
Q15036,SNX17,0.332901,0.559236,0.336789,0.583809,0.803332
Q86UX7,URP2,-0.0977058,0.433035,-0.0447721,8.70E-05,-0.305971
Q8N5N7,RM50,-0.158796,-0.18841,-0.234484,0.162178,-0.512811
Q9NZM4,BICRA,-0.561019,-0.664566,-0.491235,-0.55962,-0.698384
Q9BPZ7,SIN1,0.557495,0.644933,0.2727,0.137661,0.363445
O60507,TPST1,-0.254221,0.0643854,0.111988,-0.153707,-0.73985
Q13112,CAF1B,-0.267639,-0.264962,-0.0577981,0.120253,-0.0599349
Q96IY1,NSL1,-0.543894,-0.796918,-0.601797,-0.423763,-0.524145
Q9NPG3,UBN1,-0.248112,-0.461929,-0.0907052,0.110882,-0.343233
Q676U5,A16L1,0.603561,0.586699,0.297961,0.274179,0.325184
Q9HAF1,EAF6,-0.279422,-0.135906,-0.135162,-0.143899,-0.276494
Q9UBW8,CSN7A,0.197545,0.712049,0.24265,0.220782,0.551029
Q8NI60,COQ8A,0.287861,-0.262589,0.0213118,-0.0246384,0.092006
Q63HQ0,AP1AR,-0.124136,-0.255566,-0.266109,-0.199332,-0.372098
Q9H8S9,MOB1A,0.814512,1.16028,0.357895,0.470161,0.702366
Q96BD8,SKA1,0.418189,0.592159,0.25546,0.461861,0.731961
Q96RQ1,ERGI2,-0.151213,-0.249889,0.10165,0.141567,-0.0449913
Q02338,BDH,-0.589593,-0.727532,-0.513142,-0.419896,-1.12458
Q8IYL2,TRM44,1.00438,0.729582,0.686137,0.355543,0.482319
Q02127,PYRD,-0.324159,-0.525349,0.0363452,0.137848,-0.381298
Q6IPR1,ETFR1,-0.140189,-0.367928,-0.118263,-0.103065,-0.374242
Q96C34,RUND1,0.42074,2.23529,0.885151,0.575415,0.668509
Q9P215,POGK,-0.442847,-0.47381,-0.345851,-0.600152,-0.0355661
Q8IXJ6,SIR2,0.574313,0.660695,0.209423,0.177442,0.133309
Q9UKK9,NUDT5,0.73413,1.12995,0.429815,0.430947,0.794834
P08397,HEM3,0.516924,0.830965,0.265176,0.323011,0.536707
Q92870,APBB2,0.0437012,-0.122347,0.125066,0.109959,-0.0356493
Q8NBZ7,UXS1,-0.293442,-0.326317,-0.139081,-0.163245,-0.190716
Q9HC16,ABC3G,0.54949,0.334445,0.563482,0.244465,1.22981
Q9UFF9,CNOT8,0.306307,0.595652,0.2492,0.00333405,0.29549
Q9Y399,RT02,-0.452462,-0.500037,-0.125637,-0.107638,-0.310313
P02794,FRIH,0.0768967,0.0680141,0.0402718,0.101224,0.923082
Q5NDL2,EOGT,-0.15805,-0.207543,0.00151801,-0.14954,-0.067662
Q9P227,RHG23,-0.238417,-0.238112,-0.0773635,0.0034759,-0.20063
Q9BTV4,TMM43,-0.159168,-0.0356867,0.0453238,0.0243075,-0.117536
Q5T5U3,RHG21,-0.208151,-0.270056,-0.134711,-0.15999,-0.0796332
Q9ULR0,ISY1,-0.272064,-0.136502,-0.0310607,-0.014199,-0.133577
Q01469,FABP5,0.500793,0.622345,0.281238,0.269576,0.834018
Q8WVY7,UBCP1,0.469286,0.686583,0.0837209,0.040416,0.384591
Q13393,PLD1,0.247573,0.0619249,0.108208,0.107128,-0.221584
Q96LI5,CNO6L,-0.243533,-0.374256,-0.698227,-0.258682,-0.185536
Q9NXV2,KCTD5,0.398122,0.474818,0.0920284,0.218816,0.181107
Q9H9A6,LRC40,0.149726,0.20236,0.0838962,0.160212,0.111516
O43674,NDUB5,-0.118029,0.0895481,0.364486,0.279433,-0.280252
P40692,MLH1,-0.128067,0.189991,0.214094,0.222414,0.588256
Q9BYT3,STK33,0.636299,0.427617,0.379551,0.423322,0.288142
Q9H0A8,COMD4,0.692754,0.846827,0.517943,0.222379,0.46389
Q8N9V3,WSDU1,0.205472,0.254676,0.0569665,0.264081,-0.0428824
Q8NBI6,XXLT1,-0.217033,-0.513005,0.0979033,-0.00418782,-0.277081
Q9NXE8,CWC25,-0.652469,-0.626091,-0.392394,-0.28944,-0.181877
Q9UI12,VATH,0.0052917,0.423119,-0.0435109,-0.189366,0.160317
P60602,ROMO1,-0.0680234,0.431743,0.576493,0.617641,0.343807
Q9H8M1,CQ10B,-0.0794094,-0.0905147,-0.106576,-0.0950434,-0.161827
Q9UQ53,MGT4B,-0.281124,-0.118139,-0.00370216,-0.22295,-0.889985
O75460,ERN1,0.0407438,0.0302293,0.16151,-0.0227299,0.179202
A5PL33,KRBA1,-0.0140312,1.27679,1.24832,-0.00301528,-0.120846
Q99674,CGRE1,-0.293221,-0.463416,0.0210447,0.18646,0.0561669
P29034,S10A2,1.18248,1.16178,1.37182,1.4763,2.00069
Q58EX2,SDK2,-0.335569,-0.256368,-0.294005,-0.0918176,-0.405405
Q9UBF8,PI4KB,0.159651,0.0664454,0.0294604,-0.086019,0.291722
P30520,PURA2,0.697721,0.860645,0.510445,0.448957,0.985316
Q9BZV1,UBXN6,0.259462,0.185778,1.03102,-0.307183,0.137546
P36639,8ODP,0.957249,1.10967,0.419458,0.469906,0.910364
Q9UBK9,UXT,0.831848,0.87883,0.641337,0.965486,0.925182
Q9BZ67,FRMD8,0.299752,-0.0985031,-0.0555739,-0.075757,-0.24613
Q9Y6Q9,NCOA3,-0.234918,-0.149606,-0.255347,-0.0084784,0.0143692
Q96A49,SYAP1,0.575214,0.56194,0.16162,0.192312,0.332438
P36404,ARL2,0.198133,0.449275,0.516919,0.188184,0.476032
Q9P2X0,DPM3,-0.0639727,-0.128066,0.447335,0.0961578,-0.0698748
Q96HV5,TM41A,-0.288264,-0.21288,-0.0014348,-0.0646391,-0.190895
Q9P0B6,CC167,-0.501344,-0.324002,-0.242656,-0.22441,-0.51043
Q8N6M3,FITM2,-0.537634,-0.969464,-0.933231,-0.409688,-1.3478
Q6NW29,RWDD4,1.15069,1.05632,0.616976,0.319411,1.02834
Q9NRY5,F1142,0.651544,0.625321,0.159987,0.277354,0.43583
P42226,STAT6,0.4599,0.550673,0.446172,0.349737,0.5075
P42229,STA5A,-0.0143027,0.588195,-0.0544744,0.492532,-0.366958
Q969T7,5NT3B,0.834979,1.35279,0.58788,0.482787,0.868942
Q7Z3C6,ATG9A,0.265859,0.38079,0.194943,0.277396,0.0949869
Q9NPB8,GPCP1,0.6569,0.923523,0.960339,0.999473,1.57041
O75298,RTN2,-0.493242,-0.0267541,0.201645,-0.0747969,-0.281006
Q8IZA0,K319L,-0.25099,-0.209135,-0.0285358,0.186149,-0.39706
P17813,EGLN,-0.261556,-0.319635,-0.00652409,0.126715,-0.237276
Q9Y3E7,CHMP3,0.916306,1.00553,0.576691,0.540874,0.914839
Q9H981,ARP8,0.00262499,-0.0188637,-0.048583,-0.0625193,0.117781
Q16880,CGT,-0.138963,-0.400033,0.110664,0.192586,-0.0344229
Q9NTX5,ECHD1,0.0186744,0.0869944,0.07306,0.102852,0.0974934
Q96HE9,PRR11,0.189491,0.406611,-0.135745,0.312999,0.278523
Q9NWS9,ZN446,-0.337971,-0.187931,-0.248347,0.207775,-0.367827
Q9GZQ3,COMD5,0.678352,0.918992,1.10051,0.630471,1.20002
Q9BVM2,DPCD,0.689999,0.77829,0.249351,0.331184,0.534557
P30085,KCY,0.937258,0.854285,0.389559,0.522834,0.672902
Q9Y448,SKAP,0.865062,0.285251,0.0105424,0.267511,0.342976
Q13530,SERC3,-0.315805,0.0306156,-0.109065,0.0321651,0.328252
Q9BSW2,EFC4B,0.228402,0.248241,-0.270557,0.16318,0.044009
Q9UIV1,CNOT7,0.251478,0.469445,0.126753,-0.0522058,0.213511
Q9Y2Y0,AR2BP,0.611029,0.746345,0.423024,0.553816,0.934236
P62899,RL31,0.423632,0.65276,0.199545,0.269285,0.299446
Q7KZN9,COX15,-0.384535,-0.432747,0.148683,0.261194,-0.197874
Q96PZ0,PUS7,0.285454,0.719438,0.35222,0.254872,0.77672
P10916,MLRV,-0.575643,-0.498217,-2.7819,-3.59114,-2.22158
O15446,RPA34,-0.462843,-0.672653,-0.465452,-0.286838,-0.341276
O75845,SC5D,-0.192684,-0.128482,-0.174291,0.015877,0.07251
Q9UKF6,CPSF3,-0.293853,-0.308032,0.016855,-0.202871,-0.0998871
Q70JA7,CHSS3,-0.69862,-0.657881,-0.174037,-0.32631,-0.392241
Q9H6Z4,RANB3,-0.00573206,0.357554,0.113276,0.124578,0.550371
A0A096LP39,A0A096LP39,-0.183868,-0.108331,-0.072953,-0.0681505,0.0779126
Q02487,DSC2,0.121914,0.129928,0.475318,0.488129,-0.213965
Q2QGD7,ZXDC,-0.331716,-0.0701556,-0.243491,-0.169791,-0.119727
Q13158,FADD,0.425414,0.580206,0.227874,0.335289,0.530053
Q5TFE4,NT5D1,0.569753,0.922377,0.345201,0.218012,0.508294
Q6P587,FAHD1,-0.537499,-0.609392,-0.280468,-0.340243,-0.560951
P30307,MPIP3,-0.276834,-0.262924,-0.418023,-0.0582402,-0.394767
Q96D09,GASP2,0.481187,1.58942,0.850923,0.330985,1.42587
Q15170,TCAL1,0.438646,0.745504,0.177721,0.441782,0.574884
Q6N043,Z280D,-0.762212,-0.938034,-0.197924,-0.243211,-0.809846
P57105,SYJ2B,-0.0420742,-0.164503,0.634032,0.675923,-0.240002
O43399,TPD54,0.518474,0.589028,0.26726,0.265327,0.388561
O75676,KS6A4,-0.0202096,0.373242,0.0494268,0.140194,0.296769
P22304,IDS,-0.38458,-0.694943,-0.459066,-0.63939,-0.785312
Q96Q07,BTBD9,-0.235721,-0.147045,-0.331109,-0.537771,-0.809715
Q6NVV7,CDPF1,-0.56146,-1.16096,-0.560899,-0.117383,-0.328367
Q9P0J0,NDUAD,-0.158259,-0.229447,0.186981,0.415048,-0.0946922
Q9NRY4,RHG35,0.388021,0.142785,0.281939,0.12804,0.292192
Q9H7L9,SDS3,-0.368138,-0.506067,-0.359729,-0.541807,-0.581039
Q7Z3D4,LYSM3,-0.327,-0.609871,-0.268702,-0.317018,-0.420602
Q8WVJ2,NUDC2,0.398541,1.0495,0.747741,0.353606,0.798636
Q9BVV7,TIM21,-0.173585,-0.110965,0.283452,0.455936,-0.0173464
P20908,CO5A1,-0.350308,-0.332555,0.280937,-0.0483422,-0.581864
Q9Y294,ASF1A,0.41057,1.3689,0.576877,0.353679,0.969875
Q15697,ZN174,-0.230439,-0.287818,-0.472212,-0.670958,-0.742227
Q15382,RHEB,0.552053,0.867259,0.225853,0.481265,0.76705
Q9H825,METL8,-0.114451,-0.0745137,-0.111663,0.181552,-0.220242
Q9GZS3,SKI8,-0.0033772,0.0716667,-0.0878255,-0.060617,0.109841
Q6IA86,ELP2,0.469685,0.405163,0.091234,0.20438,0.372352
Q9H2X8,I27L2,-0.427218,0.285646,0.408681,-0.106793,-0.329671
P14384,CBPM,0.29943,0.406919,0.451516,0.683896,0.128397
Q8IWZ6,BBS7,0.305434,0.892814,0.110114,0.205364,0.252926
Q6QNY1,BL1S2,0.0897911,0.0139673,-0.0286293,-0.112657,-0.147091
Q8N8A6,DDX51,-0.431004,-0.579046,-0.231185,-0.232317,-0.428238
O00217,NDUS8,-0.221277,-0.310456,0.267443,0.367531,-0.187181
Q8WY21,SORC1,-0.0407708,-0.0444274,0.526704,0.50193,-0.298809
Q7L273,KCTD9,0.913191,0.435282,0.209908,0.505715,0.993049
Q5SY16,NOL9,-0.308187,-0.288888,0.0440037,-0.152335,-0.072252
Q13009,TIAM1,0.123519,-0.166767,0.253569,0.372421,-0.00157118
Q86YH2,Z280B,0.291246,0.0647399,-0.214805,-0.066998,-0.0321198
P17174,AATC,0.621573,0.780082,0.0692623,0.0745764,0.411016
Q9UKU9,ANGL2,-0.399848,-0.234939,-0.115227,0.0469806,0.0678749
Q8NCW5,NNRE,0.0455258,0.199763,0.147512,0.185175,0.0753219
Q3T8J9,GON4L,-0.274162,0.219969,0.279855,0.223933,-0.0372014
Q9NUA8,ZBT40,-0.347203,-0.597404,-0.468807,-0.52446,-0.806236
O76071,CIAO1,0.520026,0.617591,0.18891,0.354296,0.532524
Q93052,LPP,0.208978,0.174438,0.163481,0.171613,0.153829
P61289,PSME3,-0.0579066,0.364763,0.0613921,0.0602877,0.54799
Q9BUI4,RPC3,-0.119855,-0.208497,-0.152622,-0.0591121,0.0550647
Q9H0C5,BTBD1,-0.144718,0.0670259,-0.0643475,0.0289013,-0.175775
Q6PI78,TMM65,-0.264585,-0.0451674,0.874541,0.865275,0.231158
O75953,DNJB5,0.304196,0.104977,0.712791,0.477159,0.35779
Q9NX40,OCAD1,0.0230899,-0.0989034,0.536459,0.573569,0.13503
D6RDK6,D6RDK6,-0.153729,0.529042,0.113772,0.49285,0.505078
Q9NXA8,SIR5,0.90701,0.122505,-0.27403,1.37442,0.336694
Q9HC07,TM165,-0.267115,-0.352252,-0.129273,-0.0545371,-0.424623
Q86VI4,LAP4B,-0.0676785,0.370072,0.28342,0.701708,0.0994973
Q9UHG2,PCS1N,0.316283,0.158639,0.098789,-0.381555,0.00365877
Q9Y620,RA54B,-0.293379,-0.18906,0.0124474,-0.0225694,0.587635
P17096,HMGA1,-0.679473,-0.746623,-0.555453,-0.45966,-0.833976
P17096-2,HMGA1,0.0740366,-0.461129,-0.433083,0.240477,-0.737187
Q96C24,SYTL4,-0.123405,-0.424042,0.0774167,0.0933204,-0.382819
Q16740,CLPP,-0.425933,-0.153118,0.224599,0.02457,-0.272723
Q9H2J7,S6A15,-0.856617,0.200693,-0.19581,0.044461,0.273977
Q9UHY1,NRBP,0.774437,1.11511,0.447237,0.270966,0.866437
P07919,QCR6,-0.139025,-0.340466,0.143426,0.472833,0.0487382
Q14667,BLTP2,-0.15419,-0.18821,0.203402,0.249288,-0.0909493
Q8N954,GPT11,-0.488893,0.173062,0.0443301,-0.00558686,0.974937
O15498,YKT6,0.346248,0.608743,0.478973,0.241001,0.77803
Q6P087,RUSD3,-0.439298,-0.44548,-0.230233,0.28607,-0.496125
P51587,BRCA2,0.614627,0.602032,-0.174531,-0.173123,0.26707
A6NDU8,RIMC1,0.754437,0.267704,0.36313,0.520081,0.599529
Q8IVV7,GID4,-0.00892019,-0.126821,-0.0891953,-0.0139232,0.133276
Q8IWX8,CHERP,-0.401582,-0.511538,-0.303539,-0.344264,-0.468602
Q9GZQ8,MLP3B,0.362993,0.254517,-0.0491686,0.260774,0.435279
O60890,OPHN1,0.255548,0.266608,0.0301108,0.0899119,0.156098
Q9Y2Z9,COQ6,-0.187389,-0.311116,-0.253194,-0.169003,-0.302039
Q05209,PTN12,0.816013,0.8108,0.316824,0.300776,0.603962
O60701,UGDH,0.428263,0.875487,0.191312,0.187643,0.698448
Q8N1F8,S11IP,-0.556733,-0.387249,-0.144488,-0.25068,-0.43291
Q9UBN7,HDAC6,0.742781,0.671638,0.297864,0.229926,0.667098
O94822,LTN1,0.619954,0.927897,0.249428,0.2559,0.601004
Q96K19,RN170,-0.507556,-0.385807,-0.0919745,-0.441627,-0.275914
O00327,BMAL1,0.0827937,0.142222,0.274793,0.132078,0.14034
Q9NPI6,DCP1A,0.34269,0.257378,0.0778215,0.122766,0.0685623
Q9NQ92,COPRS,0.507551,0.553724,0.725476,0.473534,1.02376
Q9NY26,S39A1,-1.20606,-0.790213,-0.0262688,0.15013,-0.121526
P08047,SP1,-0.310483,-0.553613,-0.307644,-0.147633,-0.232425
P37198,NUP62,-0.157824,-0.0605803,0.138885,0.147478,-0.0390654
A6NJ78,MET15,-0.578062,-0.22527,-0.169216,0.258351,-0.31469
P13473-2,LAMP2,-0.249372,-0.282921,-0.0583394,-0.133048,-0.204338
Q9UHN1,DPOG2,-0.229228,-0.417932,-0.0441265,-0.0570664,-0.340198
Q9BQG2,NUD12,0.235365,0.107612,0.268154,0.176461,-0.10564
Q6PJI9,WDR59,0.402239,0.692799,0.169319,0.0245769,0.236528
Q8NCW6,GLT11,0.0741258,-0.172052,0.280963,0.234037,-0.523394
Q9BVL2,NUP58,-0.332584,-0.383385,-0.290008,-0.400188,-0.39735
Q8NEJ9,NGDN,-0.472346,-0.427648,-0.432137,-0.305787,-0.429836
Q9BW85,YJU2,-0.120984,0.115671,-0.0376639,0.0114939,0.0395412
Q6GQQ9,OTU7B,0.217205,0.61569,0.175075,0.132126,0.608747
Q9UBV7,B4GT7,0.0542579,-0.035006,0.348566,0.074861,0.188596
Q9P0W2,HM20B,-0.117134,0.220789,0.0272427,-0.160756,-0.0697663
Q06124,PTN11,0.864453,1.02977,0.429358,0.467254,0.713258
Q9NQB0,TF7L2,-0.360617,-0.2668,-0.42946,-0.515706,-0.427759
O14618,CCS,0.843014,1.14,0.553747,0.46805,0.405725
Q9HD40,SPCS,0.826619,0.82143,-0.125092,0.173423,0.0824552
Q969H8,MYDGF,-0.408614,-0.677354,-0.360843,-0.530224,-0.444834
O43251-8,RFOX2,-0.45883,-0.233496,0.0107439,-0.10661,-0.445927
Q9NXH9,TRM1,0.054527,0.0953789,0.0478375,0.0776136,0.269601
O60942,MCE1,0.104176,0.119434,-0.0326843,0.0772948,0.3913
Q8N9N2,ASCC1,0.456535,0.752996,0.405567,0.187068,0.65559
Q8NBN3,TM87A,0.0948558,-0.0310712,-0.0222001,0.0905774,0.0873246
P49903,SPS1,0.168594,0.714359,0.179151,0.157779,0.688755
Q99611,SPS2,-0.0832868,0.102993,0.00671124,-0.0235088,0.176217
P25208,NFYB,-0.62026,-0.638482,-0.691889,-0.472882,-0.446998
Q9NXE4-2,NSMA3,-0.297246,-0.379117,-0.2267,0.182409,-0.355879
Q9NXE4,NSMA3,-0.436591,-0.35816,-0.0279002,-0.141724,-0.352119
Q13445,TMED1,-0.107778,0.117889,0.584924,0.214006,0.255451
Q9Y4B4,ARIP4,-0.0911472,0.0187781,0.0619087,-0.0697963,0.201246
Q7Z392,TPC11,0.0432117,0.134459,0.0485656,-0.0491307,0.129985
Q9BRA0,NAA38,0.0874796,-0.389641,-0.0954831,-0.229637,0.0411227
Q9NUW8,TYDP1,0.166529,0.369812,0.117431,0.305239,0.692254
Q14493,SLBP,0.181192,0.440011,0.162392,0.4143,0.796551
Q9UJC5,SH3L2,0.865415,0.828279,0.227607,0.3015,0.586048
Q9H2K0,IF3M,-0.422009,-0.320035,-0.346692,-0.378846,-0.669092
Q8TBN0,R3GEF,0.383154,0.119112,0.0528655,0.369601,0.47377
Q9UJX5,APC4,-0.0169437,-0.145119,-0.174015,-0.321382,-0.101959
Q9NVS2,RT18A,-0.141727,-0.346822,0.00282001,0.00613379,-0.2711
P35367,HRH1,-0.350218,-0.491653,-0.268607,-0.00185204,-0.235563
Q8NCN2,ZBT34,-0.0432768,-0.0783849,-0.237955,-0.196592,-0.239389
O95295,SNAPN,0.908272,0.414505,0.782553,0.4101,1.00045
Q9UI43,MRM2,-0.191687,-0.205656,-0.0676053,0.186243,-0.321168
Q9Y5R4,HEMK1,-0.474105,0.0560715,-0.165111,-0.197183,-0.169286
Q15058,KIF14,0.325001,0.453515,0.162605,0.139182,0.309535
Q13608,PEX6,-0.111177,-0.0707223,0.0451331,0.171454,-0.178281
Q96ET8,TV23C,-0.203187,-0.205249,-0.319924,-0.171804,-0.0231979
O60870,KIN17,-0.282327,-0.145916,-0.26867,-0.262182,-0.0271349
Q5W0B1,OBI1,-0.230956,-0.131093,-0.19204,0.00855231,-0.104693
Q9H267,VP33B,0.6426,0.384476,0.195698,0.0583403,0.317071
Q14CZ0,HAPR1,-0.944557,-0.751209,-1.07606,-0.297058,-0.596092
Q15257,PTPA,0.762177,1.00522,0.213235,0.19521,0.293052
O43681,GET3,0.0318525,0.139981,0.187898,0.166711,0.185319
Q9Y365,STA10,0.471115,0.710676,0.190653,0.290705,0.227554
Q9UBQ0,VPS29,0.34666,0.561961,0.155795,0.13008,0.428166
P42898,MTHR,0.245589,0.028686,0.365507,-0.218273,0.978275
Q9NZH0,GPC5B,0.463148,0.59989,0.0434644,0.14086,0.772426
Q8IY92,SLX4,-0.460267,-0.360231,-0.576112,-0.263933,-0.708422
Q9UBQ7,GRHPR,-0.0287786,0.0678051,0.137891,0.0205593,0.0765319
Q96IC2,REXO5,0.549137,1.25729,0.772786,1.03447,1.3819
Q9NWU2,GID8,-0.187911,-0.10532,1.39903,0.722583,1.02803
Q8TEV9,SMCR8,0.369308,0.21903,-0.117353,0.195244,0.405084
Q9Y3B2,EXOS1,-0.34132,-0.400414,-0.170653,-0.327317,-0.0461915
Q6P2P2,ANM9,0.43347,0.511054,0.381038,0.285904,0.666007
P55201,BRPF1,-0.227946,-0.155242,0.0676086,0.0139055,-0.374261
Q9ULD4,BRPF3,-0.385302,-0.317441,-0.155107,-0.150746,-0.436522
Q9GZT9,EGLN1,2.47701,0.726852,0.255367,0.187845,1.18626
P62328,TYB4,2.54102,1.68731,1.10431,1.40648,1.7894
P63313,TYB10,1.32834,1.08768,0.510187,0.559499,0.914012
P50897,PPT1,-0.525671,-0.757953,-0.554384,-0.715313,-0.93979
Q9UBN6,TR10D,-0.331322,-0.43013,-0.787106,0.0855994,0.415669
Q9HBM1,SPC25,1.32247,1.18968,0.814664,0.675055,0.89487
Q01658,NC2B,-0.0111985,-0.0178275,-0.0133886,0.0502608,0.223085
Q9Y673,ALG5,-0.419876,-0.619044,-0.268145,-0.217813,-0.488317
P60983,GMFB,0.793363,0.706876,0.46118,0.340164,0.715074
O60234,GMFG,0.256111,0.571472,0.0769014,0.561639,0.801834
O60858,TRI13,0.335124,0.385662,0.290979,0.451235,0.320959
Q6ZUT6,CCD9B,-0.317239,-0.304975,-0.238184,0.237423,0.152124
Q9Y5Z7,HCFC2,-0.246261,-0.158042,-0.120686,-0.154627,-0.429536
Q9H081,MIS12,-0.591457,-0.497196,-0.121286,0.096637,-0.124621
P52824,DGKQ,0.667155,1.38016,0.283932,0.231159,0.578677
O14925,TIM23,0.362477,0.328866,0.378622,0.487077,0.400008
Q14207,NPAT,0.817986,0.691071,0.441747,0.232587,0.482472
Q9Y6I9,TX264,-0.258633,-0.350242,0.0710678,-0.0480917,-0.099474
Q96N23,CFA54,0.717736,0.208887,0.0906501,-0.173328,0.687459
P53680,AP2S1,-0.198771,-0.250639,0.10282,-0.113755,-0.0893149
P43007,SATT,-0.670223,-0.568092,-0.392301,0.248115,-0.146574
Q9Y2Q5,LTOR2,0.304136,0.119231,0.673244,0.356282,0.336092
Q8WV22,NSE1,0.148526,0.212837,0.353982,0.0533626,0.593315
Q9H5V9,STEEP,-0.161572,-0.264319,-0.258743,-0.209562,-0.228736
P17900,SAP3,-0.445635,-0.537269,-0.191907,-0.35923,-0.669239
Q8TD55,PKHO2,0.750285,0.83276,0.183462,0.0435998,0.187973
P21953,ODBB,-0.646006,-0.693522,-0.13041,-0.238455,-0.820957
Q9Y4C2,TCAF1,0.520403,0.588302,0.244242,0.144766,0.364432
A6NFQ2,TCAF2,0.321642,0.517305,0.490113,0.0655632,0.0623386
Q16666,IF16,-0.359397,-0.260761,-0.238114,-0.400602,-0.223364
Q6Y2X3,DJC14,-0.186979,-0.319666,-0.0977769,-0.0622542,-0.324467
H0YHG0,H0YHG0,-0.344862,-0.4358,-0.32919,-0.273099,-0.391896
O60279,SUSD5,0.219647,0.551138,1.01989,1.09095,0.992748
Q8N3Z6,ZCHC7,-0.363997,-0.267483,-0.109687,-0.252996,-0.367353
Q9NX01,TXN4B,0.0326772,0.157248,0.429391,0.278035,0.447855
Q9NP72,RAB18,-0.111656,-0.28471,-0.185327,0.0982478,-0.0710802
Q9BX10,GTPB2,0.215095,-0.122179,0.387016,-0.122604,0.355922
Q5HYI7,MTX3,-0.134102,0.0227454,0.501219,0.389128,-0.136029
O60678,ANM3,0.836522,0.727208,0.342188,0.552011,0.67104
Q01484,ANK2,0.20113,0.426893,0.054642,0.0421267,0.197912
Q12955,ANK3,-0.165317,-0.138589,-0.0329537,-0.0330076,0.0128458
P36956,SRBP1,-0.350896,0.00136209,-0.0264246,-0.14842,-0.641436
Q12772,SRBP2,-0.0812271,0.0192771,-0.0720639,0.0474982,-0.2294
Q13485,SMAD4,0.576108,0.849129,0.38596,0.237571,0.468995
P16157,ANK1,-1.49717,-1.76827,-1.11883,-1.14044,-1.14278
Q9Y5P4,CERT,-0.0760183,1.03424,0.234174,0.136414,0.297746
Q9NRI5,DISC1,2.07843,-0.316829,0.795724,0.544745,0.0720036
Q8TED1,GPX8,-0.12285,-0.265339,-0.0741146,0.0371702,-0.137531
Q9UKN7,MYO15,0.422076,0.740968,0.590739,0.423122,0.785981
Q6NUQ1,RINT1,-0.248391,-0.42825,-0.16724,-0.254347,-0.296512
Q16610,ECM1,-0.472282,-0.595267,-0.56739,-0.352324,-0.353025
Q6NXT1,ANR54,0.433182,0.56828,0.442347,0.124791,0.311929
Q9BTW9,TBCD,0.47969,0.500975,0.225766,0.31699,-0.0192788
Q9NPC6,MYOZ2,-0.306209,-0.550063,-1.81621,-1.82943,-1.36892
Q9BSL1,UBAC1,0.664211,0.811393,0.447845,0.379309,0.698092
Q8N983-4,RM43,-0.266387,-0.186224,0.315774,-0.00759149,-0.120677
P32321,DCTD,0.365565,0.651084,0.501711,0.331568,0.845526
Q9Y3D3,RT16,-0.486583,-0.572202,-0.181085,-0.23631,-0.483071
Q9NWU5,RM22,-0.370492,-0.315106,-0.115107,-0.204011,-0.49729
Q16635,TAZ,-0.931368,-0.250964,-0.74999,-0.13937,-0.685022
Q86UQ0,ZN589,0.0822508,-0.3902,0.348694,-0.285315,-0.430119
Q9BTA9,WAC,-0.329482,-0.345943,-0.406295,-0.403458,-0.286493
O75380,NDUS6,-0.444084,-0.756874,-0.352415,0.301088,-0.784734
Q494V2,CP100,-0.550289,-0.777417,-0.218379,0.0389357,-0.309656
Q16854,DGUOK,-0.332419,-0.401515,-0.0776885,-0.153833,-0.278827
P43250,GRK6,0.384674,0.160829,0.31254,0.0926447,0.0115678
Q96EK7,F120B,0.117645,0.27436,0.157232,0.0251195,0.222124
P56556,NDUA6,-0.401424,-0.0227959,0.204639,-0.0162523,-0.45729
Q8TAA5,GRPE2,-0.661969,-0.817752,-0.71819,-0.480345,-0.448808
P62166,NCS1,-0.129316,-0.0579226,0.236204,0.342332,0.186769
Q9Y232,CDYL,-0.337804,-0.609998,-0.147544,-0.0590403,-0.255686
A0A1W2PRB8,A0A1W2PRB8,0.0737927,-0.0136559,-0.0203743,-0.146847,-0.014631
Q6NXT4,ZNT6,-0.292037,-0.164653,-0.111698,-0.118247,-0.0663199
A0A1B0GVB3,CG078,-0.509676,-0.575149,-0.403986,-0.361252,-0.319531
Q9Y5W7,SNX14,-0.527684,-0.279756,-0.269782,-0.261273,-0.591853
Q9UJG1,MSPD1,-0.16457,-0.141555,-0.174581,-0.137041,-0.221148
P21964,COMT,-0.359702,-0.517377,-0.170973,-0.22063,-0.404812
Q9H1B5,XYLT2,0.209205,-0.163057,0.0762484,0.315637,0.199621
Q9NVV9,THAP1,-0.389804,-0.192892,-0.294115,0.322135,0.039418
Q9NP66,HM20A,-0.188283,-0.152514,-0.05563,0.0292947,-0.22592
Q9H9A7,RMI1,-0.398519,-0.320392,-0.232339,-0.1651,-0.222595
Q9ULX3,NOB1,0.583301,0.480542,0.231081,0.430064,0.44767
Q9NRS6,SNX15,0.472996,0.68608,0.0928142,-0.0440664,0.341916
Q8NHS3,MFSD8,-0.522218,0.0803106,0.298384,0.145159,0.0668151
Q8TAE8,G45IP,-0.238249,-0.408879,0.0267768,-0.132287,-0.578498
Q99447,PCY2,0.638994,0.480016,0.382425,0.296402,0.467912
Q8WYA6,CTBL1,-0.440211,-0.603682,-0.407543,-0.532225,-0.393705
P28749,RBL1,-0.347231,-0.0767431,-0.0903141,0.332524,0.415102
O43347,MSI1H,-0.0355904,0.0574858,-0.0116937,0.0635304,0.0984817
Q96DH6,MSI2H,-0.0735285,-0.194682,-0.0381742,-0.00993729,0.0158477
Q00013,EM55,-0.0806406,-0.186988,-0.219443,-0.17488,-0.248904
Q49B96,COX19,-0.288299,-0.183527,0.182944,0.150668,-0.159168
Q86UA1,PRP39,0.0105238,0.457465,0.499369,0.360538,1.03503
O43324,MCA3,0.599384,1.15584,0.667208,0.441603,0.994389
Q8N567,ZCHC9,-0.310386,-0.429353,-0.266349,-0.147057,-0.177669
P56817,BACE1,-0.204984,0.124686,-0.341325,0.0983937,-0.292047
Q86X02,CDR2L,1.57184,0.579243,0.385669,0.446545,0.665729
Q9BQP7,MGME1,-0.497736,-0.735597,-0.444936,-0.407664,-0.668996
Q969X5,ERGI1,-0.282466,-0.338573,0.122725,0.0492749,-0.00571489
Q92484,ASM3A,-0.319255,-0.311294,-0.463493,-0.728692,-0.739347
Q8TF42,UBS3B,0.331595,0.279881,0.444315,0.152116,0.566961
Q9UHK6,AMACR,-0.326163,-0.362921,0.0182869,-0.0306826,-0.397058
Q9NZD8,SPG21,-0.322397,-0.242863,-0.121597,-0.193624,-0.000751257
Q8WUA7,TB22A,0.590077,0.799525,0.206869,0.316454,0.44482
Q8NBF2,NHLC2,0.911143,1.10728,0.443743,0.351835,0.645108
Q13614,MTMR2,0.48727,0.510155,0.201538,0.112054,0.512552
Q96FN4,CPNE2,0.273254,0.971481,-0.280522,0.251283,0.597607
Q9NS23,RASF1,0.0527811,0.0877593,0.12257,0.134592,0.136984
O95336,6PGL,-0.0337245,0.368616,0.319618,0.38974,0.380321
P06132,DCUP,0.619091,0.836484,0.398987,0.598979,0.879939
Q99836,MYD88,0.706755,0.733777,0.537105,0.345464,0.87295
Q5JPH6,SYEM,-0.359852,-0.320846,-0.12528,-0.129807,-0.250554
Q9NWZ3,IRAK4,0.667725,0.901054,0.215569,0.205938,0.556552
O94829,IPO13,0.694005,0.684563,0.312979,0.27211,0.708157
Q9UBH6,S53A1,-0.192445,0.0545902,0.00687981,0.146871,-0.179281
Q9NRG9,AAAS,-0.299475,-0.445976,-0.23278,-0.137766,-0.467466
Q86UB9,TM135,-0.309198,0.218171,-0.180914,0.330265,-0.474059
P40429,RL13A,0.439357,0.52845,0.295578,0.373491,0.520523
Q5SRE5,NU188,-0.21393,-0.244932,-0.0714836,-0.129865,-0.0249958
Q5VUM1,SDHF4,-0.376009,-0.43846,-0.448298,-0.670215,-0.710335
P53667,LIMK1,0.65243,0.730146,1.13909,0.680354,1.21769
A6NHX0,CAST2,0.36098,0.244498,-0.00643539,-0.410902,0.045141
P51580,TPMT,1.08873,0.875697,0.530872,0.335707,0.962534
P24903,CP2F1,-0.179596,0.00386214,-0.214169,0.120365,-0.186811
Q92871,PMM1,0.639532,0.736301,0.570762,0.456872,0.426598
P0DPB6,RPAC2,-0.156195,-0.18352,0.0738757,-0.0886426,-0.0484481
Q7Z304,MAMC2,-0.370758,-0.339653,-0.391231,-0.234547,-0.432079
Q5T447,HECD3,1.32647,1.03664,0.349911,0.534665,0.670294
P18859,ATP5J,-0.24765,-0.452516,-0.0429926,0.0445073,-0.0695767
Q8IUR0,TPPC5,0.659557,0.849923,0.464929,0.356277,0.74549
P82912,RT11,-0.349545,-0.356148,-0.104925,-0.143684,-0.546384
Q9BTL3,RAMAC,-0.329047,-0.297549,-0.238348,-0.221508,-0.270682
O60343,TBCD4,0.648088,0.263983,0.0551426,-0.150525,0.223845
P53677,AP3M2,0.222771,0.358979,0.045285,-0.0224452,0.0288389
Q9Y2T2,AP3M1,0.626906,0.474604,0.146182,0.0995865,0.412729
O95639,CPSF4,-0.373819,-0.405785,-0.269235,-0.23667,-0.381835
P51571,SSRD,-0.25616,-0.370782,-0.0851123,-0.0586848,-0.306276
Q9H7Z3,NRDE2,-0.442299,-0.10212,-0.218722,-0.183557,-0.182328
P48061,SDF1,0.799723,0.241448,0.709013,1.23186,0.793831
Q9HCL2,GPAT1,-0.414318,-0.260639,-0.129812,-0.0480027,-0.139843
Q969X6,UTP4,-0.478414,-0.478765,-0.133933,-0.182483,-0.210483
P57682,KLF3,-0.696597,-0.611649,-0.406347,-0.35099,-0.625913
A6NNL5,CO061,-0.000437975,0.36171,0.316401,-0.0107143,-0.409309
Q8WUF8,ARB2A,-0.373186,-0.52154,-0.202872,-0.277814,-0.451308
Q5T8I9,HENMT,0.615836,0.83584,1.1626,0.465849,1.20049
Q96BR6,ZN669,0.172191,0.774579,-0.181446,0.589466,0.4776
B7ZAQ6,GPHRA,-0.41492,-0.338359,-0.039736,-0.017076,-0.275257
Q8NEM2,SHCBP,0.289111,0.511096,0.296555,0.442281,0.704049
P62495,ERF1,0.734088,0.914933,0.433618,0.35296,0.850145
Q7LGA3,HS2ST,-0.0669806,0.111149,0.333779,0.262685,0.126439
Q14644,RASA3,-0.227316,-0.211451,-0.0652654,-0.0931923,0.077033
Q96CG3,TIFA,0.440296,0.745583,0.393132,0.258645,0.670631
Q6IC98,GRAM4,-0.363803,-0.319888,-0.19623,-0.205274,-0.542399
P26045,PTN3,0.086113,0.32724,0.0652118,-0.102852,-0.106663
Q8N4C7,STX19,-2.62553,-1.17085,-1.89697,-1.9434,-2.03661
O43920,NDUS5,-0.193225,0.0524793,0.387905,0.374747,-0.330629
Q7Z699,SPRE1,-0.08233,0.0207598,0.144562,0.0111256,0.166044
M0QY01,M0QY01,0.249047,0.181499,-0.175249,0.0488183,0.085036
O43823,AKAP8,-0.446942,-0.491063,-0.444474,-0.422615,-0.486761
Q8WV60,PTCD2,-0.203294,-0.491561,0.0887039,-0.0103171,-0.201664
Q9H6X4,TM134,-0.21033,-0.649223,-0.510577,-0.166089,-0.581805
P62273,RS29,0.323318,1.50771,0.470157,0.506272,0.684238
Q8TAP9,MPLKI,-0.213409,0.777777,0.419865,0.562008,0.728111
Q9P1F3,ABRAL,1.43672,2.31438,1.61797,0.95552,1.92525
O95278,EPM2A,0.298501,0.969579,-0.397589,-0.55815,0.355656
O75131,CPNE3,0.78295,1.36022,0.578751,0.582272,0.799344
Q9Y237,PIN4,0.770109,0.952246,0.521192,0.52349,0.827587
Q6IE81,JADE1,-0.282742,-0.210544,0.146566,0.117908,-0.0558531
Q495W5,FUT11,-0.427512,-0.593976,-0.352499,-0.459211,-0.772633
Q9NZ52,GGA3,0.314976,0.172472,-0.214885,0.208359,0.209375
Q96DI7,SNR40,-0.476021,-0.587878,-0.20024,-0.234371,-0.294922
O15379,HDAC3,-0.163321,-0.139889,-0.0465109,-0.151104,-0.141233
P20585,MSH3,-0.0276518,0.17578,-0.00330305,-0.04283,0.19774
P49458,SRP09,-0.305092,-0.158075,0.0307686,-0.0109324,-0.0204556
O75319,DUS11,-0.241614,0.0932903,-0.0400705,0.111906,0.0287564
P09132,SRP19,0.279567,0.313222,-0.20327,-0.210644,0.0605214
Q9C0F1,CEP44,0.0834296,-0.55613,-0.040314,0.428678,0.37092
Q9Y5J9,TIM8B,-0.408286,-0.176157,0.500919,0.422177,-0.0693729
Q6P9B9,INT5,-0.525434,-0.647106,-0.33128,-0.536284,-0.428062
P53007,TXTP,-0.135234,-0.33538,0.505814,0.579969,-0.293386
Q9NVN3,RIC8B,0.782907,0.960297,0.242354,0.275228,0.664243
Q9UMS0,NFU1,-0.499519,-0.620799,-0.135442,-0.00896049,-0.476937
Q5BJH7,YIF1B,-0.132614,-0.0583093,0.319947,0.220782,0.107029
Q14694,UBP10,0.201034,0.219667,-0.0749815,-0.127152,0.0524743
O95395,GCNT3,0.026458,0.179654,0.303219,0.541235,0.486664
A3KN83,SBNO1,-0.15042,-0.164138,0.0635612,-0.242126,0.309774
Q9UJ83,HACL1,-0.496802,-0.563371,-0.0773802,-0.0358615,-0.338696
Q8IYW2,CFA46,-0.472354,0.163337,-0.0392022,-0.299126,-0.29376
Q9Y6E7,SIR4,-0.480544,-0.542117,-0.711541,-0.569263,-1.01667
Q8IV48,ERI1,0.178277,0.0927551,-0.117541,0.127816,0.187381
Q15545,TAF7,0.167822,0.102554,0.0220268,0.00711989,0.139536
Q14624,ITIH4,-1.00538,-1.26268,-0.908353,-0.659399,-0.160039
Q5J8M3,EMC4,-0.437598,-0.267951,-0.069036,-0.115534,-0.560979
P30291,WEE1,-0.127498,0.0739481,0.114739,0.536612,0.260087
Q9BV57,MTND,0.598615,0.665715,0.468051,0.530902,0.677709
Q8WUK0,PTPM1,-0.367245,-0.442846,-0.196353,-0.0487115,-0.115764
Q9Y2R0,COA3,0.0685766,0.276477,1.00358,0.853122,0.316965
Q9BVK2,ALG8,-0.465971,-0.719214,0.155668,0.0790923,-0.0581036
Q93063,EXT2,-0.327403,-0.0166552,0.210328,-0.0262632,-0.229828
Q8WZ82,OVCA2,0.342433,0.630992,0.480707,0.431674,0.537411
P00167,CYB5,-0.181768,0.0662377,0.23557,0.554809,0.00302434
Q86W26,NAL10,0.774566,0.940917,0.511928,1.19537,1.36723
Q9UBP9,GULP1,0.120984,0.0936954,-0.103205,-0.132026,-0.378565
Q8ND82,Z280C,-0.438329,-0.761739,-0.26853,-0.142626,-0.428049
Q96H79,ZCCHL,0.385235,0.48854,0.143527,0.170223,0.391429
O95298,NDUC2,-0.138505,-0.125844,0.478914,0.495911,-0.120527
P28161,GSTM2,0.249798,0.450106,0.338028,0.110011,0.139176
P21266,GSTM3,0.614802,0.804595,0.515784,0.379175,0.734117
Q9H7E2-3,TDRD3,0.120244,-0.0770311,0.0905361,-0.0762479,-0.121959
Q96FJ0,STALP,0.259,0.424881,0.123274,0.260231,0.292672
Q9NUX5,POTE1,-0.340264,-0.737334,-0.627635,-0.503309,-0.165219
Q8N5L8,RP25L,0.00166941,0.272335,0.0788398,-0.120939,0.319321
P20248,CCNA2,-0.124652,-0.0125268,-0.0447838,0.425591,0.719002
Q8N5W9,RFLB,0.591501,0.711863,0.276473,0.184934,0.534379
Q8NB16,MLKL,0.897481,0.973567,0.282692,0.200035,0.622867
Q969I6,S38A4,0.884658,1.70492,0.359021,1.63036,0.633729
P47224,MSS4,0.805261,0.686199,0.367906,0.374099,0.551498
Q8IV63,VRK3,-0.603474,-0.539391,-0.197356,-0.311206,-0.618561
Q9HAD4,WDR41,0.511969,0.668707,0.3738,0.262971,0.448214
Q99551,MTEF1,-0.332724,-0.426972,-0.326819,-0.464185,-0.315588
Q8IYU8,MICU2,-0.50256,-0.616176,0.00978065,-0.196901,-0.420093
Q8IWV7,UBR1,0.253289,0.71088,0.342312,0.219104,0.628155
P52630,STAT2,0.371335,0.678308,-0.0120056,-0.173024,0.248223
Q8NEW0,ZNT7,-0.113231,-0.150842,0.18047,0.17159,0.255072
Q15048,LRC14,-0.218686,0.61115,-0.166555,0.111223,0.266615
Q9NYJ8,TAB2,0.00699544,-0.146208,0.0422728,0.215169,0.0327804
Q9UI09,NDUAC,-0.201802,-0.482121,0.0201931,0.211522,-0.498207
P62826,RAN,0.327084,0.469521,0.178517,0.181828,0.420361
Q9BY32,ITPA,0.435396,0.194282,-0.0674992,0.375515,0.587675
Q9H9P8,L2HDH,-0.0728097,-0.345311,-0.22474,-0.195379,-0.400696
P53370,NUDT6,0.24959,-0.598109,0.24012,0.352996,-0.193796
Q9HD33,RM47,-0.367342,-0.610435,-0.0502698,-0.0750873,-0.572765
Q5VTE6,ANGE2,-0.286103,-0.0840166,-0.25406,-0.248765,-0.0270402
Q9NQ55,SSF1,-0.207171,-0.409528,-0.0749228,0.0285444,0.139664
O60613,15-Sep,-0.57788,-1.40607,-0.893805,-0.548695,-1.04548
Q9UPY3,DICER,0.154351,0.0315094,-0.412046,-0.141612,-0.10883
Q6P1X5,TAF2,-0.342075,-0.350554,-0.146471,-0.368591,-0.122804
Q93050,VPP1,0.187104,0.492051,0.621074,0.485166,0.290899
Q9Y487,VPP2,0.249036,0.112548,0.295622,0.144874,0.263527
O95630,STABP,0.313702,0.640433,0.141752,0.383625,0.446021
Q96BD5,PF21A,-0.418889,-0.103961,-0.420093,-0.360327,-0.708319
Q9UBI4,STML1,-0.827761,-0.278258,-0.106165,0.778539,0.145878
Q9UKG9,OCTC,-0.318632,-0.423462,0.00884008,-0.067054,-0.356642
V9GZ13,V9GZ13,0.11674,0.213531,0.804996,0.833483,0.605398
Q5EBM0,CMPK2,-0.0648563,0.00382733,-0.138473,-0.361933,-0.556653
P23743,DGKA,0.716331,0.74335,0.192928,0.238651,0.455333
Q14653,IRF3,0.40222,0.0646808,-0.0640466,0.161616,-0.0604804
Q9BU02,THTPA,1.29048,1.30026,0.70917,0.430404,0.829309
Q96MH6,DIESL,-0.337175,-0.540785,-0.351959,-0.210563,-0.648625
O75084,FZD7,-0.354241,-0.630499,-0.200289,0.483293,0.000658512
Q9UBX1,CATF,-0.591774,-0.0541434,-0.202736,-0.034246,-0.731251
Q14332,FZD2,-0.0852613,0.141505,0.527301,0.466656,0.364081
Q5T2S8,ODAD2,-0.341793,-0.776244,-0.572192,0.0225258,0.0294218
Q96JI7,SPTCS,0.347582,0.400228,0.0976374,-0.162142,-0.175404
Q9H6P5,TASP1,-0.521061,-0.64115,-0.547732,-0.398506,-0.195999
Q6L8Q7,PDE12,-0.145272,-0.00577831,0.0438006,-0.121897,-0.058537
Q96G97,BSCL2,-0.266669,-0.224629,0.00996208,-0.139586,-0.239383
P0DI81,TPC2A,-0.116868,0.533191,-0.126873,0.538971,0.297463
Q9BVC4,LST8,0.524206,0.477375,-0.00525689,0.148932,0.0464327
Q9NV56,MRGBP,-0.230073,-0.353591,-0.390975,-0.218516,-0.419665
Q96GY0,ZC21A,0.345173,0.426915,0.027812,0.100587,0.129541
Q9Y366,IFT52,0.808136,0.681302,0.448271,0.227148,0.623056
Q9BRX5,PSF3,0.164727,0.547883,0.322296,0.504549,0.595645
Q96CP6,ASTRA,-0.176947,0.0277078,-0.10999,-0.104241,-0.311898
Q7Z7F0,KHDC4,0.179775,0.182477,-0.239439,-0.015744,0.293924
P52747,ZN143,-0.183881,0.31466,0.0357673,-0.240491,0.290732
Q8IWE4,DCNL3,0.0790694,-0.0282059,-0.128048,0.0459831,-0.233873
Q13505,MTX1,-0.261283,-0.18158,-0.00285578,0.107031,-0.344769
O15162,PLS1,-0.128692,-0.186849,0.270488,-0.0179582,0.133095
Q96K49,TM87B,-0.301156,-0.472336,-0.0500193,-0.251939,0.0919747
P45985,MP2K4,0.696512,1.10668,0.391606,0.322459,0.66251
Q86TJ2,TAD2B,-0.674733,-0.326305,-0.273923,-0.265325,-0.437629
Q9H8W4,PKHF2,0.826228,0.49629,0.078603,0.574678,-0.164284
O00463,TRAF5,0.257887,0.428326,0.114419,0.119017,0.44773
P50443,S26A2,-0.00915504,-0.319178,0.466391,1.08032,0.108784
Q08722,CD47,0.191751,-0.289052,0.408857,0.601065,0.212715
Q02447,SP3,-0.71269,-1.04586,-0.362694,-0.096404,-0.625112
P32856,STX2,0.543567,0.380087,0.100846,0.428943,0.115302
Q14118,DAG1,0.286423,0.445133,0.451779,0.35589,0.21298
Q8N4Q0,PTGR3,-0.567858,-0.599776,-0.143239,-0.122401,-0.717952
P68402,PA1B2,0.772309,0.940449,0.507433,0.549605,0.467498
Q04864,REL,-0.183908,-0.0674899,0.181038,-0.22676,0.087136
Q6IQ20,NAPEP,-1.01394,-1.40839,-0.53504,0.4319,-1.42468
P62861,RS30,0.719964,1.7277,0.251346,0.501149,0.733891
O15533,TPSN,-0.408541,-0.627356,-0.294314,-0.359493,-0.974797
Q9NT62,ATG3,0.841202,1.0616,0.347449,0.287934,0.774023
Q9GZU8,PIP30,0.225963,0.503166,0.0750165,0.165802,0.588473
O95070,YIF1A,-0.259415,-0.157303,0.344623,0.245982,0.256037
P15309,PPAP,-0.35756,-0.810582,-0.0564764,0.102601,-0.00996304
Q7Z388,D19L4,-0.00207114,0.171955,0.586568,0.140357,0.118034
Q8NFG4,FLCN,0.518173,0.928568,0.300141,0.0180993,0.791571
P51970,NDUA8,-0.273177,-0.439761,0.291143,0.165616,-0.313106
Q9UJP4,KLH21,-0.450812,0.657816,0.127388,0.298267,0.0685685
Q7Z6J6,FRMD5,-0.513334,1.14455,1.20629,-0.174841,0.646172
Q8N5M1,ATPF2,-0.402941,-0.242906,0.136569,-0.0610106,0.00331783
O00483,NDUA4,-0.0818505,0.149721,0.211719,0.352442,-0.161908
P60468,SC61B,-0.261657,-0.347184,-0.216748,-0.125281,-0.367209
P22352,GPX3,0.786558,-0.0996094,-0.500518,-0.135117,-0.196526
Q9UFB7,ZBT47,-0.212526,-0.321494,0.290152,-0.136626,-0.138554
Q9Y2D9,ZN652,-0.289026,-0.67413,-0.183723,-0.0117104,-0.438742
P53618,COPB,0.720562,0.919116,0.405387,0.246145,0.818235
Q13568,IRF5,-0.406344,-0.160744,-0.0902002,0.935458,0.220601
Q86TG7,PEG10,0.104258,0.966394,0.622758,0.863899,0.455317
A8MVW0,F1712,0.0257869,0.212898,0.117867,0.199179,-0.408211
P34903,GBRA3,0.128821,-0.0777483,0.239382,0.362285,0.449156
Q9H936,GHC1,-0.191508,-0.27757,0.0985582,0.214663,-0.278118
Q8TE58,ATS15,0.234227,0.142607,-0.0713165,0.255339,0.0191584
P58546,MTPN,0.876371,1.21204,0.737193,0.884576,0.975135
Q9H9S5,FKRP,-0.52879,-1.37949,-0.335228,-0.296812,-0.498621
Q9BXT2,CCG6,-0.50512,-0.40297,0.0431728,-0.416099,-0.109581
Q9UGP4,LIMD1,0.700641,0.60367,0.30734,0.235158,0.306681
Q4G148,GXLT1,-0.241196,-0.459033,-0.0677829,-0.145772,0.203143
P46976,GLYG,0.320738,0.335665,0.151272,0.133569,0.552254
P52815,RM12,0.156818,0.271116,0.712463,0.723648,0.301582
B4DLN1,B4DLN1,-0.159497,-0.418262,0.292313,0.668318,0.080013
Q9ULA0,DNPEP,0.349937,0.316905,0.0786114,0.0570455,0.216286
Q7Z7M0,MEGF8,0.0203931,-0.063673,0.587135,-0.0430379,-0.915715
Q9NPJ3,ACO13,-0.515276,-0.653812,-0.372328,-0.466476,-0.692034
Q8NBJ9,SIDT2,-0.135616,0.0355241,0.261788,0.828723,0.0215712
Q9UNK0,STX8,-0.209764,-0.168397,-0.0564477,0.116321,-0.29284
Q92844,TANK,0.452528,0.926897,0.0416775,0.117524,0.221692
Q9BYN0,SRXN1,2.90684,2.33466,1.53558,1.85488,1.33719
Q6UB28,MAP12,-0.407241,-0.515435,-0.292786,-0.223133,-0.518644
P09661,RU2A,-0.448194,-0.584693,-0.346685,-0.363708,-0.3674
Q9H6L5,RETR1,-0.200687,-0.6533,-0.374266,-0.0505426,-0.457209
O94823,AT10B,-1.00534,-1.53265,-0.0318439,-0.0112059,-0.493532
P20936,RASA1,0.0345204,0.59808,-0.0989721,0.860494,-0.339277
Q96AH0,SOSB2,-0.0872564,-0.498108,0.372706,-0.41096,-0.0490124
Q8NCD3,HJURP,-0.0809543,0.452526,0.131617,0.279542,0.556885
A0A1B0GW05,A0A1B0GW05,-0.20848,-0.569047,-0.23342,0.120849,-0.649078
Q14155-5,ARHG7,0.62821,0.684403,0.100101,0.121414,0.297794
Q15052,ARHG6,0.706022,0.732467,0.327674,0.343055,0.490482
Q92968,PEX13,-0.448552,-0.452077,-0.253927,-0.0858583,-0.418213
P51649,SSDH,-0.616709,-0.695548,-0.37885,-0.532685,-0.837124
Q9P0M9,RM27,-0.463286,-0.417711,-0.189516,-0.113051,-0.547767
Q9GZV7,HPLN2,-0.468404,-0.803486,-0.26408,-0.169693,-0.318895
Q8IVH2,FOXP4,-0.134457,0.611531,0.337973,0.198209,0.415518
Q9UBG0,MRC2,-0.221194,-0.223864,0.388633,0.419819,-0.152818
P37287,PIGA,-0.275883,-0.274546,-0.05932,-0.0577934,-0.309026
Q9H4A6,GOLP3,0.0942235,0.143416,-0.399302,-0.497187,-0.575691
P13942,COBA2,0.32362,0.189764,0.573424,0.320534,-0.107811
Q8IXQ4,GPAM1,-0.67385,-0.955989,-0.886401,-0.817236,-1.09604
P41567,EIF1,1.07868,1.06158,0.447404,0.653682,1.06966
O60243,H6ST1,-0.0877702,1.87223,0.358425,0.116616,1.20092
Q8TEK3,DOT1L,-0.616722,-0.757305,-0.530318,-0.240992,-0.626804
Q9HBL8,NMRL1,-1.11363,-0.728686,-0.77947,-0.220873,-0.494861
P62310,LSM3,-0.0388212,0.0718861,0.0776379,0.0379789,0.109753
Q9NQT5,EXOS3,-0.203572,-0.319131,-0.0809591,-0.176113,-0.0346503
Q86VQ0,LCA5,-0.147466,-0.499684,0.052002,-0.115995,0.241614
Q68D91,MBLC2,-0.403935,-0.335193,-0.0851581,-0.0117624,-0.450059
P62304,RUXE,-0.232655,-0.331188,-0.0489583,-0.0721776,-0.214908
O95363,SYFM,-0.374807,-0.150687,-0.0392106,-0.321188,-0.311264
Q7Z7N9,T179B,0.471152,0.277898,0.426303,0.508131,0.0681019
Q8N126,CADM3,0.192652,-0.100691,0.469516,0.36312,-0.701998
O75326,SEM7A,0.148897,0.245542,0.49291,0.613279,0.667672
P09871,C1S,-0.968768,-0.648745,-0.305659,-0.555905,-1.10963
Q71RG4,TMUB2,-0.105575,-0.426732,-0.233328,-0.0933166,-0.329097
O75716,STK16,-0.0677173,0.377372,-0.329189,1.15706,0.518805
P18850,ATF6A,0.0699041,0.397237,-0.000574589,0.244136,0.425684
P02787,TRFE,-0.454064,-0.35315,-0.285954,-0.189122,0.410817
P26885,FKBP2,-0.4003,-0.736271,-0.233925,-0.338171,-0.546245
O00399,DCTN6,0.402713,0.586809,0.139527,0.0374136,0.340075
Q8IWF6,DEN6A,0.526325,0.55289,0.12206,-0.0729423,0.28196
Q9NVV0,TM38B,-0.296077,-0.49996,-0.193289,-0.14624,-0.401488
Q9UK53,ING1,-0.835865,-0.98517,-0.408888,-0.697596,-0.481846
Q9HBL7,PLRKT,1.24418,1.29774,1.40151,1.89693,1.12531
O75044,SRGP2,0.436266,0.658947,0.0110719,0.204868,0.234819
Q7Z6B7,SRGP1,0.459311,1.42982,0.803621,0.818938,0.846793
O95926,SYF2,-0.303075,-0.0639212,-0.149287,-0.0913146,-0.1573
Q9NP92,RT30,-0.484845,-0.402232,-0.290983,-0.356263,-0.625871
Q9Y6C9,MTCH2,0.0514569,-0.0450339,0.93559,0.888783,0.308387
E9PIE4,E9PIE4,0.331387,0.192768,0.597028,0.822257,-0.229079
Q9H479,FN3K,0.190275,0.294881,-0.0330684,-0.0748842,0.0603273
P52926,HMGA2,-0.674885,-0.840501,-0.300173,-0.237239,-0.575288
Q9UPS6,SET1B,-0.0672243,0.109449,0.507903,0.152075,0.0763323
Q9Y664,KPTN,0.936931,0.642419,0.655394,0.891474,2.18829
O60285,NUAK1,0.170332,0.102584,0.0483866,-0.0765474,-0.132734
Q7Z6J0,SH3R1,0.52243,-0.0675371,-0.33587,0.823448,0.708847
Q9H9A5,CNO10,0.0674317,0.187857,-0.0563207,-0.0616188,0.116461
Q14849,STAR3,-0.431322,-0.0354681,0.0824966,0.195777,0.169022
P14678,RSMB,-0.415231,-0.571801,-0.32244,-0.348477,-0.472224
Q96AY2,EME1,-0.464382,-0.568357,-0.386957,-0.26128,-0.311735
P57071,PRD15,-0.659706,-0.0352052,-0.705778,-0.770088,-0.714405
Q9ULF5,S39AA,-0.222918,-0.150737,-0.15267,0.236837,-0.439705
O43683,BUB1,1.91931,2.31803,1.59122,1.45917,2.12266
Q9H6U6,BCAS3,0.276954,0.758046,0.190129,0.0842345,0.281155
A0PJW6,TM223,-0.128414,0.0164256,0.0888453,0.356091,-0.211606
Q5VV42,CDKAL,-0.253445,-0.37151,-0.126361,-0.00394773,-0.336579
Q96T76,MMS19,0.828972,0.6829,0.392023,0.413777,0.678723
P08603,CFAH,-0.220279,-0.0412567,-0.146958,-0.112368,-0.274304
O75251,NDUS7,-0.35772,-0.370821,0.0709589,0.0529947,-0.573045
Q9H9Y6,RPA2,-0.202684,-0.25648,0.0228961,-0.0798507,-0.071079
Q9H900,ZWILC,0.745545,0.774687,0.324045,0.293337,0.668357
Q15063,POSTN,-0.6064,-0.73395,-0.468767,-0.357712,-0.269765
Q13356,PPIL2,-0.340586,-0.366974,-0.124655,-0.275712,-0.304581
Q6UW02,CP20A,-0.349902,-0.484059,-0.206234,-0.25031,-0.610543
Q8TAP6,CEP76,0.38925,0.649645,0.627163,0.330163,0.922662
Q6IN84,MRM1,-0.435814,-0.59929,0.0271058,-0.168095,-0.464787
Q96T21,SEBP2,0.354165,0.183257,0.260426,0.374496,0.205709
Q8NEZ5,FBX22,0.594855,1.22264,0.480661,0.34793,0.905263
Q2TAA2,IAH1,0.546656,0.648476,0.396226,0.336424,0.34635
Q8NHM5,KDM2B,0.180395,0.196986,-0.113198,0.0227957,0.110688
Q9H410,DSN1,-0.0733941,-0.284189,-0.204488,-0.000638723,-0.210492
Q6DD87,ZN787,-0.385025,-0.428218,-0.0284605,0.015429,-0.140033
Q96EY8,MMAB,-0.281439,-0.594819,-0.122103,-0.338277,-0.382507
Q8IW92,GLBL2,-0.197735,-0.0828116,-0.163746,-0.0208559,-0.28378
O14662,STX16,-0.0767593,0.0232737,0.0158501,0.0411062,-0.146441
O14662-5,STX16,-0.026515,0.114814,-0.0845215,0.573527,-0.506046
O14662-4,STX16,0.166948,-0.125996,0.103525,0.753046,-0.432801
O14662-2,STX16,-0.0847859,-0.245896,0.106953,-0.3415,-0.429607
Q6NTF9,RHBD2,-0.869654,0.375238,0.537468,-0.873595,-0.768033
Q99487,PAFA2,-0.108355,-0.0144691,0.389554,0.109116,0.0113623
Q76N89,HECW1,0.25317,0.118756,0.49094,0.0722032,0.221447
P0C7T5,ATX1L,-0.606248,-0.536795,-0.590908,-0.745905,-0.647952
Q8NFV4,ABHDB,0.00079155,-0.176763,0.109533,0.234836,-0.178646
Q9UKZ1,CNO11,0.318537,0.0681887,0.0489321,0.1686,0.0740967
Q9NTM9,CUTC,0.371468,0.95669,0.287513,0.139323,0.862689
Q9NWM8,FKB14,-0.213961,-0.388935,-0.268447,-0.31288,-0.478667
O95169,NDUB8,-0.121971,-0.477722,-0.154997,0.495993,-0.811429
Q9P2Y4,ZN219,-0.00315523,0.225319,-0.312652,-0.493414,-0.615849
Q8NI37,PPTC7,-0.788715,-1.00299,-0.748741,-0.56314,-0.78273
Q5F1R6,DJC21,-0.39089,0.162186,0.141006,-0.487641,-0.332691
Q8WVK2,SNR27,-0.22879,-0.262623,-0.156271,-0.0674019,-0.125066
P32418-2,NAC1,0.666708,0.0208397,0.247235,0.847692,0.460128
Q13228,SBP1,0.166851,0.146926,0.0285363,-0.0893133,-0.20581
Q9NR77,PXMP2,-0.27036,0.073271,0.199655,0.14061,0.192716
P04632,CPNS1,0.833324,1.13323,0.601079,0.660431,0.733137
Q07812,BAX,0.551092,0.695804,0.523916,0.307318,0.212604
Q9Y2K6,UBP20,-0.179001,-0.318881,-0.0645154,0.0442886,-0.220681
Q8TD57,DYH3,0.133694,0.0600178,0.155279,0.174156,0.140771
Q9BQE4,SELS,-0.258948,-0.12404,-0.175954,-0.102867,-0.143662
Q15751,HERC1,0.214246,0.35584,0.187888,0.138771,0.243754
Q9Y5U2,TSSC4,0.877138,1.4047,0.755139,0.095088,0.300243
Q8IYM0,F186B,-0.229972,-0.142369,-0.137589,-0.259368,-0.249765
A6NK58,LIPT2,0.10568,-0.183903,-0.0197463,0.0201766,-0.579534
Q8N4T8,CBR4,-0.370056,-0.284213,0.0336347,-0.270451,-0.409407
P53597,SUCA,-0.521755,-0.525535,-0.308383,-0.41738,-0.557386
Q9H7H0,MET17,-0.492393,0.222827,-0.0688663,0.277792,0.208784
P14406,CX7A2,0.174563,0.62557,1.08076,0.586843,0.865472
Q9H7M9,VISTA,0.200921,0.384634,0.157256,0.421657,-0.530683
Q9BTK6,PAGR1,-0.121713,-0.312533,-0.0937154,-0.0540755,-0.185903
Q9H2F3,3BHS7,-0.563542,-0.0539823,-0.423633,0.0679584,-0.842214
O96011,PX11B,0.174699,1.0951,1.06142,0.565305,0.844266
Q96KR6,F210B,-0.813991,-0.469078,0.402895,0.203037,-0.32514
Q9NVH2,INT7,-0.373133,-0.357547,-0.172023,-0.678236,-0.264805
O75486,SUPT3,-0.228109,-0.52441,-0.0812132,-0.319638,-0.300844
Q96CB8,INT12,-0.345594,-0.205831,-0.375734,-0.402045,-0.375056
Q9BRF8,CPPED,0.884965,1.13725,0.286678,0.414558,0.850846
Q9BYX4,IFIH1,0.230473,0.33415,-0.0138857,-0.232164,0.0527141
P54922,ADPRH,0.599148,0.800452,0.301445,0.345168,0.869752
Q9H1U9,S2551,-0.130251,-0.205982,0.532588,0.775934,-0.056495
Q8TCX1,DC2L1,2.73098,1.49042,-0.0942669,1.08237,0.509656
Q9UI30,TR112,0.536948,0.781826,0.476646,0.634166,0.829636
Q99650,OSMR,-0.0536687,0.137635,-0.0753071,-0.0865014,-0.195905
Q5R3I4,TTC38,0.714492,1.07957,0.764496,0.640749,0.750847
O14907,TX1B3,1.16358,1.08057,0.767271,0.807847,1.15401
Q3YEC7,RABL6,0.792938,0.723582,0.484557,0.457879,0.710915
Q08999,RBL2,-0.172025,0.0190468,-0.313079,-0.422808,-0.308762
O60888,CUTA,0.564076,0.484285,-0.0195887,0.267149,0.332254
Q13905,RPGF1,0.834958,0.745985,0.397418,0.494301,0.531948
Q9BSD7,NTPCR,0.307765,0.430886,0.0773721,0.223574,0.199972
O15235,RT12,-0.579748,-0.577543,-0.248804,-0.174522,-0.534791
Q9BVJ7,DUS23,0.229356,0.569561,0.588605,0.361822,0.706349
Q4ZIN3,MBRL,0.25676,-0.171206,0.107843,0.00663543,-0.0824435
Q9NUQ2,PLCE,-0.164377,-0.147953,0.260642,0.384828,-0.0754766
O15239,NDUA1,0.476197,-0.0232346,0.855339,1.16408,-0.3672
Q92539,LPIN2,0.573018,0.754426,0.0528338,0.0281959,-0.0142548
P46109,CRKL,0.477243,0.421863,0.103211,0.199921,0.191624
P08572,CO4A2,-0.166222,-0.20823,0.322585,0.00957036,-0.257916
Q6UW68,TM205,0.173081,0.418935,-0.269149,0.0274236,-0.461035
Q92934,BAD,-0.00981808,0.632585,0.166343,-0.0669711,-0.475875
Q9UEU0,VTI1B,-0.0449908,-0.116182,0.0282202,0.318686,-0.265524
O00458,IFRD1,0.173798,0.357462,-0.00424576,0.300389,0.923032
O95168,NDUB4,0.133906,0.496481,0.757574,0.704375,0.341481
P13056,NR2C1,-0.574614,-0.344675,-0.196312,-0.196685,-0.183814
P30039,PBLD,0.768757,0.89404,0.173794,0.303553,0.628162
Q96LL9,DJC30,-0.356051,-0.0854084,0.684137,0.30068,-0.280453
Q9HAU0,PKHA5,-0.0325067,-0.25368,-0.137842,-0.160242,-0.315074
Q8NBP5,MFSD9,-0.680944,-1.18044,-0.6552,-0.544557,-1.22607
Q99969,RARR2,-0.507064,-0.40348,-0.396992,-0.281011,-0.814784
O43676,NDUB3,-0.369576,-0.397446,-0.00399566,0.174436,-0.608508
Q8IWN7,RP1L1,0.380161,0.738903,0.508935,0.0908766,1.41437
O60763,USO1,0.36124,0.522789,-0.00593853,0.0144229,0.166612
Q01814,AT2B2,-0.264052,-0.255405,0.0289397,0.0652359,-0.0318198
P20020,AT2B1,-0.300329,-0.25145,0.104105,0.281939,0.114999
P23634-6,AT2B4,-0.31416,-0.355246,0.114114,0.0331287,-0.29802
Q16836,HCDH,-0.572632,-0.771541,-0.434136,-0.427235,-0.776038
Q9NZM5,NOP53,0.131837,-0.270369,0.0809112,0.089838,0.156846
P09936,UCHL1,0.557372,0.93074,0.448691,0.540452,0.730034
Q9ULH7,MRTFB,-0.269887,-0.441996,-0.20632,-0.248325,-0.318965
O94888,UBXN7,0.045593,0.129632,-0.15405,-0.0603406,0.117641
O60244,MED14,-0.27596,-0.239722,-0.303663,-0.421951,-0.242181
Q9H4Z3,CAPAM,0.282727,-0.0620334,0.298784,0.350369,0.453471
Q6PIL6,KCIP4,1.16456,1.32117,0.738194,0.656836,0.803668
P19793,RXRA,-0.122013,0.263358,-0.00651312,-0.0484722,-0.203222
P28702,RXRB,0.185895,0.233925,-0.338383,-0.152304,-0.235291
Q6UXM1,LRIG3,-0.191372,-0.262088,-0.0335152,0.181699,0.0227125
Q9H967,WDR76,0.0456493,0.205553,0.0902159,0.125933,0.260878
P02458,CO2A1,-0.800002,-0.864277,-0.614552,-0.392641,0.113708
Q8IWK6,AGRA3,-0.284314,-0.117505,0.00614309,0.467158,0.130931
C9JLW8,MCRI1,0.885497,0.725785,1.02281,0.616454,0.995388
L0R8F8,MIDUO,-0.29547,-0.529025,-0.208686,-0.357442,-0.600458
Q9Y5X1,SNX9,0.653232,0.699058,0.0282195,0.0104022,0.00119662
Q13444,ADA15,0.02949,-0.114834,0.813614,0.157373,0.271135
Q8IWL3,HSC20,-0.184997,-0.0463231,0.0779696,-0.036881,0.171742
Q8WV93,AFG1L,-0.431115,-0.518775,-0.296525,-0.438154,-0.623138
Q9Y3B9,RRP15,-0.523469,-0.768008,-0.416229,-0.289182,-0.410628
P23458,JAK1,-0.0916638,0.248914,0.112235,0.065995,0.147931
Q0VGL1,LTOR4,0.127856,-0.0266097,0.486299,0.244855,0.253425
P13284,GILT,-0.530883,-0.207935,-0.754214,-0.522522,-0.770079
P15291,B4GT1,0.0177729,-0.0452201,0.211389,0.354083,0.151263
Q9Y584,TIM22,0.0257072,-0.146658,0.385809,0.428899,0.2125
Q9NRX2,RM17,-0.422467,-0.356259,-0.167088,-0.187339,-0.529752
Q8NDH2,CC168,-0.396728,-0.303053,0.28605,0.171529,-0.00699925
Q8N4Q1,MIA40,-0.60812,-1.05326,-0.26955,-0.0415013,-0.12825
P62312,LSM6,-0.237194,-0.0743425,-0.245672,-0.249301,-0.13283
P51797,CLCN6,-0.216317,0.309276,0.0257771,-0.129365,-0.426022
Q9UJN7,ZN391,0.215672,0.173559,0.412896,0.890122,-0.00313282
P53814,SMTN,-0.0938103,-0.0180755,-0.199139,0.00468016,-0.582168
Q9H2C2,ARV1,-0.27561,-0.463683,-0.0144682,0.24351,-0.404982
Q96BK5,PINX1,-0.605473,-0.301932,-0.323633,0.222339,-0.0802824
Q96GJ1,TRM2B,-0.48837,-0.625784,0.00705099,-0.178135,-0.286586
Q9NWM0,SMOX,0.654095,1.02999,0.61248,0.762528,1.06715
Q8N2K1,UB2J2,-0.184638,0.0756345,-0.0643067,-0.221538,-0.0270109
Q96GP6,SREC2,0.0181231,-0.447495,-0.00169873,0.283479,-0.551642
Q0GE19-1,NTCP7,-0.671705,-0.904528,-0.766292,-0.535668,-0.876161
Q9NS62,THSD1,-0.293924,-0.456865,0.673871,-0.00346279,-0.0510695
Q969T3,SNX21,-0.347308,0.859451,0.579904,0.0727184,0.0229168
Q9UPN7,PP6R1,0.986527,0.9972,0.457369,0.225661,0.838684
Q4AC94,C2CD3,0.0294147,0.10247,-0.1739,-0.466584,0.0105772
Q92908,GATA6,0.258554,0.902138,0.872951,0.756579,-0.173971
O75529,TAF5L,-0.368862,-0.272746,-0.113373,-0.485261,-0.143229
O60353,FZD6,-0.149923,-0.233746,0.0695899,-0.0216894,-0.168413
Q9UI17,M2GD,-0.31462,-0.923659,-0.269288,0.0554118,-0.413895
Q86X76,NIT1,0.154916,0.154299,0.0314691,0.10354,-0.0607316
Q12851,M4K2,0.118994,-0.226291,-0.0393083,0.2176,0.0532131
P31512,FMO4,-0.624483,-0.608068,-0.127391,-0.184138,-0.412564
Q9UK23,NAGPA,-0.131455,-0.102668,0.151498,0.258254,0.0599332
Q9P2K8,E2AK4,0.785482,1.22866,0.131867,0.593592,0.769898
Q969K3,RNF34,0.774068,1.06365,0.458693,0.491265,0.804362
P53384,NUBP1,0.777236,0.968898,0.37993,0.490468,0.937095
Q9UPY5,XCT,0.126787,-0.214164,-0.128316,0.483307,0.237104
Q92993,KAT5,-0.344192,-0.453362,0.248205,0.563495,-0.229992
Q92733,PRCC,-0.519845,-0.448252,-0.350904,-0.463186,-0.359179
Q8N357,S35F6,-0.570076,-0.702942,-0.380352,0.00395393,-0.586886
Q6NZ67,MZT2B,0.664333,0.980865,0.509646,0.478344,0.794854
Q86YT6,MIB1,-0.160058,0.514939,-0.2688,-0.437088,-0.12561
Q9P2Y5,UVRAG,0.213283,0.301389,-0.455835,-0.520715,-0.22967
Q92478,CLC2B,-0.478072,-0.590139,-0.6133,-0.447581,-0.368637
Q92905,CSN5,0.31277,0.613459,0.124986,0.0987492,0.465785
Q86V85,GP180,-0.405526,-0.597077,0.298262,-0.034888,-0.436443
Q8NBZ0,IN80E,-0.298667,-0.59428,-0.65371,-0.563669,-0.146524
O43303,CP110,0.771298,0.687565,0.436984,0.918007,0.689128
Q9NVV5,AIG1,-0.240538,-0.426333,-0.0200753,0.062171,-0.316618
Q9UJA3,MCM8,-0.243368,0.131347,0.0706303,0.184428,0.00923872
A0AA34QVH8,A0AA34QVH8,-0.31213,-0.258339,0.00930762,0.144968,0.0601335
O00142,KITM,-0.44034,-0.424345,0.0566263,-0.236854,-0.604179
Q5JTD0,TJAP1,0.287788,0.0816476,0.120907,-0.457951,0.453952
Q9P0U1,TOM7,0.565545,0.701735,1.50578,1.3353,1.23546
A0AVK6,E2F8,-0.077512,0.0355637,0.188032,0.483726,0.451501
P53609,PGTB1,0.585739,0.856099,0.479567,0.398899,0.482282
Q8NB46,ANR52,0.114226,0.158816,0.116909,0.204131,0.272603
Q06190,P2R3A,0.540866,0.562552,0.268041,0.446546,0.646728
P53794,SC5A3,0.449725,0.124334,0.416953,0.181963,0.246796
Q6P6C2,ALKB5,-0.138949,-0.0157681,0.329003,0.0219285,0.577278
Q99704,DOK1,0.398506,0.341548,0.174958,0.326962,0.345103
P54803,GALC,-0.458967,-0.533269,-0.22492,-0.430812,-0.48618
Q9UPW0,FOXJ3,-0.0420663,0.321442,0.19998,0.202975,0.427125
Q9Y3B4,SF3B6,-0.427364,-0.432222,-0.195213,-0.254845,-0.301647
P53634,CATC,-0.278083,-0.338083,-0.281851,-0.282497,-0.237861
Q5TC82,RC3H1,-0.0976868,-0.0296276,-0.153379,0.259331,0.0235999
Q9UGQ3,GTR6,-0.0807772,0.462904,0.43294,0.425751,-0.0632966
Q9Y3D2,MSRB2,-0.524277,-0.323221,0.522047,0.581489,0.278878
Q8IXL7,MSRB3,0.126918,0.253394,0.237458,0.142419,0.107265
Q9H467,CUED2,0.303882,0.509987,0.171318,0.353879,0.446341
Q3MIX3,ADCK5,2.088,-0.227369,0.670679,-0.606877,-0.580714
O75663,TIPRL,0.74983,1.20023,0.576534,0.300527,0.876317
O94761,RECQ4,0.128982,0.498128,-0.168747,0.299197,0.73292
O43504,LTOR5,0.616134,0.652718,0.869333,0.882324,0.297896
Q9P0S3,ORML1,-0.000255346,-0.0761667,-0.860342,-0.166229,-1.20358
Q8NBM8,PCYXL,-0.235881,-0.290983,-0.406941,0.0549681,-0.531185
Q96H20,SNF8,0.300435,0.203942,0.0754588,0.273137,0.0766575
Q6ZWJ1,STXB4,0.57424,1.04591,0.31659,0.0660427,0.407438
P14621,ACYP2,0.535517,0.763577,0.316094,0.328909,0.603625
Q9Y324,FCF1,-1.05055,-1.23916,-0.196021,0.00710261,-0.56603
P19544,WT1,-0.188109,-0.0485694,1.32021,0.111693,0.270838
Q9Y421,FA32A,-0.111406,0.391191,-0.0453339,0.168563,0.153105
Q9UIM3,FKBPL,-0.122098,0.0128126,0.153071,0.0897062,0.299689
O75618,DEDD,-0.123466,0.566565,0.122337,0.283758,-0.240206
Q7L591,DOK3,0.526299,0.721735,0.515715,0.509664,0.595939
P07305,H10,-0.169896,0.128373,-0.220691,-0.235026,-0.772032
O60462,NRP2,-0.451814,-0.273159,-0.215348,0.405911,0.159657
Q9Y3C8,UFC1,0.643255,1.05441,0.284903,0.274112,0.374444
A4D1U4,DEN11,-0.835755,-0.239321,-0.72734,-0.739284,-1.1433
Q9UGK3,STAP2,0.0957892,0.720786,0.185086,-0.158281,0.124959
Q53GA4,PHLA2,0.287896,0.743462,-0.370971,-0.19124,-0.31571
P52943,CRIP2,-0.0625544,-0.0738299,-0.577945,-1.01472,-0.421454
O43294,TGFI1,0.481443,0.769786,0.518558,0.551509,0.454192
Q9H7C9,AAMDC,0.834736,1.13664,0.557533,0.479396,0.50584
O95619,YETS4,-0.0708396,-0.0329957,-0.0902011,-0.15146,-0.0525067
A5PLN9,TPC13,0.635651,0.575114,0.0116932,0.110116,0.289395
Q9NRX6,KISHB,-0.672674,0.382474,-0.21123,-0.177553,-0.0376439
P61962,DCAF7,0.10478,0.208687,-0.0384731,-0.0121865,0.195138
Q8WUU5,GATD1,-0.809826,-0.552633,-0.205577,-0.307807,-0.820086
P62942,FKB1A,0.932199,0.92908,1.01998,1.10255,1.26869
Q6ZWT7,MBOA2,-0.104407,0.19064,0.40485,-0.1427,0.163449
Q9Y217,MTMR6,0.291335,-0.00374651,0.182043,0.132008,0.143376
Q14693,LPIN1,0.178452,0.585211,0.532771,0.220678,0.644413
Q8IY95,TM192,0.0988615,-0.0482306,0.34057,0.368939,0.245473
Q96A57,TM230,-0.417801,-0.506553,-0.0292881,-0.0313766,-0.213639
P01024,CO3,-0.547069,-0.582875,-0.198891,-0.161761,0.291406
Q96S94,CCNL2,-0.386645,-0.477234,-0.226701,-0.329718,-0.423319
Q9UK58,CCNL1,-0.493669,-0.593053,-0.10462,-0.192449,-0.240935
Q70EK8,UBP53,-0.0703251,0.188786,-0.231317,-0.237456,-0.138833
A4D1E9,GTPBA,-0.345895,-0.523685,-0.29553,-0.306401,-0.399376
P04080,CYTB,0.966905,1.36061,0.695745,0.612226,1.00449
P30043,BLVRB,1.00951,1.23381,0.505988,0.449722,0.908698
Q96EK9,KTI12,0.911033,0.848806,0.601205,0.156621,0.973093
Q6Y288,B3GLT,-0.361376,-0.397323,-0.320772,-0.373601,-0.379118
Q9Y2R5,RT17,-0.513821,-0.597064,-0.149657,-0.137255,-0.563629
Q8IVL5,P3H2,0.0320873,-0.354162,0.798628,0.0305951,0.0460005
O00329,PK3CD,0.66919,1.07733,0.357086,0.376591,0.325016
P62256,UBE2H,0.343481,0.542147,0.186202,0.184787,0.602552
Q9BYV6,TRI55,0.816387,1.38226,1.29465,0.619766,1.0845
Q9P1Q0,VPS54,-0.141005,-0.110052,-0.592887,-0.391129,-0.240986
Q96BX8,MOB3A,0.647626,1.24675,0.416468,0.188731,0.756621
P48553,TPC10,0.122503,-0.0782847,0.0654459,-0.0274971,-0.0313466
Q9BW91,NUDT9,-0.12737,-0.342685,-0.216089,-0.289427,-0.291224
Q6P5X5,CV039,-0.244055,0.557555,0.526122,1.15272,-0.0360034
P83876,TXN4A,-0.28123,-0.184849,-0.0325191,-0.0816355,-0.0641792
P23443,KS6B1,0.885028,0.372527,0.12618,0.164084,0.413823
O43529,CHSTA,-0.321077,-0.255166,0.039278,0.0951915,-0.0393765
Q69YU5,UQCC6,-0.200193,-0.021461,-0.231284,0.161436,-0.259747
Q6ZRQ5,MMS22,-0.122211,0.219583,-0.0644455,0.0702093,0.402333
P01033,TIMP1,-0.755541,0.146659,-0.13527,-0.148669,-0.0729797
Q5TCQ9,MAGI3,-0.254865,0.198817,-0.474175,0.0500212,0.110894
P55957,BID,0.646379,-0.424941,-0.637995,-0.417737,0.388005
Q12767,TMM94,-0.523015,-0.298097,0.134338,-0.0427799,-0.1999
P16260,GDC,0.198448,-0.068393,0.511752,0.456596,0.460265
Q8NEL9,DDHD1,0.264759,0.3103,0.110616,0.181774,0.139956
Q6UWP7,LCLT1,-0.410089,-0.563464,-0.190482,-0.217876,-0.430002
Q8TCT0,CERK1,-0.179442,0.105647,0.0337074,-0.194358,-0.0167673
O75379,VAMP4,-0.507272,-0.577683,-0.656525,-0.443295,-0.38057
Q8N8Q8,COX18,0.695603,0.709444,0.172875,0.47342,-0.124975
Q96BT3,CENPT,-0.422321,-0.532743,-0.122528,-0.174911,-0.139415
Q92585,MAML1,-0.668669,-0.347943,-0.459286,-0.724581,-0.326723
O43819,SCO2,0.174241,0.307324,0.357805,0.334569,0.160845
Q8TAA9,VANG1,0.776221,0.663612,0.663247,0.338198,0.887465
Q96AB3,ISOC2,0.00614262,0.202288,-0.0323818,0.133314,-0.0474019
Q96GC6,ZN274,-0.179675,-0.180301,0.161185,-0.264339,-0.780591
Q96P71,NECA3,0.209328,0.268414,0.0520942,-0.222553,0.162577
Q8NFF5,FAD1,0.112447,-0.322497,-0.109769,-0.120646,-0.212858
Q9NX61,T161A,-0.345455,-0.255521,-0.260082,-0.121081,-0.646757
Q9H813,PACC1,-0.218045,0.00287008,-0.0574369,0.180554,-0.191391
Q96FL9,GLT14,-0.178929,-0.474486,-0.0802507,0.154634,-0.462028
Q12841,FSTL1,-0.353435,-0.480104,-0.321232,-0.206397,-0.679128
Q13227,GPS2,-0.180347,-0.870222,-0.630726,-0.288641,-0.231498
Q96DR7,ARHGQ,0.499255,-0.360964,0.35835,0.126013,-0.0153296
O75629,CREG1,-0.364915,-0.420015,-0.288534,-0.425881,-0.529895
Q9UER7,DAXX,0.395347,0.185471,-0.313529,-0.347623,-0.251362
Q6NUJ5,PWP2B,-1.12565,-0.45836,-0.208038,-0.60908,-0.741424
O60512,B4GT3,0.113007,0.534291,0.321676,0.0318873,0.198637
P55345,ANM2,-0.0130012,0.222657,-0.150823,-0.0153415,0.193733
O15305,PMM2,0.640229,1.02305,0.288038,0.401947,0.661704
Q53H96,P5CR3,0.486027,0.616917,0.355372,0.350536,0.642562
P30825,CTR1,0.225213,-0.105093,0.348156,0.502753,0.865755
Q8WVC6,DCAKD,-0.405899,-0.354695,-0.233322,-0.179944,-0.587179
Q9H116,GZF1,-0.318154,-0.379627,-0.0914516,0.0271993,-0.211057
O94886,CSCL1,0.311989,0.039573,0.485926,0.272815,-0.0540476
O95456,PSMG1,0.567713,0.93525,0.436855,0.276358,0.976625
Q8N5M4,TTC9C,0.747981,0.969937,0.936199,0.521237,0.932751
Q8N3S3,PHTF2,0.516713,-0.272633,-0.198299,-0.34002,-0.317595
Q9UMS5,PHTF1,-0.0504053,-0.116725,0.22751,0.077534,0.354315
O60658,PDE8A,0.435848,1.36915,0.723078,0.0177536,0.64596
Q8ND94,LRN4L,0.255707,-0.00802302,0.652886,0.925782,0.0638413
Q8WWX0,ASB5,-0.632676,-0.519789,-0.47228,-0.367452,-0.745692
Q658Y4,F91A1,0.106959,0.262929,0.00562191,-0.0776837,-0.0277748
Q8IYH5,ZZZ3,-0.409738,-0.580759,-0.321145,-0.474118,-0.642361
O75385,ULK1,0.233201,0.68838,0.419516,-0.0453665,0.365043
O43402,EMC8,-0.21598,-0.221507,-0.0510659,0.0113692,-0.242646
P51668,UB2D1,0.679762,0.548821,0.520021,0.453868,0.644815
P17931,LEG3,0.879193,0.920273,0.794296,0.83753,0.766325
P62380,TBPL1,0.229765,0.954591,0.516195,0.192238,0.725714
Q6UUV7,CRTC3,0.321612,-0.0890768,0.00447583,0.0892065,0.426965
O75170,PP6R2,0.597168,0.343897,0.138215,0.422936,0.362883
P78345,RPP38,-0.455199,-0.512945,-0.450575,-0.528003,-0.262826
Q8NA56,TTC29,-0.349276,-0.178818,-0.178295,-0.19598,0.0218949
Q9H9T3,ELP3,0.460104,1.05358,0.257192,0.0379355,0.463664
O94827,PKHG5,-0.788347,-0.523382,0.335965,-0.488843,-0.0421271
P54252,ATX3,0.333174,-0.030972,0.375344,0.314075,0.749896
P56962,STX17,-0.0946877,0.385607,0.0981798,0.0646307,0.263913
P14859,PO2F1,-0.0815549,0.363229,-0.0646431,-0.0637243,0.533697
Q9H9H4,VP37B,0.575434,0.373199,1.00305,0.630287,0.715167
Q14156,EFR3A,0.238873,0.0979064,0.160909,0.301967,-0.0920882
Q96P20,NLRP3,0.315514,0.327602,0.727276,0.422387,1.01908
Q9Y6N1,COX11,-0.279504,-0.387915,-0.00972104,-0.019299,-0.118884
Q8IZ81,ELMD2,-0.278087,-0.360547,-0.114006,-0.115518,-0.416354
Q5VZK9,CARL1,0.0256774,0.201825,0.00846267,-0.7356,0.308414
Q8N3Z3,GTPB8,-0.72453,-0.407672,-0.475141,-0.397204,-0.365907
Q8NC54,KCT2,-0.683002,-0.350257,-1.02109,0.0508093,-0.0966796
Q5GLZ8,HERC4,0.641573,0.65915,0.412786,0.291822,0.537471
Q9NZD2,GLTP,0.732995,1.17693,0.885592,0.809295,0.912165
Q86T82,UBP37,-0.0265548,0.498808,0.440348,0.34642,0.995814
P28330,ACADL,-0.219853,0.02069,-0.456265,-0.0125117,-0.410931
Q13303,KCAB2,0.0335915,0.281387,0.634041,0.152884,0.177953
Q8IY47,KBTB2,0.425207,1.39608,0.327705,0.321608,0.626045
Q7RTS9,DYM,0.519379,0.606381,0.563366,0.220136,0.320784
Q96KN1,LRAT2,-0.668823,-0.126265,-0.308779,0.084152,-0.360146
Q5U5X0,LYRM7,-0.51887,-0.70471,-0.386135,-0.534561,-0.664517
P30046,DOPD,1.01729,0.897534,0.501836,0.513721,0.609639
Q14145,KEAP1,-0.0692217,0.291026,0.143481,0.377031,-0.0788553
Q9NPF4,OSGEP,0.718408,1.23742,0.515825,0.801383,1.11133
Q7LBR1,CHM1B,0.72557,0.996451,0.50861,0.374314,0.614777
Q6P1Q9,MET2B,0.672904,1.19268,0.482318,0.382465,0.797874
Q4VC31,MIX23,-0.427759,-0.543667,-0.203045,-0.40569,-0.316129
Q13105,ZBT17,-0.16959,-0.0248325,-0.235223,0.125396,-0.0646129
Q8NFZ0,FBH1,0.559249,0.999091,0.213113,0.332912,0.345049
Q15750,TAB1,0.214725,-0.368952,-0.042222,0.0128124,0.142573
Q9Y6M5,ZNT1,0.089478,-0.0218143,0.339287,0.791583,0.780855
O95834,EMAL2,0.247986,0.201187,-0.216976,-0.179317,0.11037
Q96CG8,CTHR1,-0.554754,-0.738311,-0.347482,-0.268327,-0.521168
O60671,RAD1,0.681002,0.933624,0.369298,0.394798,1.0612
O15397,IPO8,-0.0447357,0.413401,0.126297,-0.0213308,0.333205
Q6ZW49,PAXI1,-0.303215,-0.49112,-0.271688,-0.399141,-0.382927
Q9HBH1,DEFM,-0.204222,-0.21215,-0.0864236,-0.0634718,-0.186437
Q15723,ELF2,0.147883,0.273611,0.317036,-0.0883605,0.108295
P25101,EDNRA,-0.397239,-0.44577,-0.305796,-0.0726345,-0.42631
P54277,PMS1,0.195803,0.619946,0.100868,0.193928,0.439217
Q03188,CENPC,-0.366025,-0.351202,-0.18882,-0.179109,-0.61177
Q96FZ7,CHMP6,-0.38065,-0.463392,-0.0816088,0.0110643,-0.247236
Q9UIY3,RWD2A,1.06081,0.979817,0.495066,0.445609,0.845422
Q9BVC3,DCC1,-0.120656,-0.0947313,-0.0356624,-0.226317,0.300377
Q9UBT7,CTNL1,0.083359,0.0604031,0.388967,0.557718,0.461022
Q9HBG6,IF122,0.942436,0.368208,0.0169528,0.128644,0.249744
O00161,SNP23,0.387255,0.306466,0.429406,0.223715,0.0665438
O14683,P5I11,-0.433848,-0.477182,-0.383243,-0.109208,-0.754642
Q75V66,ANO5,-0.0175586,-0.43766,-0.159072,-0.0102463,-0.619293
Q8N5D0,WDTC1,0.442782,0.431857,0.226133,-0.129509,0.119933
Q6PFW1,VIP1,0.871113,0.688996,0.717575,0.477548,0.463845
Q9UHR6,ZNHI2,0.295629,0.375697,0.220075,0.207847,0.441751
P54274,TERF1,-0.347936,-0.328825,-0.336691,-0.258651,-0.242297
P36954,RPB9,-0.0913136,1.27611,0.489823,0.327258,0.232957
P16220,CREB1,-0.475731,-0.505432,-0.310652,-0.228667,-0.329215
P18846,ATF1,-0.307438,-0.0209808,-0.354985,-0.171753,-0.0618401
O94952,FBX21,-0.0604112,-0.0574338,-0.0914083,-0.294583,-0.129555
Q9UNP4,SIAT9,0.366144,-0.304422,0.145868,-0.182752,-0.18614
P05230,FGF1,0.522372,0.728044,0.547736,1.211,0.921718
O14791,APOL1,-0.494883,-0.286273,0.0293312,-0.553266,-0.450401
O60783,RT14,-0.261821,-0.485137,-0.122608,-0.150831,-0.542284
Q8IX90,SKA3,0.469631,0.301026,0.10618,0.402668,0.512685
Q5RI15,COX20,-0.329082,-0.388233,0.272536,0.310921,-0.340302
O00622,CCN1,-0.243702,-0.865583,-0.0719118,-0.152365,-0.0331569
Q15633,TRBP2,-0.346728,-0.52875,-0.00953197,-0.119196,-0.487771
Q92990,GLMN,0.296986,0.577892,-0.0769656,-0.205814,0.448404
O75503,CLN5,-0.315235,-0.404099,-0.0424111,-0.520754,0.0208375
Q9UPW5,CBPC1,-0.112605,-0.0780091,-0.0368533,0.474094,-0.236356
Q9UJX6,ANC2,-0.0112326,-0.182693,-0.0433297,-0.188901,0.0695913
Q8N9Q2,SR1IP,-0.277123,-0.224875,-0.219661,-0.0711207,0.0652294
O00193,SMAP,0.376073,0.978779,0.415942,0.370555,0.897516
Q2TAA5,ALG11,-0.276009,-0.404468,-0.0558646,-0.153994,-0.313632
Q9ULD5,ZN777,0.300051,0.665623,0.515296,0.213815,0.581538
Q5EB52,MEST,-0.00328755,0.0304897,-0.0555441,-0.162911,-0.03407
O00623,PEX12,-0.430742,-0.353669,-0.0796721,-0.104452,-0.365375
O75506,HSBP1,-0.411872,-0.871952,-0.485304,-0.559316,-0.718358
Q99963,SH3G3,0.885832,0.0972886,0.441186,0.225275,0.280033
Q9H0D6,XRN2,-0.432595,-0.467391,-0.291046,-0.328176,-0.41772
Q9BV23,ABHD6,-0.262549,-0.086385,-0.218849,-0.363819,-0.243054
O60583,CCNT2,-0.258374,0.272171,0.0283701,-0.332803,-0.395014
P61218,RPAB2,-0.171341,-0.162623,0.0245492,0.051656,-0.0335505
Q9UHE8,STEA1,-0.139666,1.00755,0.524115,0.885711,0.465762
Q9BT17,MTG1,-0.0334752,0.0812731,0.0606155,-0.227275,-0.119125
O60294,TYW4,0.547943,0.696634,-0.0068357,0.386676,0.386034
H0YDF6,H0YDF6,-0.0112798,0.16438,-0.218672,-0.41526,-0.197849
Q9NWZ8,GEMI8,0.593457,0.230899,0.100784,0.284606,0.422988
O00220,TR10A,0.153653,0.157169,0.0125794,0.360822,-0.0601928
P14778,IL1R1,0.999481,1.23012,0.681575,0.60047,0.336913
Q6ZUT1,NKAP1,-0.491358,-0.870257,-0.253948,-0.276545,-0.458362
Q9NRX5,SERC1,-0.00407791,0.20037,-0.00536728,0.230635,0.434832
Q8NEC7,GSTCD,0.746533,0.882554,0.348323,0.516944,0.464549
Q9NX14,NDUBB,-0.0913506,0.127105,0.725794,0.814103,-0.0411263
Q8WYH8,ING5,-0.446583,-0.652478,-0.320218,-0.260407,-0.513075
Q9UNL4,ING4,-0.311567,-0.272684,-0.271157,-0.126346,-0.615956
Q99471,PFD5,1.02289,0.826696,0.744807,1.06453,1.09908
Q96F85,CNRP1,0.802425,0.74922,0.178576,0.447725,0.65095
Q8N4S0,CCD82,-0.129824,0.299906,-0.0707734,0.206447,0.445959
Q9UJY4,GGA2,0.343676,0.510875,0.0188088,-0.0418606,0.0306916
Q6P4A7,SFXN4,-0.204797,0.0818017,0.303748,0.177179,-0.455483
Q9Y5V0,ZN706,0.00875354,-0.255865,0.34227,-0.004143,0.417635
Q15583,TGIF1,0.18589,0.314914,-0.331594,-0.0908654,0.0501299
Q9BXW9,FACD2,0.138326,0.0487354,-0.0437717,0.161415,0.590303
Q8N690,DB119,0.511836,0.661074,-0.0511515,-0.112875,0.485891
Q9Y5Z0,BACE2,-0.142857,0.315824,0.55408,0.331279,1.01182
O14678,ABCD4,-0.557585,0.102989,0.0111072,0.383545,-0.25052
Q8N680,ZBTB2,-0.400066,-0.80439,-0.525906,0.121638,-0.26348
P46937,YAP1,0.615103,0.528646,0.603231,0.604296,0.553368
Q9HCJ1,ANKH,-0.209129,-0.15135,0.32208,0.0825257,0.549329
Q6P5Z2,PKN3,-0.126578,-0.20735,0.0452065,0.223638,-0.0289145
Q8N6L1,KTAP2,-0.763498,-0.836746,-0.273984,-0.242817,-0.113978
Q8N4L2,PP4P2,-0.251749,-0.143395,0.168263,0.339057,-0.0790217
Q8N806,UBR7,0.255352,0.690771,0.221394,0.440094,0.681336
Q8N682,DRAM1,0.136846,-0.0420094,0.865564,0.651773,0.362167
P15172,MYOD1,0.0504355,0.298265,0.55625,0.562178,0.228027
Q5T7M9,DIK1A,-0.314021,-0.0777082,0.247953,0.00247216,0.274304
O94782,UBP1,-0.189942,0.36499,0.146503,0.0613608,0.347816
Q9Y221,NIP7,-0.502235,-0.602484,0.0291121,-0.0125008,0.0508218
P00156,CYB,-0.754473,-1.04016,0.0184178,0.177427,-0.597563
Q9H2V7,SPNS1,-0.477654,-0.459193,0.303592,0.179503,-0.0877647
Q3SYG4,PTHB1,-0.22572,0.155147,-0.267536,-0.413941,-0.329165
Q9BT43,RPC7L,-0.806002,0.606996,0.257115,-0.52297,1.1721
P78426,NKX61,-0.521928,-0.627308,-0.283682,-0.419504,-0.618399
P0C0L4,CO4A,-0.146924,-0.810221,-0.520265,-0.0787749,-0.108734
O43463,SUV91,-0.447103,-0.300008,-0.182248,1.03063,0.714443
P48507,GSH0,0.721273,0.932174,0.218447,0.283512,0.567542
Q9NVX2,NLE1,-0.232138,-0.209059,0.0733609,0.0663519,0.22931
Q15126,PMVK,0.817963,0.909016,0.621809,0.382663,0.975779
Q8IYE1,CCD13,1.55301,1.86214,0.405951,0.144747,0.967735
Q9NW38,FANCL,-0.216507,-0.0653791,-0.211811,0.130055,0.105374
Q96GX1,TECT2,-0.21702,-0.37048,0.159607,0.163423,-0.286021
Q9UKB1,FBW1B,0.101788,0.428966,0.328423,0.183205,0.376584
Q9P202,WHRN,-0.674647,-0.704422,-0.321034,-0.343766,-0.809043
Q7Z2W9,RM21,-0.340039,-0.242124,-0.239831,-0.301452,-0.383276
Q9Y5N6,ORC6,-0.0571237,0.574106,0.166693,0.612508,0.388486
Q99807,COQ7,-0.512279,-0.202128,0.163536,0.275491,-0.189333
P00734,THRB,0.376551,0.017894,-0.268732,0.69665,0.944724
O75449,KTNA1,0.406343,0.806416,0.14531,0.194139,0.450201
Q9BW62,KATL1,0.509699,0.519668,0.614804,-0.0735648,0.13849
Q14114,LRP8,0.0734797,-0.0214388,0.285634,0.656605,0.521599
P18440,ARY1,0.856896,0.852832,0.121959,0.399113,0.709615
Q96BI3,APH1A,-0.206702,0.399792,0.554328,0.137641,0.0195179
Q8N128,F177A,-0.32528,-0.269751,-0.148554,-0.087636,-0.299048
O15504,NUP42,-0.336129,-0.477127,-0.394619,-0.345915,-0.520275
Q96AT1,K1143,0.429006,0.8788,0.183026,0.354325,0.69001
Q9Y259,CHKB,0.399732,1.37863,0.393135,0.176192,1.12749
O00221,IKBE,1.45902,0.60559,1.29194,1.14829,1.24688
Q92686,NEUG,1.56617,0.678445,0.477624,0.654691,0.502063
Q96AQ8,MCUR1,-0.406804,-0.667027,-0.369987,-0.231771,-0.800167
Q15678,PTN14,0.372017,0.483752,0.423489,0.320619,0.566739
Q9BZL1,UBL5,0.188586,0.41592,0.391565,0.277658,0.37045
Q9NP97,DLRB1,1.00234,1.14116,0.514384,0.600713,0.604949
P56181,NDUV3,-0.207552,-0.14552,0.343668,0.400906,-0.350267
O43184,ADA12,-0.691174,-0.346627,-0.427003,0.458384,-0.30046
Q8N6N3,CA052,-0.052017,0.201003,-0.0299325,-0.232012,0.0529995
O15327,INP4B,0.597327,0.714761,0.275656,0.40393,0.658588
Q8IY57,YAF2,-0.515943,-0.278501,-0.469026,-0.592737,-0.800021
Q15013,MD2BP,-0.0949063,0.0465503,-0.115908,-0.269381,0.0678358
Q99627,CSN8,0.852341,0.827462,0.546877,0.46283,0.857612
Q9NWW7,CB042,0.0316019,-0.290461,-0.10266,0.184248,-0.264133
O75208,COQ9,-0.492533,-0.397403,-0.00280356,-0.192077,-0.459691
Q9NPR9,GP108,-0.395339,0.0464971,-0.127778,-0.294239,-0.139919
P43308,SSRB,0.175208,0.752171,0.618638,0.12687,0.467208
Q9UBY9,HSPB7,-1.11494,-0.944379,-3.31034,-4.03182,-2.65095
Q9BRB3-2,PIGQ,-0.0795715,0.129256,0.693888,0.154555,0.347388
Q8TE77,SSH3,-0.00774074,0.0808196,0.167974,0.0289614,0.144268
Q8NCU8,MTLN,-0.0903232,0.0976388,0.762074,0.646909,0.0324764
Q8TB36,GDAP1,-0.192059,-0.336157,0.555533,0.618211,-0.141406
Q8WZA0,LZIC,0.724655,0.911034,0.322429,0.249261,0.536615
Q9H5J8,TAF1D,0.499992,-0.331264,-0.876698,-0.256556,-0.810598
Q5TH69,BIG3,0.490605,0.653967,0.512656,0.372569,0.279098
Q8WWQ2,HPSE2,-0.504939,-0.371602,-0.322841,-0.333568,-0.366449
Q99758,ABCA3,0.00706315,0.0756547,0.528888,0.399946,-0.572791
Q9BYD1,RM13,-0.279597,-0.550101,-0.2539,-0.206177,-0.392822
Q9HC29,NOD2,-0.213109,-0.387017,0.126777,0.128707,0.383948
O43716,GATC,-0.456556,-0.283984,0.157699,0.145252,-0.187443
Q6UWP2,DHR11,0.872741,-0.325608,0.626313,0.399052,0.121202
Q9UHV7,MED13,-0.33449,-0.361041,-0.312948,-0.464238,-0.384501
Q9NRB3,CHSTC,0.231603,0.0824311,-0.134351,-0.408777,-0.366722
Q53FT3,HIKES,0.520532,0.52117,0.361764,0.325262,0.547083
Q9NQG6,MID51,-0.444891,-0.502867,-0.0615768,-0.14373,-0.173185
Q99417,MYCBP,0.603692,0.804039,1.07456,0.888925,1.3417
Q9BSH5,HDHD3,-0.36598,0.0919106,0.073194,-0.174401,-0.260511
Q9UBK7,RBL2A,0.53048,0.779413,0.533741,0.47952,0.869458
O43583,DENR,0.73363,0.884349,0.356687,0.278074,0.643485
Q969L4,LSM10,0.265181,0.830667,0.111868,-0.198561,0.674769
Q12766,HMGX3,-0.165988,-0.0692699,-0.0325205,-0.152888,-0.0573757
Q6ZS30,NBEL1,-0.055948,0.289934,0.347409,0.181458,0.634964
Q16595,FRDA,-0.348348,-0.268663,0.0916359,0.144752,0.00582099
Q6IQ26,DEN5A,1.43495,0.77724,0.736127,1.15851,0.736647
Q8N4H5,TOM5,0.0661523,-0.354717,0.703267,1.03232,0.466331
Q9Y5L4,TIM13,-0.250679,-0.318756,-0.137807,-0.0370853,0.21174
P48380,RFX3,-0.442797,-0.136554,-0.331634,-0.236414,-0.187629
Q8NC96,NECP1,0.459892,0.692106,0.242976,0.27046,0.501822
Q5QJ74,TBCEL,0.366059,0.312554,0.362948,0.142613,0.414625
Q8TB03,CX038,0.691311,0.883761,0.452394,0.444937,0.921676
Q13480,GAB1,0.634884,0.776104,-0.0246546,0.431506,1.53035
Q11206,SIA4C,-0.11366,-0.107026,0.0178547,0.329017,-0.369781
Q8IXU6,S35F2,-0.139574,-0.114135,-0.0170076,0.39309,0.202435
Q92629,SGCD,0.174546,-0.0967469,0.462737,0.705378,0.385124
E5RHM1,E5RHM1,1.076,1.17329,0.443319,0.411203,0.691587
O14653,GOSR2,-0.407509,-0.396346,-0.164449,-0.0863855,-0.230582
Q9H3H5,GPT,-0.277739,-0.320758,-0.114124,-0.430166,-0.274756
Q5FWF5,ESCO1,1.03903,1.20386,0.285073,0.438055,0.717649
Q9NUN5,LMBD1,-0.495636,-0.331352,0.00171566,-0.403372,-0.689931
Q7L4E1,MIGA2,-0.34973,-0.0493309,0.289561,0.10304,-0.226915
Q96DP5,FMT,-0.124854,-0.00998759,-0.161747,-0.108157,-0.163288
C9JLR9,ZFTA,0.688924,0.626357,0.521185,0.00654435,1.56203
Q92560,BAP1,-0.239039,-0.196821,-0.217211,-0.353215,-0.393472
Q9GZZ9,UBA5,0.930134,1.10088,0.277965,0.398005,0.578423
Q8NBI2,CYAC3,0.0143399,0.109794,0.440007,0.398435,-0.10816
Q9NS18,GLRX2,0.605111,0.693069,0.811841,0.405516,0.569246
Q86UN3,R4RL2,0.349635,-0.376601,-0.00181723,0.0565088,-0.73163
Q15283,RASA2,0.338269,0.204854,0.0148988,-0.172038,0.0200634
Q8WXG6,MADD,0.276834,1.10919,0.521195,-0.0447831,-0.0619974
Q9Y672,ALG6,0.47653,0.14596,1.01537,0.474663,0.258925
Q9Y6K0,CEPT1,-0.842262,-1.23027,0.263491,-0.695477,-0.272707
Q9H1Y0,ATG5,1.5268,2.92509,0.708399,1.09214,1.02871
E5RH11,E5RH11,0.363001,0.667753,0.0254958,-0.0297301,0.158522
Q8NFI3,ENASE,-0.188366,0.164109,-0.21495,-0.416513,0.0764477
Q96HP4,OXND1,-0.0525894,0.137766,-0.0629473,-0.114841,-0.133695
Q9NPI0,TM138,0.664137,0.872886,1.14446,0.766474,1.02938
Q9HB58,SP110,-0.266072,-0.340942,-0.233674,-0.485583,-0.449037
Q9BSF8,BTBDA,0.538345,0.724447,0.00712466,0.136566,0.400988
Q6P1Q0,LTMD1,-0.22554,-0.258813,-0.0497551,-0.015888,-0.319641
Q86SX6,GLRX5,-0.127395,0.144141,0.371814,0.226362,0.00353384
P00750,TPA,-0.0845363,-0.461426,0.35291,-0.11443,-0.0308585
Q9UPU9,SMAG1,0.823464,0.651365,0.121389,0.242174,0.380329
Q12891,HYAL2,0.794391,1.05475,0.721473,0.582098,1.15023
P17152,TMM11,-0.346862,-0.606035,0.119632,-0.162103,-0.644838
O15258,RER1,-0.128655,-0.323714,0.0770869,0.0689082,-0.0317721
Q58A45,PAN3,1.15157,0.235502,-0.355019,-0.266789,0.500337
Q3KQZ1,S2535,-0.168055,-0.175271,0.165912,0.273476,0.352135
P05413,FABPH,-1.1456,-1.07497,-3.25227,-3.81683,-2.0563
Q9Y576,ASB1,0.488791,1.03034,0.459671,0.650975,0.976758
Q96RN5,MED15,-0.842391,-0.857553,-0.689326,-0.820803,-0.536122
Q9HD23,MRS2,0.0143051,-0.189449,0.62687,1.03378,-0.921213
Q07912,ACK1,0.965572,1.16567,0.347864,0.505392,0.725749
Q8TCT6,SPPL3,-0.389876,-0.144045,0.185667,-0.431671,-0.628399
Q96EL2,RT24,-0.318688,-0.252936,-0.182573,-0.254019,-0.447555
Q9UNN8,EPCR,-0.0146949,0.300807,0.506569,0.445574,0.671693
Q9HBF4,ZFYV1,0.563914,1.09918,0.0410769,0.042521,1.10914
P02042,HBD,-0.225522,-1.64913,-1.70877,-1.27266,-1.29156
Q6UX65,DRAM2,-0.425356,0.0475662,-0.129616,-0.138617,-0.4114
P24863,CCNC,-0.380924,-0.136118,-0.160249,-0.557961,-0.217124
Q6NT16,S18B1,-0.00259423,-0.141176,0.59421,0.708287,0.498351
O14757,CHK1,0.424968,0.0619226,0.648344,0.30122,0.823152
P62318,SMD3,-0.302966,-0.442437,-0.271938,-0.210025,-0.339121
P41161,ETV5,0.388824,0.76254,-0.426149,-0.562085,0.630623
Q7L1T6,NB5R4,0.658462,0.955129,0.441681,0.459874,0.764306
O60513,B4GT4,-0.460168,-0.318528,-0.742075,-0.417642,-0.738235
Q96FQ6,S10AG,1.35958,1.56618,2.20576,1.05856,2.12346
Q96AA3,RFT1,-0.194131,-0.400622,-0.0504637,-0.0526841,-0.398695
P51530,DNA2,0.317864,1.66772,0.985314,1.16931,0.741957
Q6MZP7,LIN54,-0.44299,-0.129083,-0.23118,-0.33327,-0.236314
Q9NUV7,SPTC3,-0.19227,-0.199182,0.0132105,0.206224,0.204015
Q8NEV4,MYO3A,-0.217174,-0.204717,-0.0305803,0.0346103,0.127529
Q9UII6,DS13B,-0.517871,-0.848455,0.370506,-0.491061,0.0975621
Q13064,MKRN3,-0.32015,-0.487973,-0.301009,-0.142912,-0.515712
Q9NRG0,CHRC1,0.269942,0.441231,0.229139,0.280199,0.577044
Q7Z4G4,TRM11,0.474244,0.268337,-0.016578,0.0290928,0.000956059
P00846,ATP6,0.256994,0.689868,0.860346,1.10064,0.413166
Q6DKJ4,NXN,0.716227,0.947522,0.290173,0.357045,0.368549
Q13574,DGKZ,1.17711,0.659028,0.412775,1.04456,0.297408
Q9UHX3,AGRE2,-0.889234,-0.0210516,-0.461888,0.540368,-0.343531
Q13077,TRAF1,0.267705,0.792977,0.350198,0.279953,0.594591
O15155,BET1,-0.234997,-0.148,-0.0581107,0.010937,-0.132848
Q0VG06,FP100,0.152336,0.949258,0.898347,0.60059,2.03334
Q8TDH9,BL1S5,0.530254,0.998027,0.157682,0.423067,0.284993
P00403,COX2,0.136441,0.249406,1.10549,1.04488,0.187064
O95999,BCL10,0.652504,0.967262,0.0909908,0.181368,0.659069
P04150,GCR,0.306773,0.803456,0.342436,0.151968,0.354929
Q9UBR5,CKLF,0.558899,0.743415,0.0536304,1.32341,0.915395
Q9NNZ3,DNJC4,0.943919,-0.240998,0.292435,0.122928,-0.486923
Q9H1B7,I2BPL,-0.328449,-0.145432,-0.680332,-0.419834,-0.565469
Q86UD5,SL9B2,0.791173,1.46898,1.86317,1.85031,2.42148
Q9Y5B8,NDK7,0.296958,0.190331,0.0267863,0.0225353,0.333415
Q9UPT9,UBP22,0.568123,1.39932,1.01489,0.733083,0.820409
Q68CQ7,GL8D1,-0.455685,-0.622522,-0.834588,-0.750714,-0.922635
O95772,STR3N,-0.263225,-0.340457,0.026561,0.234971,-0.0926938
Q8NG68,TTL,1.0235,1.26073,0.445103,0.534426,0.752879
A6NGC4,TLCD2,-0.507516,-0.427879,0.354833,0.234179,-0.485411
Q96SI1,KCD15,1.04173,2.00241,1.59703,0.874387,2.03275
O94762,RECQ5,-0.430306,-0.0608058,-0.275369,-0.415011,-0.204416
A4UGR9-6,XIRP2,-0.154793,-0.244401,-0.265116,-0.229076,0.175912
Q86Z20,CC125,-0.464334,-0.142725,0.907897,0.280674,0.218657
Q9Y6B7,AP4B1,-0.00568271,0.129502,0.682796,0.280804,0.959569
Q9UPS8,ANR26,0.375531,-0.256315,0.00577664,0.17027,-0.340921
Q92817,EVPL,-0.142303,-0.40293,0.262197,0.209536,0.156389
Q9H871,RMD5A,0.895475,0.965713,0.537381,0.244174,0.556313
Q9BPY3,F118B,0.363573,1.08446,0.400423,0.31702,0.95462
Q9HAU4,SMUF2,0.563164,0.596407,0.0710735,-0.0931838,0.712458
Q14119,VEZF1,-0.320841,-0.252988,-0.10842,0.345774,-0.0481274
Q9BSQ5,CCM2,0.118494,-0.0366917,0.0414979,0.0251255,0.0514412
Q5BKY9,F133B,-0.106673,-0.052223,-0.0586798,0.241751,0.443511
A2A2Z9,AN18B,-0.0648377,0.802444,0.388632,-0.0841892,0.647876
Q14703,MBTP1,-0.0429416,0.0208352,0.551251,0.0888896,-0.567442
Q9BRS8,LARP6,0.987819,1.5203,0.467796,0.463697,1.1265
Q9NP79,VTA1,0.609241,0.915177,0.512971,0.393948,0.985162
Q9UBM7,DHCR7,-0.374774,-0.424163,-0.273968,-0.393217,-0.556127
Q8IYB5,SMAP1,0.823766,0.886147,0.347745,0.277421,0.534739
O14561,ACPM,0.1285,-0.317137,0.503725,0.589699,0.0478051
Q13370,PDE3B,0.52315,0.280227,-0.0831792,0.533654,0.187838
Q9Y6R0,NUMBL,-0.343238,-0.718415,-0.700353,-0.537493,-0.663405
Q5MNZ9,WIPI1,0.248076,0.504215,-0.147267,-0.190779,0.09289
P27544,CERS1,-0.0848198,-0.313032,0.177411,-0.0383441,0.06146
Q9BSR8,YIPF4,-0.628241,-0.132839,-0.550739,-0.554709,-0.717825
Q16560,U1SBP,-0.501963,-0.612135,-0.0719218,-0.445513,-0.385842
Q96EY4,TMA16,-0.81419,-1.01345,-0.980527,-0.685469,-0.64423
Q9BXS4,TMM59,-0.805987,-0.386037,-0.545103,0.333179,0.0665193
P08174,DAF,0.350987,0.237213,0.0919831,0.552197,-0.110036
Q8N720,ZN655,-0.147143,-0.186939,1.24421,0.423445,-0.193882
Q9H706,GARE1,0.876039,1.0784,0.597387,0.306653,1.05641
P36405,ARL3,0.89256,0.987922,0.605579,0.566384,0.970975
Q9NP77,SSU72,0.298709,0.55995,0.223556,0.425701,0.650185
Q9NRP0,OSTC,-0.0817609,-0.367135,0.093569,0.0977361,0.12221
P50548,ERF,0.18453,0.83475,0.438869,0.458679,0.585404
Q8IU81,I2BP1,-0.563416,-0.202924,-0.511536,-0.311504,-0.135664
Q96S21,RB40C,-0.221978,-1.4434,-0.784728,-0.929446,-1.6665
Q53ET0,CRTC2,0.726639,0.413713,-0.282999,0.49756,0.444342
Q8TCC3,RM30,-0.574849,-0.652838,-0.357983,-0.381719,-0.680955
Q9P266,JCAD,-0.156113,-0.513669,0.671212,0.559527,0.495652
Q8IXZ2,ZC3H3,1.31269,0.832048,1.12103,0.758448,0.555953
Q8WWI5,CTL1,0.367748,0.181112,0.137127,0.230859,0.00129032
Q8TBP6,S2540,0.0106342,-0.239166,0.416137,0.687298,0.122682
P08910,ABHD2,-0.321779,-0.704081,-0.516433,-0.0642116,-0.235712
Q7Z4H3,HDDC2,0.824168,0.915113,0.535586,0.538896,1.07838
P10275,ANDR,0.119036,2.17357,0.141174,0.237894,0.155153
Q8WV44,TRI41,-0.442775,-0.0590227,-0.34873,-0.11815,-0.582466
Q9NWX6,THG1,0.234451,0.263307,0.12147,0.155299,0.324795
P09038,FGF2,-0.225659,-0.589196,-0.238095,0.0489912,-0.080503
Q9NS69,TOM22,0.292767,0.031842,1.30966,1.45697,0.909405
Q9C0H9,SRCN1,0.176712,0.703569,0.407076,0.459438,0.0680907
Q13309,SKP2,0.214135,0.595592,0.458121,0.315625,0.653076
P01008,ANT3,0.502711,-0.431332,-0.0368152,0.520555,0.169603
Q9Y3C7,MED31,-0.863277,0.0552291,-0.507638,0.228691,-0.282026
Q9NRN9,METL5,0.832539,0.819488,0.485605,0.467881,1.07589
Q9H0U6,RM18,-0.145769,-0.171806,-0.108806,-0.0452712,-0.407135
P23508,CRCM,0.445174,0.378309,0.240222,0.154498,0.111094
Q9HAJ7,SP30L,-0.633388,-0.503441,-0.683,-0.740271,-1.0215
Q9UIU6,SIX4,-0.590576,-0.901127,0.331718,-0.2027,-0.0955815
O75570,RF1M,-0.655349,-0.557155,-0.502424,-0.627771,-0.800704
O00189,AP4M1,0.968154,0.699019,0.872054,0.685462,1.10628
Q9H4A5,GLP3L,0.678618,0.385139,0.110451,0.16155,0.280056
O95563,MPC2,-0.239615,-0.378717,0.620301,0.655189,-0.0127473
Q9NYF3,FA53C,0.99893,1.16996,0.139893,0.333015,0.459292
P56749,CLD12,-0.216299,0.254498,0.195266,0.375749,0.250725
Q9HAC8,UBTD1,-0.00480676,0.105836,0.321915,0.201601,0.00499725
Q11201,SIA4A,0.175804,0.322855,0.704404,-0.0376792,0.443864
Q8NCF5,NF2IP,-0.0154486,0.541132,0.566536,0.10373,0.775403
P62314,SMD1,-0.204657,-0.250564,-0.206182,-0.166264,-0.297255
O60733,PLPL9,-0.699247,0.155075,-0.182189,0.121705,-0.558406
Q9Y2H2,SAC2,0.132636,0.641568,0.590986,-0.11358,-0.122362
Q16649,NFIL3,1.25434,0.502724,0.71121,0.680232,-0.030654
P15735,PHKG2,0.771335,0.84656,0.510089,0.267939,0.579036
Q9UK97,FBX9,0.793568,0.897782,0.389943,0.436715,0.52865
Q99766,ATP5S,-0.468178,-0.543505,0.0790536,-0.0853992,-0.409537
Q96KR7,PHAR3,0.089298,0.551102,0.18785,0.0969591,0.824464
Q70Z53,F10C1,0.665915,0.956282,0.184469,0.450733,0.851586
Q96I34,PP16A,-0.246212,1.30936,-0.0204673,0.42697,-0.152284
Q8WW01,SEN15,0.0177305,-0.0485075,0.208385,0.259044,0.207555
Q9H6R7,WDCP,0.407744,0.0992718,0.230915,0.109916,0.246699
Q5I7T1,AG10B,-0.242157,-0.367503,0.0421522,-0.0637925,-0.107641
Q9GZT6,CC90B,0.0773485,-0.265169,0.154073,0.380126,-0.0127523
P10644,KAP0,0.583321,0.679296,0.300556,0.365805,0.452372
P31321,KAP1,0.535111,1.0893,0.658294,0.628863,1.12045
P49459,UBE2A,0.451005,0.732392,0.248201,0.387386,0.593237
P63146,UBE2B,0.96876,1.3182,0.602817,0.613227,0.981917
O43156,TTI1,0.659272,0.97607,0.134928,0.171771,0.686147
Q9NZI7,UBIP1,-0.268146,-0.640976,0.336556,-0.0528362,0.387901
P11441,UBL4A,0.231084,0.250948,0.619904,0.449221,0.61377
O75394,RM33,-0.711982,-0.71781,0.0576591,0.220558,-0.556119
Q4U2R6,RM51,-0.20267,-0.0127788,-0.124763,-0.172282,-0.357159
Q86TL2,STIMA,-0.566222,-0.386007,-0.591896,-0.302467,-0.948473
Q9P0Z9,SOX,-0.446558,-0.450971,-0.0884228,-0.0572577,-0.121383
Q8IZ07,AN13A,0.805595,0.983608,0.452582,0.9546,1.12757
Q8NBW4,S38A9,0.018342,0.156125,0.245656,0.374918,-0.167681
Q02083,NAAA,0.214659,-0.0671294,-0.363786,-0.490988,-0.804204
Q9HCN3,PGAP6,-0.786397,-0.32107,-0.152844,0.327088,-0.0340595
Q96CW6,S7A6O,1.03197,0.776622,0.247451,0.259135,0.518826
O95907,MOT3,0.066751,0.874095,0.563565,0.275962,0.967736
Q14680,MELK,0.628965,0.66957,0.340554,3.01397,0.566103
Q92963,RIT1,0.111626,0.629756,-0.00759053,0.33829,0.315304
O95450,ATS2,-0.413622,-0.214521,-0.169829,-0.452893,-0.32193
P82909,KGD4,-0.295975,-0.418023,0.034874,-0.0444138,-0.329046
Q9NZJ0,DTL,-0.268726,0.140925,0.365183,0.115779,0.568712
Q4VC12,MSS51,-0.812998,-0.595799,-0.873907,-1.43546,-0.631127
P01112,RASH,-0.160388,-0.170495,-0.0883162,-0.0247827,-0.161638
P01111,RASN,-0.0164187,-0.105388,-0.351618,-0.00227427,-0.00558162
Q9H1D9,RPC6,-0.0782075,-0.0289006,0.033736,-0.0698826,-0.0072844
Q03405,UPAR,-0.307839,0.119951,0.443472,-0.223926,1.49727
Q6PK18,OGFD3,-0.377105,-0.552618,-0.0181227,0.114929,-0.224555
P46776,RL27A,0.380396,0.54036,0.341573,0.365654,0.477389
Q99675,CGRF1,-0.153965,0.142202,0.252003,0.0311847,-0.520397
Q147X3,NAA30,0.372322,0.650191,0.18998,0.147994,0.500242
Q9Y580,RBM7,-0.589547,-0.298319,-0.446384,-0.53435,-0.380228
O75419,CDC45,0.222349,0.645711,0.433173,0.274728,0.531243
Q9NRC8,SIR7,-0.317293,-0.402796,-0.316283,-0.461449,-0.625373
Q92624,APBP2,0.52457,0.439784,0.0793226,0.0554781,0.700414
Q8WVH0,CPLX3,-0.215226,-0.120218,-0.162552,-0.155947,-0.439972
Q9UHW5,GPN3,0.622354,0.511346,0.143419,0.113927,0.562251
Q9UBI9,HDC,0.7545,0.928491,0.369029,0.493529,0.845024
Q969Y0,NXPE3,-0.0490546,-0.341716,0.0141068,0.058923,-0.0364785
Q9NXR8,ING3,0.0312109,0.404607,-0.385822,-0.119346,-0.337679
Q6RW13,ATRAP,0.00185156,0.330137,0.793741,0.894247,0.12772
Q70EL1,UBP54,0.427029,0.25163,0.119987,0.539361,0.520661
P19237,TNNI1,-0.83744,-0.727185,-0.986922,-1.17883,-0.878018
Q9Y6G3,RM42,-0.212239,-0.226731,-0.229155,-0.225908,-0.533129
P69905,HBA,0.101179,-2.16958,-2.57541,-1.26307,-1.46638
Q9Y530,OARD1,-0.0589244,0.198914,-0.231983,-0.522589,-0.574722
Q8NI22,MCFD2,-0.147564,0.177139,0.466852,0.824941,0.262971
Q9NP85,PODO,-0.256482,-0.744674,0.491872,1.00761,-0.255562
O14735,CDIPT,0.00530577,-0.131972,0.117463,0.159143,-0.32406
Q92546,RGP1,-0.307698,0.580406,-0.010855,0.0847545,0.0773406
Q13015,AF1Q,1.31144,1.54948,1.34677,1.034,0.943528
P62875,RPAB5,0.880395,1.28535,0.992048,0.549046,1.09357
Q9Y3C0,WASC3,0.0664341,0.054714,-0.0940433,0.292534,0.303493
Q9Y3E0,GOT1B,-0.423435,-0.604833,-0.239274,-0.180275,-0.197768
Q9BSU1,PHAF1,0.255252,-0.109045,0.0173998,0.375716,0.102082
Q96AT9,RPE,0.350857,0.884348,0.518914,0.462459,0.728171
A0A5F9YFS9,A0A5F9YFS9,-0.234024,-0.402781,-0.0552595,0.0307517,-0.558299
Q15390,MTFR1,0.113412,0.335387,-0.0776951,0.0630164,-0.194341
Q9H8G2,CAAP1,-0.392953,-0.587569,-0.407216,-0.237661,-0.505713
Q92558,WASF1,-0.0127761,0.0528626,0.127191,0.239265,0.0290051
Q9BWJ5,SF3B5,-0.424738,0.00859141,0.36353,-0.0814664,0.249554
P56378,ATP68,0.107494,0.305936,0.180228,0.347743,-0.0902097
P10620,MGST1,-0.57633,-0.63522,-0.59752,-0.0702252,-0.891062
Q86WC4,OSTM1,-0.123643,-0.145038,0.131295,0.139556,-0.273976
P61009,SPCS3,-0.271406,-0.360728,0.0329516,-0.036536,-0.389957
Q08211,DHX9,-0.483137,-0.528728,-0.240045,-0.306761,-0.37665
Q8WVM7,STAG1,-0.474182,-0.555886,-0.200936,-0.267681,-0.400339
Q8N3U4,STAG2,-0.359526,-0.370115,-0.130084,-0.29263,-0.232159
Q9UI95,MD2L2,-0.0464158,0.114052,-0.0135126,0.257339,-0.192692
Q14439,GP176,-0.40083,-0.567495,-0.588501,0.1336,0.0958924
P23434,GCSH,-0.582647,-1.15624,-0.499752,-0.656938,-0.813859
Q969G6,RIFK,0.609136,0.892416,0.300238,0.40691,0.534817
Q92466,DDB2,-0.353748,-0.284526,-0.143036,-0.233666,-0.184149
Q9ULC3,RAB23,-0.415427,-0.642129,-0.152331,-0.16028,-0.244199
O15260,SURF4,-0.233024,-0.176303,-0.00854158,0.00105834,-0.16874
Q9Y575,ASB3,-0.226669,-0.0653279,-0.0894611,-0.128907,-0.072382
Q96G74,OTUD5,0.344326,1.0005,-0.182042,-0.346773,1.02737
P20226,TBP,-0.32609,-0.0938685,-0.196274,-0.331536,-0.195982
Q9Y5W9,SNX11,-0.0941577,-0.176556,-0.164959,-0.267665,-0.317121
Q13371,PHLP,0.669522,0.698707,0.271187,0.262854,0.446496
Q9P2C4,TM181,-0.0720861,-0.0959752,-0.00112891,0.171101,-0.237073
Q86T03-2,PP4P1,-0.116406,0.0460908,-0.0408893,0.180424,-0.342027
P35869,AHR,0.212206,0.891553,-0.0169148,-0.143096,0.237355
Q8IUW5,RELL1,-0.431406,-0.566343,-0.314428,-0.0468388,-0.274364
Q5XKL5,BTBD8,0.340147,1.40371,0.774263,1.48635,0.763532
O95073,FSBP,-1.12999,0.125236,-0.755454,-0.365662,-1.31081
Q92630,DYRK2,-0.651113,-0.68635,-0.134835,-0.136451,-0.754904
P49721,PSB2,0.0347235,0.109696,0.0786097,-0.0302696,0.245981
O43414,ERI3,0.218322,0.258699,0.0421894,0.198368,0.126446
Q8N8R5,CB069,-0.181056,-0.153329,-0.435731,0.134665,-0.593113
Q9HBU6,EKI1,1.23845,-0.0141368,0.466347,0.295775,0.36282
Q969V6,MRTFA,0.86439,0.477387,0.0468926,0.448202,0.381913
Q7Z7L7,ZER1,0.482873,0.138342,0.0510066,-0.399457,-0.209922
Q15649,ZNHI3,-0.191457,0.0145414,-0.186473,-0.163342,0.111811
Q9NVE5,UBP40,0.335862,0.179588,-0.052578,0.187555,0.625929
Q8NEZ2,VP37A,0.179296,0.465316,0.320823,0.325648,0.741059
Q9NX24,NHP2,-0.237063,-0.203827,-0.12774,-0.0666702,-0.206059
Q9BQC3,DPH2,0.471268,0.769743,0.301888,0.473733,0.549532
Q08AE8,SPIR1,0.0196204,-0.0175562,-0.385425,-0.138866,-0.129901
O95628,CNOT4,0.996312,0.484219,0.254995,0.345289,0.958309
Q96K37,S35E1,-0.160147,-0.172324,-0.0114105,0.00962234,-0.0841424
Q96AD5,PLPL2,0.178715,-0.113202,0.0214176,-0.0343292,-0.588347
Q9Y6W3,CAN7,0.731588,1.0562,0.371552,0.566778,0.719948
Q86VV8,RTTN,0.493086,1.22406,0.0476198,0.301305,-0.0897892
Q9BUB4,ADAT1,-0.105049,0.208259,-0.341043,0.235214,0.218595
O00762,UBE2C,1.30614,2.01328,1.61805,1.61169,2.07959
P78563,RED1,-0.134951,-0.55559,-0.157055,-0.0532537,-0.314918
Q9UGJ1,GCP4,0.118065,0.358128,0.201277,-0.0321817,-0.107413
Q9BSM1,PCGF1,-0.105599,-0.0297766,0.0872862,-0.125082,-0.127346
P20933,ASPG,-0.070817,-1.77163,1.00153,-0.590472,-0.265232
Q96G25,MED8,-0.439006,-0.266954,-0.0359499,-0.32016,-0.0248296
Q9Y2D4,EXC6B,0.249272,0.173512,-0.0344398,-0.10162,0.21297
Q86XK2,FBX11,0.108659,0.178371,0.342094,-0.213733,0.35316
Q9BUR5,MIC26,0.377496,-0.273942,1.40321,0.9374,0.208559
P43234,CATO,-0.835819,-0.605978,-0.736769,-0.558013,-1.10226
O95544,NADK,0.760717,2.64114,0.999633,1.75551,0.85338
Q05932,FOLC,-0.425893,-0.347811,-0.18739,-0.258221,0.0704293
Q8WUX2,CHAC2,1.56349,0.479943,0.620751,0.0556068,0.947259
O15466,SIA8E,-0.0604551,0.250192,0.103579,0.00295234,0.218266
Q9C037,TRIM4,-0.137058,-0.0934494,-0.199844,-0.0485449,-0.0812743
Q2KHT3,CL16A,0.00526595,-0.105105,-0.329494,-0.583925,-0.112182
Q8IVH8,M4K3,0.385532,0.517386,0.49875,0.340249,0.375292
Q969J3,BORC5,-0.311405,0.153507,0.226367,0.375408,0.12376
Q8TEB9,RHBL4,-0.0917075,-0.329942,0.666521,0.0460141,-0.538648
Q96EP0,RNF31,0.321743,0.923358,-0.0124452,0.432471,0.615612
Q96DZ7,T4S19,0.0595515,-0.0138648,0.275576,0.372937,-0.00120354
P50895,BCAM,1.75647,0.291797,0.0208564,0.559646,-0.745013
Q03426,KIME,0.809097,1.24838,0.420673,0.635509,0.864874
Q15831,STK11,0.350595,-0.123153,0.101666,0.447098,-0.014075
Q5T2D3,OTUD3,1.05107,0.576443,0.556989,0.576677,0.654281
Q96BP2,CHCH1,-0.402362,-0.373345,-0.186703,-0.25393,-0.62957
Q8IY22,CMIP,-0.684087,0.626882,1.11492,0.115301,0.0325372
O14893,GEMI2,0.295933,-0.166569,0.725402,0.219082,0.732334
Q8N5F7,NKAP,-0.336781,-0.146861,-0.461392,-0.330533,-0.365976
Q8IXW5,RPAP2,0.230516,0.539798,-0.0131414,0.21529,0.392186
Q8NCH0,CHSTE,-0.252065,-0.431174,-0.0813503,0.266355,-0.185736
Q8WUY8,NAT14,0.551109,0.672161,0.0659487,-0.090616,1.16988
O60573,IF4E2,0.549259,0.816863,0.50954,0.165894,0.907646
Q04900,MUC24,0.243349,1.4455,0.0772393,0.382649,0.308743
Q9H008,LHPP,0.742929,3.61133,0.0739279,0.0848579,0.857339
P14921,ETS1,-0.387626,0.0923278,0.335546,-0.0343556,0.326364
Q9P241,AT10D,0.61915,-1.05981,0.194821,-0.182993,0.264091
P56381,ATP5E,-0.624195,-0.551572,-0.0526004,-0.107235,-0.329106
Q9C0A6,SETD5,-0.517738,0.148587,0.36014,-0.230938,-0.329436
Q16626,MEA1,1.07659,0.934372,0.414787,1.37159,1.20297
Q53TQ3,IN80D,-0.491288,-0.0844946,-0.230066,0.1354,0.157326
Q8TBF5,PIGX,0.236243,-0.526069,0.47068,0.669453,0.447725
Q8N118,CP4X1,-0.355206,-0.875899,-0.372586,-0.273079,-0.521364
Q9ULK2,AT7L1,-0.0939627,-0.97536,-0.192591,-0.457822,-0.452559
Q9NRP4,SDHF3,-0.704427,-1.02186,-0.470438,-0.43541,-0.529342
Q9NPC7,MYNN,-0.0867839,-0.307734,0.133498,-0.273955,-0.0503755
Q9NRX4,PHP14,0.881197,1.18291,0.433433,0.528933,0.839972
Q9NR11,ZN302,-0.165963,-0.236725,-0.232741,-0.100934,-0.351012
O14595,CTDS2,-0.0266502,0.177225,0.014241,0.154457,-0.0218775
Q8TDP1,RNH2C,0.314866,0.425483,0.502921,0.528363,0.777281
Q7Z6M4,MTEF4,-0.374191,-0.345133,-0.302356,-0.31256,-0.610939
Q92854,SEM4D,-0.076318,-0.343277,-0.387826,-0.0371699,-0.307513
Q9NWW5,CLN6,-0.40512,-0.291475,-0.202719,0.0832255,-0.120306
Q9UK96,FBX10,0.314171,0.209808,-0.462891,-0.845498,-0.593781
O43900,PRIC3,0.46878,0.864441,0.966121,0.710158,1.45907
Q92636,FAN,0.169283,0.310454,-0.259673,-0.120256,-0.206977
P61024,CKS1,0.563497,1.01047,0.616935,0.733762,1.03856
Q96QG7,MTMR9,1.26212,0.598862,0.358301,0.545068,0.871531
Q9HCJ0,TNR6C,0.780549,0.889874,0.345371,0.377608,0.400855
Q06547,GABP1,-0.129191,0.209097,0.0580029,0.0503342,0.365809
Q01449,MLRA,-0.38459,-0.231929,-2.71092,-2.97551,-2.11293
Q9BYE7,PCGF6,-0.112441,0.18683,0.10519,-0.265524,-0.229183
P01137,TGFB1,-0.346986,-0.443807,-0.199431,-0.351985,-0.424084
Q7L804,RFIP2,0.151857,0.106534,0.0427616,0.221803,0.0644515
Q01664,TFAP4,-0.177296,-0.25799,0.00213027,-0.116841,0.262484
Q8TF40,FNIP1,0.372636,0.829098,0.143084,0.48859,0.765576
Q9H257,CARD9,0.835254,0.81454,0.593164,0.636603,0.96468
Q8IY34,S15A3,-0.225224,-0.287242,0.206738,-0.27659,-0.595063
Q13443,ADAM9,-0.554451,-0.636859,-0.256432,0.230639,-0.542172
Q9NUP7,TRM13,1.22118,1.35667,0.710142,0.454385,1.31784
O00124,UBXN8,-0.293132,-0.84755,-0.228716,-0.0710502,0.0441656
Q15646,OASL,-0.0125685,-1.08461,-0.338927,-0.0526965,-0.500477
Q9UQL6,HDAC5,-0.426324,-0.414098,-0.366016,-0.322593,-0.788509
Q9HB20,PKHA3,0.256871,0.693577,-0.0515616,-0.428369,-0.339447
Q6ZN54,DEFI8,-0.59476,0.839462,-0.251038,-0.928876,-1.20204
Q7Z7C8,TAF8,0.920375,-0.595774,0.0786452,-0.433188,-0.592715
P62877,RBX1,-1.00234,-1.47344,-1.03529,-1.03685,-1.3261
Q8N3R9,PALS1,0.146566,0.226587,0.269816,0.137182,-0.0582225
P15104,GLNA,0.287903,0.341451,0.419316,0.508795,0.360889
Q969M3,YIPF5,-0.229623,-0.447005,-0.395864,0.366188,0.0155411
Q13433,S39A6,0.293422,0.141337,0.112252,0.296009,-0.0490546
Q9H490,PIGU,-0.378884,-0.152586,0.149276,0.0209086,-0.0781651
Q9NWM3,CUED1,0.19597,-0.012702,-0.186529,0.00342035,-0.20698
Q9UGI8,TES,-0.0317392,-0.0912995,-0.534043,0.492909,0.719745
P10244,MYBB,-0.918496,-0.78899,-1.12634,-0.684182,-0.654298
Q9Y6K8,KAD5,0.49553,0.675726,0.44053,0.420739,0.484413
P00568,KAD1,0.834901,1.01995,0.383217,0.387914,0.741761
P10243,MYBA,0.898751,0.824953,0.404472,0.497142,0.577269
A7MCY6,TBKB1,1.07225,0.921583,0.935438,0.54748,0.493566
Q5T1C6,THEM4,-0.534679,-0.429489,-0.285755,-0.319089,-0.465443
Q9NZ71,RTEL1,-0.141047,-0.351224,0.5577,0.369627,-0.623732
Q9H1C4,UN93B,-0.347376,-0.437655,0.0494733,0.383578,-0.586231
Q3MIP1,IPIL2,0.0448315,1.22522,0.831334,-0.0295343,1.01323
Q6ZMC9,SIG15,0.28799,0.78791,1.442,0.585921,0.521034
P02511,CRYAB,-0.153918,0.162365,-2.27264,-3.20032,-1.59672
O75817,POP7,-0.429683,-0.298451,-0.20508,-0.376549,-0.015835
Q9H5U6,ZCHC4,-0.616034,0.170066,-0.813687,0.151957,-0.0781304
Q0P6H9,TMM62,-0.397579,-0.730336,-0.225994,-0.405858,-0.56726
P24311,COX7B,1.41653,1.68087,1.30198,2.33452,1.07286
Q9H300,PARL,-0.217579,-0.163952,0.447413,0.568663,-0.0384588
O14807,RASM,-0.38936,-0.17849,0.139378,-0.287543,-0.487609
Q9NUP1,BL1S4,0.517434,0.650571,0.294263,0.301838,0.174541
Q86WR7,PRSR2,0.360212,0.0428214,-0.180122,-0.0942664,0.379336
P83369,LSM11,0.195215,-0.25172,0.0806839,0.0215867,-0.00417137
P27540,ARNT,-0.0247433,0.210408,-0.359354,0.0434532,-0.730343
O14901,KLF11,-1.69534,0.317341,-1.24222,-0.931193,-1.17432
P22676,CALB2,0.342079,1.05133,0.239858,0.089678,1.11962
Q9UBI6,GBG12,-0.497546,0.0232425,-0.0799081,0.331188,-0.361866
Q7Z4G1,COMD6,0.342721,0.216522,0.281682,0.437679,0.149893
Q9C0D7,ZC12C,0.208572,0.00719786,-0.212049,0.0209639,0.228854
Q96M94,KLH15,0.0622349,0.14833,-0.348676,-0.0826645,0.495851
Q9HC21,TPC,-0.591955,-0.507698,-0.310301,0.171833,-0.531981
Q6ZNA4,RN111,-0.831918,-0.951978,-0.567149,0.259104,-0.438199
Q9Y3Q3,TMED3,0.35659,-0.305918,0.0358446,-0.0289888,0.161937
P16083,NQO2,0.727847,1.03826,0.182706,0.384513,0.439469
A8MWY0,ELAP2,0.159861,0.431005,0.23981,0.138937,-0.56938
Q9H4I9,EMRE,-0.063122,0.00575876,0.637075,0.664296,0.253083
O14880,MGST3,0.19216,0.228007,0.897686,0.758776,-0.045753
A8MTT3,CEBOS,-0.211889,0.0491805,-0.0354199,-0.245359,-0.21531
Q9H977,WDR54,1.14991,2.66857,0.863634,0.890988,1.14203
Q9Y4F5,C170B,0.656268,0.134167,-0.141591,0.092685,-0.443529
Q9Y4A8,NF2L3,-0.134377,-0.270787,0.260655,-0.296773,-0.764087
P27449,VATL,-0.312058,-0.220562,0.126354,0.449641,0.253742
Q96CX2,KCD12,1.17145,0.949949,0.421025,0.39808,0.968651
P56270,MAZ,-0.722935,-0.622439,-0.550367,0.647154,-0.566475
O00311,CDC7,-0.101097,0.407588,0.132996,0.678955,0.200011
Q96K12,FACR2,-0.250111,-1.25028,-0.081708,-0.272162,1.03049
Q9Y3D0,CIA2B,0.159042,1.47015,0.923959,0.676875,1.61687
P20393,NR1D1,-0.0104914,0.343882,-0.368418,-0.428392,-0.000242949
O94768,ST17B,0.339524,0.510228,1.45136,1.21926,1.94004
Q9Y519,T184B,-0.0949302,0.0824993,0.0195291,0.0743351,-0.299497
O75061,AUXI,-0.234695,0.750905,0.340942,-0.119096,-0.0060246
Q8TBQ9,KISHA,-0.0361063,0.137381,0.218019,0.138944,0.474621
O15054,KDM6B,-0.867017,-0.710711,-0.929112,-0.502222,-0.73422
O95551,TYDP2,0.294381,0.251102,0.0780528,0.272832,0.220467
A0AAQ5BI91,A0AAQ5BI91,-0.146368,-0.258037,-0.24692,0.323974,-0.253422
Q9HD15,SRA1,1.06918,0.799034,0.670749,0.697666,0.93595
Q99504,EYA3,-0.27042,-0.00626087,-0.0401616,-0.129637,-0.100169
Q13395,TARB1,0.258512,1.14847,0.512021,-0.210744,0.13524
Q9BXC9,BBS2,0.695847,0.301962,0.0616856,0.140387,0.348732
Q9Y289,SC5A6,-0.143279,-0.568847,0.57897,0.0282605,0.231265
P51688,SPHM,-0.301925,0.0516701,-0.497298,-0.584585,-0.734362
Q9NSP4,CENPM,0.389661,0.498063,0.33128,0.407451,0.171783
Q5SW96,ARH,0.140714,-0.0417259,-0.0988629,0.0271263,-0.0862296
Q96BU1,S1PBP,-0.320679,0.248897,-0.12802,0.157691,-0.473636
P40337,VHL,1.40821,0.825989,0.359778,1.00656,0.19458
O15297,PPM1D,0.903528,-0.159721,0.219013,0.275269,1.30623
Q92613,JADE3,-0.654921,0.110397,-0.495538,-0.689243,0.0254345
Q8N5B7,CERS5,-0.260504,-0.256429,-0.0641506,0.0466454,-0.194139
Q2V2M9,FHOD3,0.280407,-0.8748,-0.726276,-1.11975,0.171534
Q86VP3,PACS2,0.109554,0.883879,-0.839684,-0.617442,-0.695735
P34741,SDC2,-0.0403841,-0.518553,0.681652,0.176173,-0.280092
Q8WX77,IBPL1,-0.405147,-0.0649426,0.101183,-0.189186,-0.0371592
Q96A46,MFRN2,-0.630384,-0.705825,-0.193883,-0.289566,-0.569134
Q96LT4,SAMD8,-0.285453,-0.329652,-0.0526633,-0.106485,-0.10431
P48029,SC6A8,1.0103,0.0721602,0.799301,0.719093,0.392364
Q9Y5Z9,UBIA1,-0.0781767,0.00803757,0.30678,0.172564,0.158351
Q9H063,MAF1,-1.06659,-0.650671,-0.145177,0.0995027,-0.798006
Q6P444,MTFR2,-0.184461,0.159707,-0.203986,1.17613,0.0911894
Q9Y5U9,IR3IP,-0.585512,-0.500539,0.0445673,0.372865,-0.258847
Q13163,MP2K5,0.254651,-0.658505,0.206235,0.279294,-0.521871
O15229,KMO,-0.200316,-0.250761,0.136056,0.692993,-0.429566
O75113,N4BP1,0.774118,0.606882,0.210814,0.294047,0.656368
Q8TAP8,PPR35,0.518423,1.65387,-0.0189822,-0.221232,0.0485573
Q86V88,MGDP1,0.219786,0.564973,0.213344,0.0896504,0.483034
O94956,SO2B1,-0.342855,-0.405371,-0.168916,-0.334096,-0.692921
P25116,PAR1,-0.0815232,-0.0363514,0.206902,0.370778,0.189078
Q9H8K7,PAAT,0.417149,0.519727,-0.214424,-0.505615,-0.470592
Q6NUP7,PP4R4,1.17026,1.79359,0.345495,0.188835,0.867519
Q02086,SP2,0.298301,0.0684173,0.291802,0.0440211,0.367374
Q8TBZ3,WDR20,-0.622016,-0.0718727,-0.521122,-0.340404,0.187351
O43462,MBTP2,0.128857,0.041626,0.163723,0.23885,0.104421
Q8TB96,TIP,0.147584,-0.215041,-0.0175729,0.265019,-0.193898
Q7Z628,ARHG8,0.12644,0.798323,0.279787,0.398238,0.265513
O75192,PX11A,0.335607,0.542551,0.274172,0.461135,0.181526
P78324,SHPS1,-0.0470381,-0.126242,0.315096,0.173474,0.282188
Q9HBD1,RC3H2,-0.19772,-0.439698,-0.19108,-0.012635,-0.18458
Q9H944,MED20,-0.0766268,-0.0449724,-0.191694,-0.253818,0.0189719
Q9H649,NSUN3,-0.102588,0.0529015,0.478504,-0.190723,0.371021
P54852,EMP3,0.323502,0.0810952,0.913044,0.910859,0.686139
Q9UBQ6,EXTL2,-0.346723,-0.352311,-0.36583,-0.702463,-0.669369
Q3SY77,UD3A2,-0.0413871,-0.608936,-0.160458,-0.25329,0.0189662
Q9NSU2,TREX1,-0.0502565,0.265791,0.0673325,-0.00197268,-0.498183
Q8IWU6,SULF1,-0.249546,-0.3329,0.491647,1.76931,1.00555
P61587,RND3,-0.0279555,0.771831,0.721328,0.48536,1.10426
Q9GZR5,ELOV4,0.0121541,-0.138324,-0.151771,-0.306754,-0.498903
Q96CQ1,S2536,-0.350955,-1.09322,0.182135,-0.197818,-0.239511
P02749,APOH,-1.51685,-1.28356,-1.1498,-0.785727,-0.880438
Q02930,CREB5,0.139474,-0.082181,0.1647,0.274313,0.364003
Q5VWQ8,DAB2P,-0.213451,-0.143252,0.264899,0.0501366,-0.651939
Q86WH2,RASF3,0.751347,0.468418,-0.0834923,-0.0163121,0.450664
Q9BRK0,REEP2,-2.82813,-1.9003,-2.06134,-1.58995,-2.8099
Q5T750,KPLCE,1.13408,1.33049,1.36185,1.07038,1.65448
Q9NWW6,NRK1,-0.440641,-0.431897,1.05844,-0.0585942,-1.26212
Q9NZJ6,COQ3,-0.56777,-0.0117874,-0.157849,-0.0177958,-0.305312
O14733,MP2K7,0.610063,1.51393,0.830843,0.579624,0.827455
Q96N21-2,AP4AT,0.126868,1.42935,0.193006,-0.220704,0.681389
Q96S06,LMF1,-0.757997,-1.21143,-0.944771,-1.38432,-0.993403
Q6P1M9,ARMX5,0.234335,1.13562,0.270655,-0.138463,-0.146999
Q8N131,PORIM,-0.178625,-0.116921,-0.06006,0.17959,0.0287778
Q9BRA2,TXD17,0.815238,0.750147,0.396623,0.342022,0.739803
Q8WYP3,RIN2,-0.367029,-0.327422,0.526049,0.81034,0.417996
Q6YI46,TMM64,-0.478859,-0.403855,0.158491,-0.157457,0.00564003
Q9P243,ZFAT,-0.504115,-0.146885,-0.256203,-0.0747323,-0.226745
Q9BQ51,PD1L2,-0.0345774,-0.449605,0.559815,1.28641,0.296301
Q8TCQ1,MARH1,-0.400554,-1.21705,-0.0892545,-0.669933,-1.20971
Q9NXS2,QPCTL,-0.205338,-0.0943105,0.102027,-0.0639126,-0.0581088
O95183,VAMP5,0.161916,-0.37516,0.319985,0.383214,-0.250726
Q9UBY8,CLN8,-0.571702,-0.469541,-0.403233,-0.240974,-0.90329
Q2MV58,TECT1,-0.324412,-0.918379,-0.214135,-0.406898,-0.350572
Q86YH6,DLP1,0.291256,-0.419055,0.838183,-1.07219,-1.44081
Q96EW2,HBAP1,0.489864,1.29879,0.10412,-0.000500202,1.0639
Q9UKA2,FBXL4,0.192982,0.481869,0.457728,0.307544,0.514565
P09234,RU1C,-0.168506,0.177467,0.197195,0.00729609,0.302159
Q96I76,GPTC3,-0.541435,-0.895816,-0.278812,-0.206171,0.27459
Q9BVG3,TRI62,0.22586,1.27076,-0.0122573,-0.139946,-0.0474625
P01857,IGHG1,-0.192738,-0.599453,0.665136,1.0963,0.905901
Q9NVR5,KTU,0.536267,0.500697,0.181444,0.0663216,0.310539
Q9Y2C2,UST,-0.0932195,0.296755,-0.188825,-0.220129,-0.339374
P04003,C4BPA,-0.495325,-2.26525,-2.98453,-2.90037,-2.60022
Q86WV6,STING,-0.599406,-0.36407,-0.312366,-0.231866,-0.413113
Q9H5X1,CIA2A,-0.0400088,0.563158,0.657418,0.618237,1.04859
Q8N5S9,KKCC1,0.762882,0.598579,0.0585954,0.417651,0.840507
P51957,NEK4,-0.191964,0.591357,0.273577,-0.273937,0.670543
O76062,ERG24,-0.48789,-0.570256,0.529954,0.0844488,-0.645952
Q8N5I4,DHRSX,-0.715739,-1.10162,-0.672876,-0.161601,-1.33012
P35638,DDIT3,-0.525652,-1.02174,-0.591342,-0.689031,-0.369094
Q6UVJ0,SAS6,0.231186,-0.0333517,-0.00610256,0.197274,0.303147
O00244,ATOX1,0.584984,0.771261,0.492669,0.900211,0.706755
Q9NXL9,MCM9,-0.0484746,-0.607273,0.0645735,0.00188375,-0.352483
Q9BPX7,CG025,0.946692,0.818736,0.487306,0.405004,1.13709
Q13487,SNPC2,-0.131053,-0.0348074,-0.0976992,0.0547469,0.165955
Q9H0R1,AP5M1,1.11716,0.793122,0.890468,0.424684,1.26616
Q6ZMG9,CERS6,0.01019,0.109399,0.0901897,0.112022,-0.396113
Q6P4F2,FDX2,-0.143735,-0.299393,-0.335256,-0.0989482,-0.189713
Q9NV79,PCMD2,1.74348,1.21866,0.391041,0.883846,-0.0532465
Q86UD3,MARH3,-0.375195,0.30882,0.952323,0.29331,0.102303
Q6N075,MFSD5,0.164864,0.121047,1.51411,0.511088,0.0582144
Q13114,TRAF3,-0.898639,-1.61114,-1.92433,-1.54253,-1.5211
Q6UVK1,CSPG4,-0.141814,0.202782,-0.135249,0.871041,-0.101792
Q9Y2D2,S35A3,0.135373,0.0303876,0.173197,0.15368,0.163015
Q9H6Y7,RN167,-0.430858,-0.342843,0.270615,0.279936,0.0176225
Q53LP3,SWAHC,1.24727,0.549326,0.433096,0.392887,0.467844
Q03393,PTPS,1.17283,0.560529,-0.206764,0.725473,1.07132
Q9NYA1,SPHK1,1.1324,0.169277,1.58505,0.313974,0.524836
Q6QHF9,PAOX,-0.480466,0.74722,0.16882,-0.379186,0.440941
P04216,THY1,0.434805,0.372596,0.591719,0.946126,0.515326
O60239,3BP5,-0.546251,-0.348531,-0.256997,-0.338497,-0.599486
Q86UY6,NAA40,0.36255,0.792145,0.62342,0.521559,0.936227
Q7Z6J8,UBE3D,0.458234,0.791446,-0.163805,-0.180514,0.620915
O43310-2,CTIF,0.174037,0.632824,0.551368,0.519492,0.767952
Q8IVQ6,ZDH21,0.400208,-0.0320898,0.718308,-1.30357,0.0297868
Q14353,GAMT,0.959046,1.57947,0.680933,0.594785,0.745004
Q6ZUX7,LHPL2,-0.186597,-0.327638,0.440977,0.294298,-0.00611234
Q16842,SIA4B,-0.58775,-0.0275643,0.11151,0.039448,-0.458749
Q96K83,ZN521,0.553268,-0.526259,-0.211037,0.697504,-0.533289
Q92781,RDH5,-0.301016,-0.295914,0.102169,-0.0284047,0.156001
Q9NZ09,UBAP1,0.40564,-0.207564,-0.237659,0.0493865,0.876447
P63218,GBG5,-0.596574,-0.236179,-0.653759,0.136383,-0.443669
Q86WQ0,NR2CA,0.00179696,0.327216,0.731867,0.0554733,0.390527
Q96J42,TXD15,0.321412,0.107933,0.381152,-0.0759048,-0.664278
D6RAB6,D6RAB6,0.0948803,-0.114166,-0.175325,-0.0247893,-0.0702851
Q99735,MGST2,-0.558309,-0.473875,-0.45104,0.0910908,-0.754932
Q96MP5,ZSWM3,-0.00382519,0.00971961,-0.548551,-0.764125,0.502075
Q9NS93,TM7S3,-0.290137,-0.591241,0.167489,-0.0531983,0.40166
Q7Z5N4,SDK1,-0.0860648,-0.537776,0.153351,-0.570077,-0.448664
P14174,MIF,-0.108652,1.61774,1.89808,0.575329,1.28176
Q5TA50,CPTP,0.281185,1.01477,0.247309,0.417415,0.922098
Q9BSJ6,PIMRE,-0.0349646,0.359553,-0.211619,0.416841,0.309773
Q9UHJ3,SMBT1,-0.485216,-0.643552,0.101747,-0.237857,0.0331984
O43678,NDUA2,-0.444669,-0.103462,-0.427378,0.00581002,-0.432314
P55287,CAD11,-0.811363,-0.478293,-0.175489,-0.163323,-0.576197
Q9P003,CNIH4,-0.109533,-0.276884,0.16615,0.243507,0.0485404
Q9NWB7,IFT57,0.713425,0.0978401,0.384065,1.18714,1.1135
P0CG13,CTF8,0.515141,1.19808,-0.0424299,0.568929,0.416989
Q14CW9,AT7L3,-0.33869,-0.221786,-0.227259,-0.161135,-0.420755
Q96EV8,DTBP1,0.606948,0.964757,-0.0484507,0.00826001,0.273804
Q92567,F168A,-0.105548,-0.234223,1.04333,0.126229,0.0320487
Q96MF6,CQ10A,-0.421018,-0.219898,-0.0585704,-0.0901532,-0.411704
Q9H2C0,GAN,0.465155,-0.220293,-0.292933,-0.294257,0.289439
