Uniprot Id,Site Position,C: 4_x-y_0,C: 6_x-y_0,C: 8_x-y_0,C: 24_x-y_0
A0A087WQ44,1859,-0.00656208,-0.13776,0.0270082,0.0217692
A0A0J9YUD5,1218,0.0567786,-0.219131,-0.205466,-0.494327
A0A0R4J0P5,298,0.928927,0.775636,0.93905,1.16652
A0A171EBK7,232,-0.188405,-0.459209,-0.287598,-0.46176
A0A1Y7VJR5,44,0.175617,0.118688,0.216563,1.27391
A0A1Y7VJR5,768,0.144232,0.345952,0.0383126,1.46728
A0A286YCV9,1380,0.0287968,0.108614,0.241677,0.153501
A0A571BDM4,67,-0.357803,-0.584115,-0.371889,-0.0991257
A0A571BDM4,82,-0.948093,-1.16409,-1.19241,-0.228065
A0A571BDM4,99,-0.491622,-0.810482,-0.674776,-0.543921
A0A571BEI2,143,0.221977,0.10524,0.322111,0.419718
A0A571BEI2,222,0.235939,0.1306,0.330245,0.288457
A0A571BEI2,26,-0.786207,-0.668238,-0.700514,-0.298103
A0A571BF12,211,-0.349551,0.117595,-0.346225,-0.0853343
A0A5F8MPB7,312,-0.302924,-0.157402,-0.0197847,-0.636256
A0A5F8MPB7,320,-0.181028,-0.0826859,0.0708589,-0.494254
A0A5F8MPB7,472,0.174293,0.061334,0.528621,0.475237
A0A5F8MPB7,491,0.217236,0.645539,1.39873,0.38435
A0A5F8MPB7,591,1.28103,1.12259,1.64986,1.34128
A0A5F8MPB7,842,-0.390086,-0.418292,-0.0861491,-0.351795
A1A5B6,560,-0.114599,-0.145168,-0.413475,-0.761678
A1L3P4,700,-0.07125,0.059925,0.242793,0.493325
A2A4P0,484,0.00431484,0.0334131,-0.0162734,-0.137422
A2A5K6,976,0.263111,0.26502,0.193023,1.20435
A2A5R2,1022,1.05948,1.19003,1.12815,1.4129
A2A654,1312,-0.322112,-0.105666,-0.398456,-0.520045
A2A654,1674,-0.0740816,-0.0606986,-0.190816,0.0278922
A2A654,1766,-0.272762,0.009468,-0.369565,-0.207505
A2A654,228,0.110728,0.195932,0.0526883,0.0862468
A2A654,2468,-0.0242983,0.1108,-0.0390168,-0.20752
A2A6A1,438,-0.20974,0.171111,-0.0910021,-0.0632097
A2A6A1,648,-0.0465954,0.0562486,-0.11523,-0.301216
A2A6A1,735,-0.144289,-0.0122095,-0.221006,-0.262191
A2A6A1,753,-0.18906,0.0659562,-0.201307,-0.245491
A2A791,121,0.315491,0.267852,0.336176,0.385586
A2A7B5,638,-0.188606,-0.15482,-0.138718,0.152684
A2A7B5,792,-0.373973,-0.295727,-0.124303,-0.223688
A2A884,1032,0.294308,0.696754,0.94163,1.4951
A2A884,2053,-0.613647,-0.882312,-0.634501,0.0730064
A2A884,555,-0.0164836,-0.0148008,0.00432345,0.41996
A2A884,994,-0.316854,-0.730682,-0.674207,-0.753058
A2A8U2,454,-0.894669,-0.18796,-0.427851,-0.206754
A2AB59-2,28,0.151726,0.443963,0.281977,0.977938
A2AB59-2,433,0.0801285,0.253341,0.199617,0.701619
A2AF47,1208,0.757558,0.876898,0.827701,0.653404
A2AF47,1237,-0.381057,-0.395525,-0.45898,0.0180411
A2AF47,1267,-0.109356,-0.0601992,0.22124,-0.100377
A2AF47,158,-0.466357,-0.739072,-0.795147,-0.173182
A2AG58,592,0.263979,0.53583,0.0647821,-0.506386
A2AGH6,636,0.00201314,-0.147856,0.11693,-0.0974908
A2AGH6,699,-0.46882,-0.460773,-0.337105,-0.0848245
A2AHC3,1133,0.149034,-0.181931,-0.334204,-0.666576
A2AHC3,560,0.167048,-0.203662,-0.40605,-1.14646
A2AHC3,823,0.0714934,-0.453358,-0.340088,-0.712819
A2AIV2,1578,0.181708,0.181648,0.18723,-0.044726
A2AIV2,173,0.169357,0.122606,-0.014143,0.0155203
A2AIV2,184,0.245359,-0.101589,-0.00577413,-0.412569
A2AJI0,460,1.44481,1.24085,1.20271,0.815035
A2AJK6,2548,0.0212714,0.0240668,-0.0806598,-0.209176
A2AJT4,211,-0.0858513,-0.131514,-0.116862,-0.175778
A2AJT4,290,0.752417,0.776029,0.795133,0.617216
A2AJT4,726,-0.389609,-0.393567,-0.355462,-0.434399
A2AL36,832,0.106706,0.238326,0.0493975,-0.342131
A2AN08,181,0.313011,0.305034,0.289476,-0.323752
A2ANY6,4888,0.398507,0.760745,0.419225,-0.411048
A2APB8,486,0.291228,0.882019,-0.308519,-1.43371
A2APB8,737,0.129191,1.02585,-0.198189,-2.14945
A2AQ07,435,-0.180382,-0.488455,-0.44688,-2.64135
A2AQ19,84,-0.675016,-0.993881,-0.679773,-0.624159
A2AR02,395,-0.0869417,-0.158985,-0.142447,-0.174768
A2AR02,685,-0.134261,-0.052234,-0.232407,-0.160847
A2AR02,714,0.020858,0.157721,-0.386878,-0.827672
A2AT37,8,-0.165678,-0.120431,-0.082378,-0.41944
A2AWL7,921,0.162834,0.093412,0.0403047,0.458376
A2CG63,1192,-0.204602,-0.199198,-0.211012,0.61994
A2CG63,482,0.408822,0.393736,0.501275,0.22792
A2CG63,668,-0.0830927,-0.0587828,-0.268203,-0.98611
A2CG63,675,-0.085962,-0.26997,-0.167633,0.125051
A2CG63,830,0.190789,-0.476311,0.13582,-1.52342
A2RSJ4,934,-0.424744,-0.395365,-0.229844,-0.375108
A3KGB4,1062,0.669095,0.632255,0.733051,0.201914
A3KGS3,819,0.0632434,0.0945152,0.129371,0.0280869
A6H619,1201,-0.0792256,-0.106543,-0.0549363,0.190778
A6H619,867,-0.221404,-0.146848,-0.130235,0.131698
A6H619,919,0.0898559,0.0805544,0.129399,0.374816
A6H6A9,119,-0.109612,-0.0456642,-0.0736623,-0.635122
A6H8H2,1221,0.573203,0.399965,0.446338,-0.312468
A6H8H2,1321,0.250111,0.174673,0.303549,0.0738668
A6X8Z5,303,-0.994238,-0.946281,-1.06026,-1.05126
A6X8Z5,343,0.233766,0.334673,0.241723,0.495059
A6X919,23,0.0867742,0.291151,0.177345,0.516521
B1AQJ2,547,0.0168726,0.0508523,-0.547591,-1.39469
B1AQJ2,578,0.235775,0.191914,-0.117037,0.328617
B1AQJ2,75,1.04953,0.928436,0.750815,0.168868
B1AR17,1585,0.153648,0.292762,0.26881,0.545628
B1AR17,1651,0.121948,0.00486398,-0.106997,0.652786
B1AR17,649,0.0251889,0.0266379,0.11576,-0.193618
B1AUY3,862,0.191788,0.0248536,0.220924,1.05159
B1AVZ0,25,0.0785043,0.173703,0.0803722,-0.0202956
B1AX39,517,-0.924115,-1.48668,-1.97906,-2.81567
B1AY10,147,-0.0307884,0.447232,0.12365,0.20269
B1AY10,81,0.698651,0.89349,0.816967,0.378823
B1AY13,1138,0.100885,0.0335576,0.00676152,0.186998
B1AY13,1140,0.170153,0.161114,0.11058,0.217777
B1AY13,1940,1.26832,1.30648,1.19687,0.826192
B1AY13,2044,0.0865239,0.0113585,0.0333815,-0.0308376
B1AY13,2558,0.306134,0.390745,0.196788,0.341031
B1AY13,85,1.39265,1.47386,1.55131,0.393452
B1AZI6,1222,-0.235518,-0.0465875,-0.155044,0.149619
B1AZP2,973,0.326528,0.0307528,0.0631981,0.628265
B2RQC2,936,-0.125574,0.0679255,-0.326198,-0.440318
B2RQC6,1406,-2.81353,-2.54313,-2.41956,-2.82302
B2RQC6,1859,1.11122,1.27403,1.15136,0.968074
B2RQG2,1112,-0.011314,0.112864,0.0151084,0.295556
B2RQG2,1163,-0.116488,0.443137,0.0913195,0.335107
B2RQG2,249,0.0292568,-0.292228,0.13424,-0.0859871
B2RQG2,377,-0.137976,-0.125412,-0.275063,-0.479978
B2RQG2,660,0.201158,0.369407,-0.164235,-0.224197
B2RRD7,844,-0.716065,-0.787748,-0.444263,-0.50211
B2RRE7,1000,0.684013,0.909491,0.567291,-0.0408143
B2RRE7,442,0.399971,0.362453,0.249955,-0.37663
B2RRE7,554,0.115749,-0.281651,0.0509545,-0.428084
B2RT41,1049,-0.306885,-0.382828,-0.327365,-0.497979
B2RT41,356,-0.436454,-0.23963,-0.354971,-0.972081
B2RT41,769,-0.157244,-0.186206,-0.236954,-0.451268
B2RUP2,149,0.130058,0.155371,0.175182,-0.101059
B2RUR8,508,-0.128228,-0.417213,-0.22998,-0.431207
B2RWW0,375,-0.838713,-0.826522,-0.736743,-1.47078
B2RWW0,488,-1.36011,-1.25903,-1.27743,-1.6651
B2RWW0,523,-1.4139,-1.4256,-1.35238,-1.32025
B2RWW0,68,-0.518857,-0.493875,-0.517192,-1.10458
B2RX14,131,0.540549,0.713615,0.586036,0.369076
B2RX14,176,0.804942,0.564865,0.623524,0.424186
B2RXC2,125,0.55692,0.63506,0.702438,1.96852
B2RXC2,200,0.00607445,-0.322226,-0.0626062,0.475396
B2RXC2,247,0.616359,0.610457,0.586975,0.858451
B2RXC2,42,0.589176,0.569101,0.748679,0.991773
B2RXR6,983,1.17839,1.26829,1.22534,1.06899
B2RY56,578,0.135359,0.215906,0.00690812,-0.147708
B2RY56,672,0.372879,0.383451,0.187205,0.128104
B5B2N2,153,-0.647843,-0.670097,-0.778584,-0.675752
B5B2N2,235,-0.0104134,-0.207234,-0.299255,-0.383105
B5B2N2,247,-0.568492,-0.704211,-0.612617,-0.85575
B5B2N2,366,0.290737,-0.206699,-0.303406,-0.0843338
B5B2N2,766,0.366187,-0.00175814,0.0313754,0.171645
B9EJ80,532,0.345424,0.116722,0.187862,-0.0880297
B9EJ86,342,0.371423,0.712787,0.867279,0.546649
B9EKI3,340,0.179727,-0.0934381,-0.0698097,-0.402118
C0HKD9,132,-0.507404,-0.322251,-0.737669,-0.874729
C0HKD9,94,0.932591,0.860542,0.701227,-0.127861
D0QMC3,109,0.563286,0.73961,0.67535,1.22512
D0QMC3,110,0.813802,0.718214,0.682947,1.51442
D0QMC3,232,-0.405655,-0.681607,-0.656176,-0.695284
D2EAC2,383,-0.275168,-0.145626,-0.0216496,0.18922
D3YXK1,406,0.22926,0.0760431,-0.100848,-0.448417
D3YXK2,623,0.229822,0.408598,0.512285,0.813534
D3YXK2,626,-0.0812221,-0.0549402,-0.0239164,0.0338216
D3YXK2,829,-0.400945,-0.285594,-0.281,0.230396
D3YZP9,237,0.24909,0.202373,0.0281059,-0.249155
D3Z0M9,108,0.498548,0.437035,0.272054,0.251633
D3Z0M9,14,0.178485,0.269658,0.107569,-0.0125421
D3Z0M9,38,0.0658666,0.295098,0.088028,-0.0234944
E2JF22,1646,-0.108807,-0.299849,-0.136704,0.230978
E9PUQ3,138,-0.011045,-0.158127,-0.423255,-0.338833
E9PUR0,1669,1.31047,1.26631,1.2069,1.43632
E9PUR0,1678,1.08148,0.749197,1.22986,2.55035
E9PVX6,2425,0.477653,1.15109,0.452403,-1.66522
E9PVX6,2780,0.0575744,0.318184,-0.0177353,0.298814
E9PVX6,2934,0.435031,0.778964,0.606899,-0.340367
E9PWW9,1347,0.0264086,0.0855257,-0.135177,-0.148002
E9PWW9,412,-0.202101,-0.20438,-0.380641,1.26915
E9PWW9,608,-0.330947,-0.242552,-0.544105,-0.671547
E9PWW9,668,0.0141511,0.0756704,-0.322662,-0.0664567
E9PYF7,225,0.141151,0.179444,0.126351,-0.202603
E9PYH6,1160,0.118034,0.268531,0.0916901,0.0520751
E9PYH6,521,0.187003,0.196179,0.0335964,0.187948
E9PYL2,648,-0.144127,0.186475,0.178281,0.730568
E9PZM7,402,0.277549,0.446338,0.325011,0.022063
E9PZM7,407,0.172236,0.266112,0.00462772,0.370426
E9PZM7,498,0.182636,0.0301833,-0.0190931,-0.907125
E9PZM7,841,0.130876,0.289604,0.0343487,0.0152943
E9PZM7,988,0.176769,0.0711477,0.128132,-0.128679
E9PZP8,4855,0.189423,0.636825,0.0953405,-0.460099
E9PZW8,1043,-0.229074,-0.363419,-0.0607855,-0.572997
E9PZW8,1106,0.020016,-0.161481,-0.076693,-0.380826
E9PZW8,1113,0.126044,0.0281403,-0.00773647,-1.07369
E9PZW8,1175,-0.306838,-0.34141,-0.0788209,-0.260613
E9PZW8,1218,0.321294,0.243243,0.291732,0.129386
E9PZW8,1328,-0.29266,-0.7512,-0.320257,-1.17568
E9PZW8,1384,-1.17639,-1.81597,-1.59258,-2.52553
E9PZW8,1963,0.0142155,-0.20676,-0.0539754,-0.344377
E9PZW8,2002,0.415798,0.157406,0.528557,0.278882
E9Q166,941,-0.429114,0.557677,-0.329451,-0.135299
E9Q1P8,169,-0.0212732,0.0603695,0.245289,0.24916
E9Q1P8,71,0.038894,0.191164,0.0260792,0.136586
E9Q286,1677,0.249087,0.152749,0.261602,0.532267
E9Q286,676,0.0618442,0.466653,-0.0144661,0.01404
E9Q2I4,456,0.081641,0.0813179,0.106307,0.484991
E9Q2I4,653,0.123086,0.213278,0.21829,0.635238
E9Q2I4,692,-0.666679,-0.348051,0.309712,0.711354
E9Q309,101,-0.292327,0.126038,-0.213847,-0.179012
E9Q309,103,-0.292327,0.126038,-0.213847,-0.179012
E9Q309,1930,-0.0328281,0.387405,0.320292,0.349524
E9Q309,2221,0.421902,0.685256,0.465274,0.253565
E9Q309,874,0.0117515,0.156602,0.0892149,-0.175412
E9Q3G8,210,-0.211562,-0.383955,-0.286346,-0.237432
E9Q3G8,335,-0.000759013,-0.0399992,0.115922,0.174034
E9Q3G8,603,-0.846269,-0.723459,-0.955359,-1.13559
E9Q3G8,695,-0.169064,-0.73787,-0.17204,2.93061
E9Q3Y4,1115,0.34219,0.605395,0.580656,0.207746
E9Q3Y4,1124,0.608356,0.749619,0.249174,0.38157
E9Q444,1031,-0.621265,-0.720402,-0.510747,-0.344558
E9Q444,463,-0.21298,-0.458044,-0.378205,-0.0824077
E9Q4F7,1070,-2.03403,-1.86198,-2.05145,-2.02954
E9Q4F7,1777,-0.229351,-0.112029,-0.33072,-0.773749
E9Q4F7,505,-0.0221926,0.0859303,-0.171273,-0.240931
E9Q4N7,1550,-0.350178,-0.227822,-0.212582,0.279325
E9Q4N7,1567,0.16282,0.404633,0.139908,0.0433608
E9Q4N7,1757,0.0787304,0.0932843,0.0335528,-0.717404
E9Q555,252,0.128846,-0.112336,-0.033247,1.4698
E9Q555,274,0.923181,1.02174,0.959591,0.645566
E9Q5C9,411,-0.151877,-0.130336,-0.867663,-0.622982
E9Q5C9,450,-0.446892,-0.915235,-0.943174,-1.2595
E9Q5C9,563,-0.14942,-0.263714,-0.227561,-0.37035
E9Q5C9,594,0.349158,-0.123704,0.247882,0.827742
E9Q5C9,626,0.413706,0.225237,0.295782,0.29306
E9Q5C9,646,-1.43534,-1.70772,-1.88787,-0.895075
E9Q5F9,132,0.138631,0.0721858,-0.01746,0.421156
E9Q5F9,1862,0.321278,0.112596,0.289363,-0.0538007
E9Q5F9,614,0.176921,0.366883,0.219986,-0.159993
E9Q5K9,309,0.0611432,0.257458,0.158971,-0.249075
E9Q5K9,336,0.219485,0.13989,0.153713,0.707036
E9Q5M7,1159,0.346067,0.260599,0.522351,0.472709
E9Q616,116,0.161379,0.197103,0.265155,0.718343
E9Q616,136,0.940271,1.10539,1.14762,1.05003
E9Q616,217,0.182539,0.143568,0.10236,1.09689
E9Q616,5504,0.100728,-0.0635068,-0.0458005,0.698503
E9Q616,5525,-0.0261457,-0.0293385,0.108701,1.1506
E9Q616,5555,-0.154526,-0.238336,-0.0879895,0.23448
E9Q616,5590,-0.23594,-0.31063,-0.584555,-0.262697
E9Q616,5607,0.151363,0.132422,0.314553,0.667189
E9Q616,565,0.340736,0.335678,0.430925,0.749381
E9Q616,893,0.427597,0.3883,0.357975,1.05949
E9Q6E5,235,-0.261409,-0.323422,-0.363421,-0.158785
E9Q6E5,353,-0.0790273,-0.0906853,-0.143434,-0.329591
E9Q6E5,422,0.0253006,-0.114554,-0.16527,-0.269076
E9Q6E5,442,-0.0299086,-0.244248,-0.15358,-0.180128
E9Q6E5,462,-0.116795,-0.116356,-0.0764173,-0.21129
E9Q6E5,477,-0.00888121,-0.103614,-0.121103,-0.151021
E9Q6E5,484,-0.122529,-0.408431,-0.242221,0.0245518
E9Q6E5,510,0.0242286,-0.176567,-0.23153,-0.444161
E9Q6H8,1020,0.0661944,-0.0582894,0.155966,-0.184542
E9Q6H8,574,-0.0388985,0.203411,0.199816,-0.387829
E9Q6J5,2001,0.0846321,0.105731,0.042262,0.000580344
E9Q6J5,236,-1.08568,-1.05151,-1.17507,-1.77239
E9Q6J5,2682,0.0288768,-0.122252,-0.339828,-1.5158
E9Q6J5,2751,0.158367,0.142114,0.177825,0.347428
E9Q6J5,2777,-0.432016,-0.248624,-0.0831818,0.521932
E9Q6J5,2888,0.00970164,0.0423111,-0.0921815,-0.418001
E9Q6J5,2907,0.0768779,-0.0911108,0.0663386,-0.107121
E9Q6J5,2920,-0.24483,-0.546134,-0.49175,-1.02639
E9Q6J5,2989,-0.110122,-0.0900696,-0.201242,-0.443627
E9Q6J5,3000,0.164341,0.0531601,0.323572,1.07696
E9Q6J5,3010,0.026292,0.0428292,0.0610504,-0.027891
E9Q6J5,656,-0.0206666,-0.25656,-0.400979,-0.12089
E9Q6J5,795,-0.392903,-0.249595,-0.21676,-0.744463
E9Q6R7,1405,0.80951,1.03947,0.932836,0.474311
E9Q6R7,933,-0.302482,-0.201352,-0.420472,-0.362473
E9Q777,133,-0.264601,-0.5763,-0.717273,-1.75515
E9Q777,1563,0.0549005,-0.116364,-0.217208,-0.274202
E9Q777,244,0.613425,0.578438,0.598695,0.343002
E9Q777,288,0.133828,-0.192985,0.00699811,-0.0852
E9Q777,456,-0.325356,0.0482262,-0.0181944,0.00553625
E9Q784,110,-0.11086,-0.150811,-0.180389,-0.321782
E9Q784,1109,0.00366018,-0.0381016,0.0280449,0.0538085
E9Q784,1499,-0.159652,-0.293088,-0.249709,-0.582816
E9Q784,198,-0.146423,-0.137139,-0.176785,-0.164193
E9Q784,242,-0.127037,-0.174712,-0.174692,-0.026646
E9Q784,363,-0.0810531,-0.156646,-0.045625,-0.016321
E9Q784,682,0.0982667,-0.00963528,0.0293357,0.309091
E9Q784,703,-0.0677647,-0.122891,-0.0644251,-0.114882
E9Q784,704,0.100175,0.0889738,0.0631998,-0.00365808
E9Q784,77,-0.0361002,0.00625729,-0.0245576,-0.0440974
E9Q784,953,0.0786401,0.0486909,0.0640868,0.197215
E9Q7F2,279,-0.0626373,-0.277009,-0.107244,-1.1497
E9Q7F2,326,0.0886118,-0.14865,0.0202293,-0.133156
E9Q7F2,390,-0.0976461,-0.0349906,-0.148916,-0.515595
E9Q7F2,44,0.232372,0.260247,0.147108,0.303373
E9Q7F2,630,0.182424,0.140259,0.121209,-1.05123
E9Q7G0,1739,-0.0494217,-0.0975869,-0.180833,0.33305
E9Q7G0,1951,-1.56707,-1.59796,-1.38983,-1.22074
E9Q7G0,1974,1.89955,1.99012,1.98352,1.52356
E9Q7G0,1997,-0.24211,-0.731968,-0.639997,-0.804711
E9Q7G0,2029,-1.03621,-0.991251,-0.268114,-0.665529
E9Q7G0,398,0.106263,0.0848888,-0.0550601,-0.848582
E9Q8D0,283,-0.186216,-0.196541,-0.375203,-0.709594
E9Q8L9,158,0.289916,0.297218,0.166727,-0.0163558
E9Q8L9,236,0.0753748,0.041765,-0.0776643,-0.402287
E9Q8L9,358,-0.00380812,0.148974,0.0124906,0.172215
E9Q8L9,383,0.0819673,-0.0108918,0.243016,-0.117434
E9Q8L9,541,-0.513614,-0.651354,-0.472542,-0.245746
E9Q8V6,1241,-0.451453,-0.39689,-0.596844,-0.571522
E9Q8V6,1586,-0.364328,-0.235577,-0.476682,-1.08383
E9Q9B7,918,0.0670829,0.133816,-0.236524,-0.734921
E9Q9Q2,381,0.585498,0.588756,0.521597,0.278078
E9QAN9,177,-0.922897,-0.722843,-0.7957,-0.744998
E9QAN9,866,-1.60163,-1.12901,-1.15174,-0.814563
E9QAT4,1028,0.130272,0.189936,0.395743,-0.0141058
E9QAT4,2101,-0.0170186,0.0580587,-0.0111905,-0.341848
E9QAT4,554,0.498093,0.281611,0.592781,-0.158688
F6ZDS4,1259,-0.201178,-0.439405,-0.0584767,1.21147
F6ZDS4,2141,-0.362948,-0.445148,-0.335213,0.436099
F6ZDS4,2184,0.335889,-0.131595,0.327595,-0.00815479
F6ZDS4,2205,0.18479,0.0631261,0.586091,-0.101902
F6ZDS4,2223,0.0841591,0.0562595,-0.0117031,-0.102903
F6ZDS4,453,0.343278,0.421358,0.421372,0.588924
F7BJB9,661,1.13504,0.971493,0.864198,0.0616887
F8VPJ6,1177,0.389165,0.38155,0.143657,-0.132979
F8VPJ6,322,-0.0367835,0.0788553,0.0170401,-0.283879
F8VPJ6,379,0.0379015,0.0549558,-0.0606559,-0.705731
F8VPJ6,446,0.054767,-0.0351324,-0.131996,-1.178
F8VPP8,677,-2.0385,-2.25699,-2.33192,-4.02056
F8VPQ2,867,0.323708,0.371205,0.471455,1.08934
F8VPQ2,935,0.0666397,0.144239,0.464278,-0.293871
F8VPZ9,1427,-0.207259,-0.0822547,-0.114078,0.0229596
F8VPZ9,757,0.0454394,0.021242,0.144045,0.387271
F8VPZ9,931,0.0850286,0.340315,0.199138,0.799536
F8VQ05,1960,0.22716,0.164383,0.0222739,0.355897
F8VQ05,2455,0.124991,0.141993,0.19159,0.00607246
F8VQC1,621,0.175078,0.266579,0.0969193,0.256969
F8WHT3,387,-0.0153523,0.102878,0.144989,-0.0858876
F8WHT3,415,-0.125595,-0.212471,-0.0643303,-0.595204
F8WHT3,555,0.612802,0.742413,0.771041,0.614252
F8WHT3,621,0.56099,0.539615,0.697282,0.45733
G3X928,600,0.932471,0.902346,0.920265,0.0211193
G3X928,748,0.175281,0.144448,0.188197,-0.364575
G3X928,924,0.34982,0.511693,0.462437,-0.469191
G3X963,26,-0.615902,-0.112416,-0.208302,-1.48198
G3X963,317,0.206813,0.724712,0.229182,-0.624097
G3X9K3,394,1.3025,1.15293,1.03721,0.973478
G3X9Z4,634,0.510084,0.521696,0.553789,1.48
G5E870,1049,-0.0957122,-0.138785,-0.262458,-0.515622
G5E870,1069,0.0924351,0.107413,0.117648,0.681619
G5E870,312,-0.0806552,-0.142887,-0.170728,-0.289693
G5E870,77,-0.0811237,-0.218477,-0.204496,-0.57348
G5E8V9,132,0.97739,1.04241,0.851423,0.629248
G5E8V9,79,0.508418,0.312101,0.318298,0.51417
H7BWY8,143,-0.0204482,0.0490463,0.0510226,0.121635
J3QK52,60,0.211784,0.336191,0.287588,-0.185931
J3QNJ4,231,-0.465559,-0.720969,-0.702186,-0.175421
L7N209,349,0.643888,0.806149,0.770994,0.329207
L7N209,582,0.594497,0.429269,0.689496,0.417566
O08539,296,-0.162418,-0.292935,-0.247686,0.53219
O08539,298,-0.443963,-0.391984,-0.448049,-0.380091
O08547,137,-0.746629,-0.705643,-0.328245,-0.262022
O08550,720,-0.866025,-1.33895,-0.70827,1.77649
O08550,866,-0.173035,0.0551464,-0.143669,0.203671
O08553,514,0.177584,0.0273656,0.244368,2.32006
O08579,142,-0.842601,-0.847688,-0.983575,-1.39277
O08582,25,0.472321,0.476467,0.480254,0.642873
O08582,8,-1.11625,-1.36432,-1.27303,-0.735281
O08583,237,0.218738,0.280276,0.0153206,0.687357
O08605,396,0.274139,0.0594766,0.0699288,-0.125547
O08609,45,-0.104761,-0.414336,-0.617978,-0.624616
O08715,487,-1.19962,-1.01169,-1.19502,-2.62354
O08715,55,-0.653888,-1.02556,-1.14843,-2.26602
O08810,943,-0.0131178,0.0267831,-0.368937,-0.782843
O08856,310,0.101221,0.0984161,0.0205071,-0.0143501
O08900,22,0.135108,0.203177,-0.0218124,-0.245479
O08900,268,-1.34236,-1.04245,-1.13284,-1.7026
O08900,29,0.100633,0.187077,-0.100016,0.163533
O08900,42,0.180374,0.300211,-0.240955,-0.339038
O09000,1040,-0.784567,-0.727913,-0.644026,-0.679763
O09000,1304,0.0671342,0.147694,0.0574191,0.0443402
O09000,544,-0.639545,-1.1153,-0.718698,-0.659457
O09000,562,0.131426,-0.205393,0.0239758,-0.105661
O09000,720,0.139178,0.114722,0.114937,-0.0239507
O09000,847,0.00134945,-0.201394,0.0325794,-0.0675212
O09000,925,-0.607302,-0.97337,-0.672386,-0.826339
O09044,110,0.232249,0.327388,0.0372914,0.392865
O09106,406,-0.180266,-0.480912,-0.219344,-0.362754
O09126,856,0.392816,0.525236,0.467508,0.224913
O35126,617,-0.150854,-0.192445,-0.241397,-0.348609
O35126,630,0.058191,-0.129211,-0.143158,-0.29595
O35126,646,0.13738,0.0936331,0.148134,-0.137081
O35130,16,-0.463847,-0.314422,-0.322352,-0.744832
O35144,367,0.014765,0.265113,0.23368,1.03726
O35144,399,-0.206223,0.197486,-0.292674,-0.149161
O35226,250,0.216951,0.191643,-0.106869,-0.58253
O35250,250,0.704132,0.740185,0.800729,0.065399
O35280,280,0.618593,1.60992,0.18666,-1.06959
O35295,316,-0.0093248,0.0306499,-0.0267436,0.157649
O35344,60,0.203555,0.211818,0.189299,0.101953
O35379,290,-0.221425,-0.39993,-0.546068,-0.620811
O35381,15,-0.42984,-0.554775,-0.609569,-1.15611
O35381,17,2.68363,2.35835,2.30311,1.02557
O35381,77,-0.178292,-0.349477,-0.149669,-0.444488
O35492,157,-0.0202218,-0.101442,-0.0484171,-0.408229
O35492,215,0.396531,0.221207,0.226755,-0.110584
O35493,138,-0.0972144,0.207138,0.19239,0.0920361
O35601,114,0.317211,0.319708,0.431885,0.450626
O35601,222,1.08354,1.04798,1.09553,1.57804
O35601,252,1.03312,0.885729,1.34035,1.16884
O35601,28,0.340563,0.343861,0.409715,0.363846
O35601,46,1.37726,1.21435,1.27181,1.40563
O35601,546,-0.0790766,-0.116295,-0.0224754,-0.642353
O35601,559,-0.0152203,-0.0871626,-0.115343,-0.426867
O35601,561,0.0194567,-0.118838,-0.102115,0.51225
O35601,568,-0.765615,-0.905725,-0.844799,-0.385804
O35609,78,0.136683,0.142378,0.110995,-0.112369
O35623,50,1.26834,0.657708,0.772621,0.927092
O35671,37,0.570036,1.05596,0.729542,0.777111
O35685,108,0.105703,0.0720061,-0.0696502,-0.750668
O35685,139,0.407981,0.426822,0.112791,-1.23905
O35691,100,0.218511,0.22737,0.0283168,-0.0803938
O35691,346,0.120779,-0.043525,-0.0688626,-0.173352
O35691,66,-0.66836,-0.92211,-0.659938,-1.28712
O35691,666,-0.150851,-0.148812,-0.0963153,-0.156599
O35841,464,0.0205647,-0.132899,-0.211825,0.453129
O35841,469,0.511999,0.660475,0.497918,0.660851
O35864,284,0.477654,-0.000336289,0.214424,0.0560298
O35954,621,-0.303703,-0.283233,-0.289963,-0.0425458
O35973,704,-0.677917,-0.763736,-0.858676,-0.534781
O35973,979,-0.967227,-1.60534,-1.59296,-0.942143
O54692,438,0.595424,0.662154,0.686922,0.0931327
O54774,760,-0.00235268,0.0302739,-0.0432412,0.266057
O54785,289,0.0688635,0.06215,0.0522703,0.0646434
O54786,314,0.0134354,0.0953091,-0.0775353,-0.0842121
O54786,8,0.397491,0.41922,0.264291,0.472877
O54824,1016,1.42805,1.68089,1.77689,1.10012
O54824,839,0.756745,0.616237,0.621246,1.04598
O54824,857,0.498594,0.801225,0.131915,0.611943
O54824,917,0.977093,1.02123,0.994691,0.917565
O54824,930,0.936364,1.12202,1.07183,0.877848
O54824,959,1.89416,1.81854,1.80765,1.39525
O54824,967,0.528494,0.423934,0.58825,0.293534
O54825,97,0.179521,-0.16131,-0.324941,-0.419165
O54839,117,0.24681,0.0532818,0.137219,-0.0247877
O54839,617,0.391691,0.44023,0.285621,0.0863045
O54864,391,0.0875694,0.184074,-0.467768,0.364133
O54916,272,-0.0257829,-0.0534123,0.124623,-0.270474
O54916,390,0.133315,0.0479555,0.00993462,-0.0456533
O54916,561,-0.218797,-0.323901,-0.40268,-0.103071
O54931,740,0.0906706,0.250738,-0.0900608,0.355044
O54940,114,-0.536571,-0.661256,0.474303,-0.581387
O54957,199,0.171223,0.11454,0.0903042,-0.442393
O54957,41,0.325132,0.406085,0.416721,0.121428
O54957,87,0.136623,0.0703208,0.0845401,-0.0359811
O55022,181,0.0448049,-0.0785644,-0.0600332,-0.470842
O55098,13,-1.00858,-0.838532,-0.740015,-1.63276
O55098,14,-0.145023,-0.137215,-0.152125,-0.113712
O55098,20,0.808332,0.731071,0.65716,-0.0294914
O55098,416,0.15129,0.0438582,-0.152405,-0.0401416
O55098,437,1.30961,1.4001,1.32454,1.07146
O55098,513,-0.379864,-1.17791,-1.06518,-1.24345
O55098,515,0.155221,0.102479,0.281894,0.557657
O55098,950,0.0694596,-0.00132945,0.0932301,-0.0286927
O55106,245,0.0930143,0.231655,0.140091,0.439735
O55106,376,0.50702,0.875029,0.821379,1.42212
O55131,227,0.163106,0.065369,0.0542847,-0.073356
O55131,333,0.665211,0.820737,0.759391,0.766106
O55143,663,0.00852501,-0.0169551,-0.389828,-1.33557
O55201,664,0.173632,0.166069,0.200945,0.386668
O55222,181,-0.647274,-0.591407,-0.75524,-2.04906
O70251,106,0.164476,-0.17735,-0.230829,-0.900411
O70251,90,0.123155,0.265183,-0.27151,-0.389905
O70305,710,0.182951,0.387163,0.125575,-0.752745
O70310,47,-0.132055,-0.211598,-0.317062,-0.711626
O70311,38,0.0172768,-0.0367144,-0.00703266,-0.389836
O70400,144,2.0655,2.17866,2.02668,1.42446
O70400,90,1.33522,1.3591,1.25077,1.15303
O70435,250,0.00857796,-0.00582336,-0.0955377,-0.360443
O70439,129,0.133424,-0.00442146,-0.0672685,-0.397398
O70472,1645,-0.00563326,-0.0318097,-0.133577,-0.282892
O70480,30,-0.0950291,-0.0914191,-0.0662393,-0.544324
O70551,311,-0.191401,-0.0674088,-0.230548,-0.63965
O70551,448,0.387935,0.458719,0.342119,-0.0512302
O70551,450,0.250236,0.344753,0.221327,-0.215279
O88286,1029,-0.40077,-0.435375,-0.335067,0.38995
O88286,1050,0.350162,0.493999,0.276821,0.195291
O88286,1148,1.31759,1.22524,1.14631,0.332955
O88286,1370,-0.56507,-0.391916,-0.519337,-0.0668828
O88286,1550,0.610129,0.612712,0.509809,0.348658
O88379,284,-0.614484,-0.70483,-0.781579,0.300383
O88379,732,0.102954,0.479334,0.0704546,-0.01664
O88448,539,-0.242883,-0.168184,-0.122721,-0.163337
O88448,575,-0.0334415,0.0524867,-0.0324019,-0.125939
O88466,1328,-0.0507252,-0.183925,-0.267454,-0.943001
O88466,1381,-0.161038,-0.196333,-0.189097,-0.282364
O88487,81,0.957193,1.17019,1.04134,1.07118
O88522,380,0.425778,0.217642,0.383871,-0.018648
O88569,212,-0.870919,-0.833208,-0.788613,-0.425345
O88569,231,-0.199745,-0.240879,-0.0599614,0.139395
O88569,259,0.157818,-0.0973773,0.165681,1.08279
O88569,344,-0.0474375,-0.256672,-0.0302346,0.640041
O88587,261,0.156831,0.0878253,0.182011,0.106298
O88622,286,0.150203,0.311399,0.263495,0.279007
O88627,9,-0.868684,-0.627028,-0.963555,-0.117559
O88667,301,-0.423369,-0.630148,-0.512014,-0.229517
O88667,39,0.0621337,-0.0464622,-0.110534,-0.184353
O88673,28,-0.0875627,0.067923,-0.327553,-1.5473
O88685,12,0.135555,0.100192,-0.00133485,-0.532026
O88700,247,-0.0231582,0.143362,0.00269216,-1.32206
O88738,483,0.132901,-0.0434094,0.116752,0.104127
O88746,462,0.610901,0.62546,0.553186,0.344006
O88796,251,1.80714,1.77553,2.03944,1.19395
O88845,187,0.667974,0.53901,0.595485,0.77252
O88874,341,-0.0904785,-0.148651,-0.10143,-0.370726
O88878,48,-0.564897,-1.01953,-1.27957,-1.67997
O88890,119,-0.416846,-1.24791,-0.251076,-0.408779
O88907,485,0.207307,0.164828,0.116422,-0.222091
O88907,491,0.0296252,-0.0385574,0.0572014,0.444474
O88907,503,0.117597,0.172098,0.0360978,0.385756
O88907,510,-0.107179,0.213377,0.325598,0.183018
O89053,412,-1.7753,-1.53835,-1.50004,-2.03759
O89053,418,0.00933132,-0.0273839,-0.0845877,0.697535
O89053,424,1.3813,1.31165,1.12195,0.731827
O89086,133,2.15952,1.8879,1.90073,1.74095
O89100,158,-1.42102,-1.19321,-1.28076,-1.36106
O89100,254,0.183924,0.095691,-0.000997134,-0.627974
O89110,188,-0.300957,-0.362505,-0.290021,-0.372277
P00520,569,0.217837,0.196527,0.229438,0.753177
P01108,164,-1.43033,-1.26014,-1.48238,-0.19325
P01108,348,-1.21529,-1.11771,-1.28102,-0.791199
P01108,62,-1.82733,-1.85058,-2.00535,-1.41509
P01108,71,-3.19855,-2.90611,-3.01326,-2.11346
P01901,348,-0.29824,-0.289338,0.00132339,-0.103532
P01901,351,-0.0397576,-0.0915442,0.154236,0.488071
P01901,354,-0.220546,-0.267192,-0.0988479,0.00522589
P03975,178,-0.924999,-1.45802,-1.42216,-2.18419
P04223-2,354,-0.746404,-0.631058,-0.539724,-1.18762
P04627,157,0.176358,0.316971,0.198737,0.470399
P04627,255,0.72899,0.808796,1.08529,0.270408
P05213,439,0.201074,0.265424,0.107814,-0.522516
P05213,48,0.172487,-0.137512,-0.138108,0.198969
P06240,121,1.53108,1.99285,1.89878,1.63176
P06240,192,-0.14213,-0.371755,-0.519914,-0.608806
P06240,194,-0.204681,-0.4606,-0.447793,-0.961363
P06240,35,1.03753,0.759127,0.834942,0.189712
P06240,499,0.014894,-0.0831411,-0.0329939,0.718505
P06240,501,0.0310517,-0.0381143,-0.089026,0.726969
P06537,280,0.35373,0.381065,0.0970934,0.325927
P06800,1229,-0.060875,-0.112162,0.00651199,-0.173774
P06800,1267,0.53247,0.605835,0.551348,0.775505
P06800,1286,1.13947,1.07174,1.02438,0.316479
P06800,598,-0.0987669,0.0364273,-0.239571,-1.08484
P06800,599,0.00824839,-0.0519898,-0.119059,-0.777942
P06800,964,-0.136518,-0.17833,-0.270307,-0.715953
P06800,983,1.58881,1.59429,1.44808,0.834856
P07901,231,0.0401509,-0.140631,-0.215194,-0.714636
P07901,263,-0.0129604,-0.108061,-0.174427,-0.47188
P08752,207,1.19558,1.76953,1.77887,1.78121
P08775,1833,0.0653365,0.0952002,0.103276,-0.2546
P08775,1836,0.128416,0.237835,0.281226,0.167526
P08775,1877,0.192359,0.251904,0.279544,0.357746
P08775,1906,-0.148103,-0.0433593,-0.151682,-0.0548192
P08775,1917,-0.0798865,-0.160604,-0.126489,-0.0901902
P08775,1920,0.138675,0.0255213,-0.121714,-0.181974
P09405,106,-0.324791,-1.1445,-0.257352,1.80124
P09405,121,-0.150756,-0.938504,-0.278931,1.37882
P09405,129,-0.455013,-0.970271,-0.574573,0.777552
P09405,403,1.77076,1.57521,1.22113,0.230624
P09405,460,0.111849,-0.0671948,-0.213427,-0.714577
P09405,59,-0.176868,-0.775084,-0.504206,0.716335
P09405,76,0.300032,0.272055,-0.018949,0.875877
P09405,92,0.0880156,-0.380957,-0.230834,1.20466
P09411,203,0.259595,0.0412783,0.102388,-0.0337383
P09450,256,-2.09861,-2.14032,-2.12776,-1.05599
P10711,100,0.0582077,-0.0702744,-0.0317631,-0.455135
P10711,81,3.09458,2.77505,2.81893,0.604997
P11031,10,1.06125,1.04619,1.2579,1.44682
P11031,118,0.0367012,-0.148429,-0.061866,0.215896
P11031,17,1.48678,1.68119,1.9106,2.19718
P11031,58,0.936872,0.792387,1.08227,-0.340408
P11157,20,0.246098,1.36129,-0.319914,-2.11095
P11440,161,0.310831,0.928719,0.204006,-2.52283
P11499,226,-0.053925,-0.185356,-0.247993,-0.66933
P11499,255,-0.0169376,-0.0842764,-0.18641,-0.423935
P11499,307,0.0113509,0.0339375,-0.214212,-0.483946
P11499,452,0.583845,0.583335,0.510283,-0.00392315
P11679,24,0.0365213,0.0781404,-0.186094,-0.186589
P11881,1755,-0.0456339,-0.0429738,0.0082299,0.243334
P11942,160,0.0185713,0.0683502,-0.190664,-0.312657
P11983,544,0.0020389,-0.0986612,-0.3347,-0.914426
P12367,96,-0.0659953,-0.220628,-0.00187887,-0.279334
P12813,191,-3.15724,-2.65332,-2.74352,-1.39828
P13379,427,0.0484357,0.193671,-0.320493,-1.33478
P13379,438,-0.402438,-0.777028,-0.623031,-0.490624
P13379,482,-0.196318,0.018891,-0.178837,-0.977688
P13379,484,0.415567,0.796079,0.402257,0.00408958
P13405,243,0.0889058,-0.129926,-0.000218391,0.825469
P13405,350,-0.133042,-0.282471,0.0359182,1.18238
P13405,788,0.0789795,-0.391791,0.428303,2.02393
P13405,800,0.0942398,0.141355,0.460165,1.21731
P13405,814,0.00509393,-0.394162,0.00368488,0.983738
P13864,125,-0.584912,-1.40418,-0.453251,1.01746
P13864,140,-0.388752,-0.270125,-0.566357,-1.26858
P13864,717,0.384007,0.184175,0.645169,2.10693
P13864,958,-0.0496212,-0.840116,0.160954,2.54253
P14115,68,-0.210928,-0.245848,-0.384191,-1.46749
P14152,241,0.209479,-0.0499939,0.433796,1.43177
P14152,333,0.529469,0.313527,0.743447,1.41546
P14733,17,-0.830166,-0.935827,-0.785695,-0.186502
P14733,21,1.15848,0.85525,0.913356,0.474841
P14733,24,0.496535,0.273882,0.447507,0.959799
P14733,392,0.441882,0.403507,0.521412,1.43972
P14733,394,0.131589,-0.0262071,0.230684,1.45856
P14733,396,-0.967506,-1.30827,-1.19664,-0.724729
P14869,304,0.377427,0.597436,0.244396,0.0703256
P14869,307,0.0121703,0.0173474,-0.175454,-0.87586
P15066,100,-0.391647,-0.677628,-0.946401,-1.87135
P15379,733,-0.268976,-0.398084,-0.469793,-1.94772
P15379,742,-0.0893432,-0.0854138,-0.242637,-0.64549
P15532,120,0.460156,0.359103,0.102609,-0.462044
P15533,218,0.1444,0.461387,0.418334,0.582493
P15702,328,0.698797,0.759974,0.868542,0.678203
P15702,339,-0.0376062,-0.0951685,0.00109979,-0.117174
P15702,347,0.287589,0.119256,0.297908,-0.411478
P15702,371,-0.508943,-0.650935,-0.569299,-0.263406
P15702,378,0.5674,0.295602,0.268543,0.0375277
P15702,381,1.26728,1.83449,2.02217,1.21238
P15702,394,1.24842,1.41323,1.43342,0.520325
P15920,695,0.231234,0.30948,-0.130518,-0.250964
P16254,45,-2.48336,-2.17798,-2.2916,-2.77166
P16546,1031,0.267175,0.606097,0.503137,0.518245
P16546,1217,-0.043937,-0.154835,-0.163901,-0.320214
P16858,209,0.170836,-0.0340862,0.0342487,-0.581172
P17182,263,0.0653836,0.118411,0.342682,0.20576
P17182,419,0.0309452,-0.330792,-0.0487196,-0.533189
P17426,655,-0.159438,0.0568766,-0.0825838,-0.222504
P18608,7,1.0053,0.771999,0.67288,-1.1405
P18608,87,0.351303,0.406144,0.266838,0.490799
P18654,227,0.168014,-0.0139438,0.11092,0.309843
P18654,415,-0.0508403,-0.28094,-0.181039,-0.613965
P18760,156,0.0459379,-0.0444789,-0.0540303,-0.0428845
P18760,25,-0.473423,-0.547639,-0.518948,-0.282848
P18760,41,1.45301,1.63042,1.60692,0.656463
P19096,207,0.375637,0.257942,0.17806,-1.14181
P19246,535,0.966128,1.31023,1.39498,0.596905
P19246,559,1.03782,1.28184,1.31118,0.660466
P19426,115,-0.0230928,-0.24574,-0.160596,-0.0705031
P19426,181,0.0384244,0.0406959,0.00877619,-0.118595
P19426,51,-0.203764,-0.510318,-0.160967,-0.38408
P19973,168,-0.719657,-0.854708,-0.842107,-0.149593
P19973,175,-0.715471,-0.797643,-0.201193,0.443711
P19973,180,-0.250837,-0.147148,-0.123109,0.777363
P19973,184,0.0610078,-0.136414,-0.387866,0.917589
P19973,205,0.158806,0.157874,0.11284,0.135091
P19973,235,0.701223,0.675352,0.670829,0.755719
P19973,243,0.0708282,0.00992569,0.0719721,0.512655
P19973,328,0.201479,0.292381,0.289576,0.901675
P19973,63,-1.07356,-1.39216,-1.27711,-0.864867
P19973,77,0.495713,0.402694,0.427664,-0.166264
P20152,325,0.142156,-0.0864866,0.156843,0.701918
P20152,39,0.135111,-0.0943527,0.178647,0.0417169
P20152,420,-0.413564,-0.591357,-0.556185,0.64394
P20152,430,-0.114932,-0.767511,-0.762008,-0.37936
P20152,56,1.00851,1.032,1.18316,1.40897
P20152,73,-1.58021,-1.57134,-1.52615,-1.29859
P21995,312,-0.0526745,0.169266,0.117989,-0.392993
P22518,139,-0.0147234,-0.259863,-0.0820708,0.0659888
P22682,480,0.00494449,0.192767,0.0885687,0.111205
P22682,481,-0.0648901,0.0741174,0.000758424,0.240581
P22682,617,0.793671,0.569049,0.592931,0.699507
P22682,667,1.55358,1.50692,1.57016,1.31755
P22682,692,0.0688797,0.3283,0.394115,1.07109
P23116,584,0.943182,0.812448,0.669384,0.0676873
P23298,317,0.642871,0.681878,0.650589,0.553125
P23298,637,0.508035,0.932179,0.982195,0.682969
P23298,656,-0.0250815,0.0156801,-0.043753,0.258953
P23298,675,0.129394,0.29972,0.202624,0.308861
P23475,518,2.31215,2.35126,2.16452,0.201542
P23611,164,-2.17434,-2.56063,-2.74374,-2.72231
P23949,127,-0.0972184,0.546734,-0.116767,-0.0113877
P23949,416,-0.274307,0.546958,-0.678678,-1.28987
P23949,480,1.38383,2.0401,1.31967,-0.825093
P23950,92,-0.435712,-0.693558,-0.23765,-0.40151
P24161,111,-0.379872,-0.443406,-0.505241,-0.0118136
P24161,123,-0.513717,-0.553325,-0.603451,-0.441579
P24161,142,-0.161836,-0.0382867,-0.0718954,0.984889
P24161,153,-0.298032,-0.266774,-0.230685,0.589826
P24161,72,-0.138105,-0.0413896,0.199074,0.735948
P24161,83,-0.366524,-0.24176,-0.747388,-0.541684
P24547,160,-0.365321,-0.465533,-0.749534,-2.57069
P24547,416,-0.0707622,-0.176228,-0.378846,-1.08788
P24668,268,-0.188252,-0.131647,-0.319274,-0.444975
P24788,115,-0.899849,-0.782121,-0.839138,-0.743392
P24788,47,-0.199418,-0.307541,-0.525768,-0.622943
P24788,578,0.00319212,-0.00610211,-0.0403882,-0.120554
P24788,584,0.158752,0.164742,0.00528732,-0.0946051
P24788,65,0.0703513,0.0981442,-0.0392162,0.182188
P24788,741,0.0987581,-0.0213746,0.0206672,0.223272
P25206,160,0.238574,0.472929,0.22496,-0.671246
P25206,668,0.0247843,0.22507,-0.001872,-1.58835
P25206,672,-0.312696,-0.443069,-0.294321,0.0589564
P25206,719,-0.0301761,0.0228597,-0.0431334,-0.531635
P25444,264,0.137129,0.162996,0.00424686,-0.867274
P25446,220,0.320849,0.166866,0.252831,0.431906
P25799,447,-0.187896,-0.361517,-0.367931,-0.607631
P25799,940,-0.243854,-0.0631384,-0.272773,-0.21414
P26011,796,0.521314,0.770536,0.678932,0.729738
P26011,798,-0.21378,-0.389361,-0.140052,-0.348028
P26039,1225,0.75079,0.867183,0.882495,0.646135
P26039,1328,0.917059,1.09298,1.12488,0.461741
P26039,425,2.12344,2.00574,1.91421,2.25766
P26040,535,0.374049,0.271958,0.447587,0.668224
P26041,429,0.747522,0.610206,0.702873,0.726411
P26041,57,-0.148899,-0.0182314,-0.422429,-0.231927
P26041,576,-0.311215,-0.721115,-0.567093,-0.402839
P26231,641,0.136603,-0.268097,-0.107076,-0.948278
P26323,241,0.146266,0.211217,0.253871,0.15345
P26369,62,-0.20213,0.0639146,-0.201416,0.321309
P26369,79,0.0748286,0.130103,0.0677828,0.430184
P27546,345,0.750064,0.924847,1.01893,0.539627
P27546,475,0.125804,0.154192,0.0631448,-0.318509
P27546,506,0.212304,0.513887,0.482432,0.373144
P27546,517,0.930324,1.05997,1.09692,0.535426
P27546,598,-0.0521064,-0.00661149,-0.00114694,-0.119639
P27546,667,1.08701,0.952647,1.12303,1.36887
P27546,760,0.0823385,0.0472265,0.133503,-0.0498938
P27546,785,-0.0660594,-0.0622331,-0.06702,-0.259152
P27546,798,0.625701,0.679841,0.760904,1.10926
P27546,846,0.191079,0.093421,0.0387743,0.0972114
P27546,898,0.0941344,-0.034885,-0.0896514,-0.0387525
P27546,901,0.0295349,0.0201833,-0.189994,-0.0845025
P27546,914,0.8965,0.517236,0.418494,0.819583
P27546,99,0.448643,0.247146,0.417665,0.0180472
P27577,282,-0.186145,-0.301944,-0.0340738,-0.168948
P27661,122,0.413236,0.401806,0.0266294,3.26428
P27661,137,-1.81448,-1.61131,-1.7433,-1.29331
P27661,140,0.307261,0.645523,0.613795,1.82427
P27699,143,-0.172911,-0.209678,0.00598413,-0.68027
P27870,185,0.728683,0.812871,0.736485,1.00107
P27870,826,0.483049,0.638131,0.580222,0.414053
P28028,348,0.121184,0.194204,0.100427,0.244642
P28028,384,0.786571,0.976039,1.07007,1.35678
P28028,714,-0.0654013,0.000468817,-0.00924455,-0.085232
P28352,18,-0.245511,-0.236694,-0.257901,-0.305419
P28656,62,0.560774,0.663527,0.363283,0.101162
P28667,104,-0.469828,-0.710103,-0.744298,-0.984941
P28667,36,-0.800193,-0.84297,-1.10608,-1.60715
P28867,505,-0.0691248,-0.138848,-0.237171,-0.358607
P28867,643,0.117651,-0.0418825,0.10246,-0.220753
P28867,662,0.0878596,-0.00454877,0.00383831,-0.415908
P29341,315,0.0951543,-0.413069,-0.281491,-1.23652
P29341,96,-0.625301,-0.462414,-0.746744,-1.61519
P29351,536,0.143396,-0.167233,-0.174935,-0.383076
P29352,405,0.020978,0.150609,-0.0717472,-0.495535
P29352,452,0.28498,0.326388,0.237451,0.306829
P29352,497,0.577395,0.269603,0.643207,0.728667
P29352,549,0.538456,0.480963,0.344319,0.500608
P30280,280,-0.4391,-0.438797,-0.709709,-0.852549
P30415,1060,0.0676025,-0.435354,-0.157117,-0.24641
P30415,1139,0.0125822,0.0470022,-0.0946703,-0.26781
P30415,1148,-0.0258229,0.106461,0.132911,-0.102432
P30415,255,0.234334,0.300235,-0.0194683,-0.381549
P30681,35,-0.72486,-0.977862,-0.756032,-0.19811
P32067,92,0.0523414,0.0362553,-0.16956,-1.02343
P32067,94,1.18119,1.47568,1.31791,0.67635
P33174,1224,0.331181,0.985694,0.0796909,-2.4464
P33215,379,-0.194515,-0.478483,-0.342929,-0.692381
P33609,215,-0.0745821,-0.200632,-0.0456088,-0.155621
P33611,126,0.726029,0.646866,0.67936,0.646702
P33611,147,0.262222,0.294645,0.153336,-0.632393
P33611,152,0.286395,0.854494,0.160537,0.348823
P35486,232,0.534272,0.661743,0.471754,-1.57101
P35550,130,1.58149,2.68294,2.25769,2.65116
P35564,563,-0.562994,-0.612949,-0.776606,-0.785714
P35564,582,0.0208443,0.0732871,-0.0187442,-0.476595
P35601,107,0.132543,-0.0275275,-0.229534,-0.727616
P35601,1090,0.306609,0.422277,0.178214,-0.272671
P35601,155,0.384685,0.256066,0.239776,0.458923
P35601,244,0.217622,0.333321,0.185356,-0.238978
P35601,281,0.00650251,-1.36194,-0.113782,1.88118
P35601,309,0.0379944,0.0650435,-0.146873,0.302901
P35601,357,0.0851637,-0.975621,0.0433251,2.14999
P35601,516,0.349673,-0.0644357,0.0865571,1.409
P35831,434,0.0303498,0.0376119,0.106232,-0.0356199
P35831,673,0.524038,0.766877,0.644693,0.908881
P35979,126,1.00109,1.38322,1.55324,1.59709
P35979,38,-0.106256,-0.787849,-0.379474,0.934931
P37217,26,-1.87707,-1.76108,-1.86525,-1.75425
P39428,60,-0.0101643,-0.0908714,-0.183202,-0.0209654
P39428,63,0.464293,0.583786,0.508425,0.374933
P40124,307,1.41653,1.3089,1.51588,1.05869
P40124,309,1.15654,0.656422,1.17585,0.8827
P40142,287,0.456863,0.393505,0.180963,0.277316
P40201,1678,-0.0110803,0.351261,-0.111234,0.00116992
P41230,1353,-0.0945881,-0.264759,-0.548461,-0.319158
P41230,301,-0.47388,-0.595384,-0.603865,-0.51907
P42128,199,0.493158,0.374508,0.43278,-0.407263
P42128,209,0.375978,0.218052,0.331026,1.46085
P42128,243,0.602889,0.80617,0.866881,1.1262
P42128,87,0.659216,0.662902,0.589862,0.404786
P42208,218,-0.161371,-0.247902,-0.367053,-0.491312
P42209,247,-0.0199446,0.218496,0.0685513,0.0212244
P42209,314,0.266777,0.490285,0.170878,-0.0985333
P42227,727,0.273978,0.29113,0.228951,-0.00998969
P42228,734,0.125536,0.146028,0.0786319,-0.287534
P42230,128,0.225075,0.175191,0.341669,0.969985
P42230,779,0.0346335,0.0169605,0.164886,0.403619
P42232,128,-0.0440934,0.0755782,0.00660279,0.333712
P42567,562,-0.521252,-0.411131,-0.586981,-1.23922
P42567,798,0.863968,0.785712,0.840808,0.43012
P42567,816,0.517043,0.560221,0.496214,0.281342
P42932,23,0.11743,-0.0375565,-0.0878309,-0.0679037
P43274,35,0.558803,0.256899,0.497477,0.50198
P43274,36,1.68667,1.65905,1.6432,1.1788
P43275,106,-0.366383,-0.344531,-0.43926,-0.319718
P43276,102,-0.510631,-0.546662,-0.609438,-0.672259
P43276,104,-0.471544,-0.270021,-0.338733,-0.61996
P43276,186,0.0217252,-1.48552,0.374925,5.84109
P43277,147,-0.381956,-1.07737,-0.113752,3.24773
P43277,37,1.63045,1.53856,1.44365,0.76183
P43277,42,-0.13409,0.124722,-0.306708,0.236684
P43277,56,-0.0350052,-0.0835303,-0.156928,0.52307
P43346,11,0.150559,0.0552545,0.123895,-0.0585607
P45481,2064,0.182233,0.30462,0.235761,0.322878
P46414,10,-0.214083,-0.0162319,0.0190267,0.372405
P46467,102,0.0138922,0.064532,-0.11655,-0.155773
P47809,395,-0.0793999,0.324532,0.133034,-0.509537
P47810,642,-0.231301,-0.145773,-0.557728,-1.24361
P47856,259,-0.0324883,-0.340473,-0.241556,-0.580212
P47911,21,2.51106,2.22074,2.04776,0.775926
P47911,81,-1.04934,-1.18318,-0.83545,-1.23889
P47915,138,1.41063,1.22718,1.16191,-0.23121
P47930,200,-1.55066,-1.37435,-1.36663,-0.859849
P47930,230,-0.64637,-0.383831,-0.152636,0.0245078
P47941,107,-0.111966,-0.186129,-0.0901668,-0.0580891
P47941,185,-0.36948,-0.401237,-0.34766,0.395136
P47941,42,0.316086,0.145172,0.307317,0.670879
P47955,101,-0.0607096,-0.176765,-0.371769,-1.19773
P47955,104,0.256583,0.215146,0.208449,-0.675356
P47963,106,0.252731,0.235863,0.34275,0.372574
P47963,77,0.301194,0.131139,0.13398,-1.12334
P48193,543,-0.504045,-0.436839,-0.539543,-0.973921
P48193,561,0.704435,0.692996,0.597917,-0.417899
P48193,87,-0.230992,-0.0279455,-0.236605,-0.319403
P48193,94,0.537752,0.648124,0.0964256,-0.172469
P48678,390,0.146701,0.487425,0.322344,1.15163
P48725,1437,0.0691439,0.0729403,0.0353254,0.039623
P48754,502,0.261929,2.20568,-0.227289,-1.67225
P49117,68,-0.638658,-0.612147,-0.649497,0.0365379
P49452,612,-0.0288697,0.367898,-0.139134,1.1204
P49452,699,-0.179532,0.137539,-0.207201,0.910849
P49586,315,-0.425395,-0.506185,-0.39199,-0.280113
P49586,343,-0.374414,-0.482047,-0.359948,-0.836229
P49710,333,0.0554593,-0.00450106,-0.0217661,-0.222594
P49717,19,-0.417269,-0.241703,-0.46622,-1.74507
P49722,7,0.0711631,-0.353909,-0.189225,-0.468214
P50136,344,0.0835647,0.213638,-0.0549986,-0.287899
P50431,28,-0.0630317,-0.1748,-0.512815,-1.68882
P51125,11,0.446163,0.302574,0.484433,0.153291
P51125,219,1.3241,1.14606,1.21245,1.13169
P51125,324,0.845673,0.564529,0.924879,1.27517
P51125,444,0.0949614,0.0316298,0.185221,0.906309
P51125,479,0.584854,0.424521,0.562474,0.483209
P51125,492,-0.430841,-1.10973,-0.590975,-0.595603
P51125,81,0.190513,-0.178865,0.0419915,0.340005
P51612,93,0.0196259,-0.120935,-0.0133963,0.0548964
P51827,907,0.251915,-0.0333538,0.242535,-0.20682
P51859,132,-0.025429,-0.155222,-0.0110803,1.14978
P51859,133,-0.0470636,-0.0135004,-0.00625565,0.226073
P51859,165,-0.191322,-0.219435,-0.338989,-0.459428
P51859,199,-0.149445,-0.20403,-0.30053,-0.342354
P52293,62,-0.428792,-0.673345,-1.32079,-2.76344
P52479,359,-0.0355282,-0.158752,-0.121716,-0.687526
P53986,213,0.0116136,0.00120023,-0.245278,-0.701012
P53995,688,0.679867,0.707499,0.650691,0.118494
P54103,47,-0.559018,-0.369965,-0.530712,-0.562985
P54103,49,-0.517163,-0.571429,-0.77431,-0.199916
P54227,16,0.657976,0.733603,0.519106,-0.378724
P54227,25,0.936968,1.08484,0.90752,-0.190895
P54227,38,0.795206,0.871562,0.781618,0.332851
P54227,46,0.667124,0.587028,0.403688,-1.21843
P54227,63,0.0160262,0.0695218,-0.0713407,-1.53668
P54276,137,0.119737,-0.129807,0.134875,0.267901
P54276,326,-0.722371,-0.578443,-0.890333,-2.49417
P54276,60,0.229085,0.214507,0.198406,0.27304
P54276,63,0.112676,0.248578,0.145799,0.281218
P54279,569,-0.239368,-0.469594,-0.360249,-0.250755
P54310,559,-0.234438,0.102989,-0.161256,0.0205506
P54726,123,0.362346,0.438265,0.310226,-0.0837824
P54728,160,1.24224,1.31795,1.21594,0.398895
P54731,581,0.537973,0.79168,0.868529,0.83711
P55194,262,1.15026,1.21605,1.41461,2.08811
P55194,535,0.138198,0.11506,0.107244,0.0904507
P55194,577,0.237634,0.277269,0.23847,0.795239
P55194,632,1.33925,1.36072,1.42226,1.40824
P55194,677,0.491102,0.43019,0.466744,1.01006
P55200,179,0.698748,1.14105,0.835451,0.843527
P55200,1839,0.297773,0.678475,0.624906,0.486134
P55200,2212,-0.123201,-0.133246,-0.0247605,0.820842
P55200,740,0.178215,0.123833,0.130454,0.329723
P56183,434,-0.00917155,-0.034961,0.0843988,0.133234
P56212,104,-1.73718,-1.27555,-1.47829,-2.18412
P56212,23,0.114229,-0.69289,0.137908,2.21302
P56812,119,0.274618,0.0150176,-0.044043,-0.454256
P56960,636,0.492004,0.61854,0.530357,-0.552375
P57016,523,-1.17515,-1.89599,-1.95807,-2.20591
P57016,62,-0.346367,-0.90401,-0.748867,-1.24253
P57725,90,-0.417755,-0.6572,-0.64515,-1.23591
P57725,97,-0.265715,-0.608136,-0.816742,-1.12631
P57784,239,0.0650862,0.26976,0.0823079,0.283091
P58058,46,0.127264,-0.114571,0.0326709,-0.724514
P58058,48,0.0820412,0.0704518,-0.0764273,-0.209286
P58058,64,0.211567,-0.0901991,0.0309058,-0.436825
P58252,502,-0.0291447,-0.0197534,-0.0850967,-1.17323
P58252,57,-0.980157,-1.56097,-1.31617,-0.766916
P58334,225,-0.163918,-1.00352,-0.766231,-0.490565
P58404,223,0.931866,0.900659,0.925345,0.761711
P58468,38,-0.143784,-0.203728,-0.233388,-0.424866
P58501,264,0.0212286,0.00460021,-0.197439,-0.178735
P58742,495,-0.0829741,-0.129721,-0.0967563,-0.227899
P58802,407,-0.291682,-0.156139,-0.0792591,0.168055
P58871,1061,0.0396073,0.210468,0.214548,0.0937264
P58871,1131,0.462175,0.540715,0.521932,0.373531
P58871,1375,-0.0570112,-0.0373214,-0.123296,-0.0370677
P58871,429,-0.208965,-0.0321354,0.308249,-0.00570228
P58871,568,0.499133,0.349928,0.468074,0.282374
P58871,602,0.117495,0.383456,0.137102,0.269191
P58871,713,-0.401317,-0.00700785,-0.0981833,-0.0614678
P58871,976,-0.26844,-0.309966,-0.278525,-0.565415
P59017,343,-0.261294,-0.242163,-0.49811,-1.22967
P59017,387,-0.495738,-0.480624,-0.452293,-0.740865
P59110,170,0.68503,0.822831,1.00107,1.2104
P59114,116,0.230373,0.242037,0.164095,0.715532
P59114,137,0.210833,-0.0674976,0.0804943,0.786739
P59178,687,0.19316,0.269366,0.113578,0.0199882
P59325,227,0.140824,-0.0624111,0.111097,-0.27102
P59328,821,0.272794,0.357328,-0.202949,-0.32497
P59438,534,-0.0751912,-0.0245898,0.0161144,-0.215458
P59438,662,0.949769,1.01804,1.05063,0.84803
P59729,411,0.542892,0.723897,0.690858,0.939801
P59759,209,0.29714,0.162045,0.347956,0.248089
P60335,190,-0.334302,-0.361397,-0.399008,-0.634197
P60840,109,-1.2432,-1.06164,-0.498372,-1.31968
P60840,67,0.187682,0.158477,-0.0396402,-0.81226
P60904,10,0.282901,0.274821,-0.0479214,0.258901
P61161,117,-0.0807885,0.0688447,-0.0562948,-0.619445
P61290,24,0.419338,0.61734,0.71356,0.0390315
P61358,86,0.2092,0.668027,0.413374,-0.845416
P62046,581,0.058356,-0.0553009,-0.263572,-0.197763
P62071,186,0.0956753,-0.112725,0.17578,0.0525933
P62137,320,-0.320683,-0.260581,-0.392424,-0.894442
P62242,130,-0.124095,-0.087208,-0.436929,-1.84281
P62264,139,0.319419,0.172654,0.0603873,-0.421119
P62317,12,-0.00549139,-0.0497787,-0.149055,-0.429771
P62751,43,-0.000913799,-0.113565,-0.385946,-1.69438
P62754,235,-1.14357,-0.674766,-0.939927,-0.656296
P62754,247,1.42693,1.50676,1.44627,1.91964
P62806,48,-0.0479153,-0.0988862,-0.0779583,0.0871604
P62806,81,0.0834281,-0.0425214,0.0288402,0.518313
P62827,135,1.13204,1.21241,1.05943,0.101616
P62858,23,1.84049,2.16941,1.92159,0.294563
P62889,10,-0.0730019,-0.00550592,-0.364312,-1.63987
P62908,221,0.914551,1.2442,1.23831,0.585103
P62918,14,-0.182092,-0.407841,-0.46733,-1.31314
P62960,172,0.654208,0.407608,0.436354,0.646993
P62960,174,-0.278686,-0.487309,-0.379324,-0.452694
P62996,201,-0.140168,-0.199206,-0.189791,-0.348714
P62996,264,0.106226,0.402886,0.119295,0.302756
P62996,266,0.160846,0.247283,0.220668,0.464647
P62996,39,-0.484665,0.0268186,-0.359538,-0.225081
P63017,254,-0.0281005,-0.15426,-0.134167,-0.127846
P63017,541,0.473384,0.582388,0.468914,-0.419534
P63017,633,-0.0158211,-0.0574089,-0.374055,-0.959266
P63037,335,0.232187,0.227873,0.368411,0.0505477
P63073,209,0.714794,0.57807,0.595439,0.537498
P63101,207,0.224114,-0.264549,0.107619,0.354353
P63154,689,-0.0889582,-0.259878,-0.271158,-0.698903
P63158,35,-0.812996,-1.1799,-0.978428,-0.63712
P63260,233,0.442394,0.311908,0.44436,0.455061
P63260,239,0.11553,0.0190177,-0.0084443,0.0140485
P63260,323,0.0234821,-0.108891,0.138463,0.270688
P63260,324,0.0974251,-0.33852,-0.267691,-0.369367
P63260,33,0.389533,-1.40743,-1.18633,-2.10508
P63260,66,0.0342132,-0.393135,-0.403673,-0.467031
P63276,113,0.394014,0.711484,0.183782,0.489575
P68254,232,0.183444,0.0212446,0.122879,0.265764
P68404-2,641,0.0300874,0.167467,0.0160004,0.0105713
P68404-2,660,0.0973287,0.17194,-0.0852518,-0.482306
P70121,648,-0.1299,-0.0158848,-0.444138,-0.875116
P70218,367,0.027921,-0.0105675,0.107908,0.454896
P70218,419,-0.0515096,-0.0198919,-0.0371926,-0.0764474
P70227,934,-1.21898,-0.653562,-0.736964,-1.41406
P70236,25,0.157589,0.11007,0.344799,0.584244
P70265,469,-0.073013,0.129896,0.198134,0.127056
P70268,778,0.0151602,-0.042952,-0.152158,-0.224592
P70268,920,0.153726,0.108275,0.161516,0.392626
P70279,97,0.421637,0.109172,0.379889,0.709025
P70302,257,-2.88773,-2.56349,-2.4912,-2.44495
P70302,575,1.71049,1.59394,1.96828,0.53518
P70303,574,0.294113,0.399688,0.405679,0.760222
P70333,104,1.22928,1.43447,1.40345,0.710083
P70338,109,-1.96705,-2.08031,-2.03243,-1.19991
P70338,20,-0.669165,-0.740075,-0.741487,-0.826349
P70362,247,0.51334,0.313914,0.548093,2.66594
P70377,208,0.35873,0.241374,0.271762,-0.27408
P70398,1600,0.0851581,0.0122846,-0.211897,-0.145173
P70399,1459,-0.0121297,-0.0172399,0.0446654,0.0415363
P70399,268,-0.307136,-0.288991,-0.322105,-0.435408
P70399,332,0.191423,0.0374023,0.226156,0.212254
P70399,382,-0.0651447,0.0308752,-0.15738,-0.268289
P70399,429,-0.0509493,-0.0506233,-0.183363,0.194721
P70399,518,-2.00496,-1.49999,-1.67264,-1.27785
P70399,533,-0.19161,-0.0801668,-0.127146,0.100794
P70399,552,-0.0632366,-0.00458024,-0.0763953,-0.180127
P70399,719,-0.18833,-0.391952,-0.305698,0.195798
P70429,150,0.586965,0.45734,0.5702,0.52976
P70429,244,1.28304,1.06816,1.16144,0.645566
P70429,258,1.60684,1.45479,1.45249,1.64806
P70429,329,0.25748,0.282731,0.291138,0.118266
P70429,339,0.553768,0.541942,0.975035,0.476642
P70429,343,-0.424049,-0.336695,-0.252769,-0.937251
P70429,367,0.334678,0.401663,0.466769,0.638002
P70441,275,0.724428,0.756107,0.86357,1.20633
P70441,285,-0.110222,0.0558617,-0.287762,0.14296
P70452,15,-0.134506,-0.0889948,0.0503588,-0.156182
P70670,2129,0.364073,0.227777,0.150974,0.0623817
P70670,2131,0.0966389,-0.0235723,-0.0792853,-0.339163
P70671,123,0.803231,1.02024,0.956497,0.927352
P70671,135,0.124772,0.231942,0.266259,0.553253
P70671,379,-0.766744,-0.833551,-1.07407,-0.909175
P70698,562,-0.22112,-0.465505,-0.513518,-0.835258
P70698,574,0.396693,0.187634,0.0131605,-0.398117
P70698,575,0.22393,0.12626,0.0847381,0.0605509
P70698,589,-0.266105,-0.0580713,-0.850471,-1.28957
P83093,511,-0.389518,-0.392301,-0.180704,-0.224231
P83093,523,0.452589,0.344492,0.25931,-0.501134
P83093,609,1.14016,1.07852,1.09238,0.9198
P83093,650,0.42909,0.594746,0.250063,0.4408
P83093,661,-0.692029,-0.410901,-0.498944,-0.222135
P83510,519,0.458839,0.403786,0.411015,0.198464
P83510,552,0.168539,0.196977,0.16928,0.0453287
P83510,651,-0.0430507,-0.0270273,-0.0768109,-0.274113
P83510,678,0.132693,0.0801313,0.116282,0.0741926
P83510,740,0.116238,0.160557,0.119684,0.0194062
P83741,1973,0.799433,0.841485,0.862659,0.47579
P83741,2135,-0.691984,-0.672243,-0.705756,-0.823401
P83741,378,-0.220005,-0.206772,-0.192518,-0.253203
P83917,89,0.00317724,-0.123768,-0.116115,-0.553811
P84099,13,-0.148244,-1.07276,-0.525515,-1.61087
P84104,130,-0.0273835,-0.10434,-0.367572,-0.629631
P84104,138,-0.113484,-0.148916,-0.0941939,-0.20325
P84104,140,-0.103828,-0.136875,-0.0840037,-0.207819
P84104,148,0.190982,0.0386587,-0.109765,-0.598979
P97287,144,0.742959,0.901206,0.811784,0.450775
P97303,314,0.0165635,-0.0329877,0.0518837,-0.410465
P97303,336,-0.129669,-0.336057,-0.312718,-0.419851
P97303,408,-0.170089,-0.334854,-0.312484,-0.545624
P97310,139,0.0258313,0.0977561,-0.0407296,-0.153118
P97310,21,-0.664636,-0.623276,-0.972933,-3.19635
P97310,27,0.665657,0.674766,0.798237,1.35859
P97310,40,-0.0578309,0.0682563,-0.230393,-0.993117
P97310,41,-0.0898827,-0.00573123,-0.142404,-1.04468
P97315,192,-0.0561476,0.455849,0.174704,0.511875
P97351,237,-0.110773,0.185789,-0.590037,-1.1081
P97351,263,-0.319173,-0.305128,-0.655489,-1.14361
P97360,205,0.0869315,-0.0537626,-0.0188697,-0.271836
P97360,215,0.0496574,-0.0852237,-0.0747645,-0.0942362
P97372,10,1.05533,1.36288,1.26653,0.899486
P97377,14,0.243363,-0.0592248,0.0864558,0.208244
P97377,15,-0.118503,0.3501,0.076774,1.64915
P97377,160,0.151041,0.123134,0.140751,-1.39401
P97379-2,227,-0.369788,-0.59767,-0.757911,-0.84767
P97386,192,0.197865,-0.0122761,0.175227,2.55379
P97386,211,0.22447,-0.293039,0.158536,2.39646
P97386,481,0.795743,0.848423,0.957323,0.255716
P97440,7,0.442241,1.46357,0.43021,0.204376
P97452,11,-0.0468111,-0.382606,-0.374882,0.144352
P97465,290,0.400404,-0.0318206,-0.125289,-0.279169
P97480,199,-0.862684,-0.604122,-0.611382,-0.0401489
P97492,20,0.334702,0.339248,0.569671,0.843017
P97492,218,0.409767,0.407369,0.590805,0.858976
P97492,289,-0.184031,-0.189811,-0.0832233,-0.271107
P97492,458,-0.111586,-0.250579,-0.0830983,0.11169
P97496,309,-0.107321,0.117655,0.155025,-0.0379154
P97496,397,-0.151943,-1.36212,-0.0235687,2.78434
P97496,800,-0.0257111,-0.198668,-0.244502,-0.844014
P97496,821,0.115362,0.328468,0.0637294,-0.0851841
P97820,621,-0.00400494,0.0734093,-0.0572898,-0.265604
P97820,795,0.201617,0.0776357,0.00378124,-0.65787
P97825,131,0.377204,0.140325,0.224256,-0.0823904
P97825,54,0.33294,1.18562,0.280957,0.61389
P97825,79,0.391082,0.605759,0.584066,0.125113
P97825,87,-0.201996,-0.336904,-0.399109,-0.717888
P97855,149,-0.17396,-0.229429,-0.425761,-1.11655
P97855,230,-0.306875,-0.266752,-0.394959,-0.680963
P97868,1179,0.070128,0.15623,-0.0254972,-0.212439
P97868,1194,-0.0115422,0.0178772,-0.101884,-0.142251
P97868,1329,-0.117979,-0.117859,-0.125121,-0.288501
P97868,1469,0.322517,0.0955252,0.0643209,-0.571603
P97868,1625,-0.264739,-0.496211,-0.561682,-1.62172
P97868,517,-0.332576,-0.0714524,-0.148498,-0.127448
P97868,781,-0.0993418,-0.150867,-0.121516,-0.207738
P97868,862,-0.151128,-0.0697895,-0.05648,-0.242119
P97868,985,-0.0448388,-0.0966856,-0.0807403,-0.253065
P99027,102,0.447319,0.463343,0.263969,-0.707614
P99027,105,0.285698,0.177688,0.151986,-0.768822
Q00196,55,-0.261732,-0.38912,-0.713681,-0.428304
Q00422,303,-0.867759,-1.19507,-1.47941,-1.69563
Q00651,1028,0.196694,0.214239,0.161352,0.250132
Q00PI9,159,0.0374081,-0.0976478,-0.0139102,-0.53908
Q00PI9,163,0.0654544,0.306403,-0.0229968,-0.175961
Q00PI9,183,-0.0283364,-0.0938082,-0.128799,-0.572747
Q00PI9,191,-0.122262,-0.239285,-0.278457,-0.511478
Q00PI9,226,0.0490637,-0.0884327,-0.0426131,-0.635596
Q01320,1211,0.260252,1.67559,0.00564981,-1.92293
Q01320,1388,0.213161,0.445777,-0.0141379,-0.644263
Q01320,1521,0.405064,1.27492,0.248637,-2.14169
Q01853,702,-0.324168,-0.0577378,-0.0411819,-1.35385
Q01853,770,0.865983,0.746498,0.670426,-0.598456
Q01853,775,0.932816,0.995588,0.70909,1.14699
Q01853,796,0.357778,0.0653287,0.24111,0.143375
Q01965,499,0.474258,0.477755,0.610211,0.521319
Q01965,625,0.0684343,-0.0393536,-0.158634,-0.482566
Q02053,13,0.0902568,-0.134219,-0.00211105,-0.21107
Q02053,46,0.44096,0.458563,0.322365,-0.526995
Q02053,835,0.180554,0.579308,0.415902,0.726279
Q02111,370,-0.133053,0.0412328,0.0678774,-0.0275477
Q02111,538,0.0288759,-0.263739,-0.308768,-1.06168
Q02111,676,-0.0468306,-0.00267079,-0.125764,-0.206306
Q02614,113,-0.0436747,-0.120494,-0.186547,-0.59479
Q03147,164,-0.0182475,-0.431862,-0.102398,-0.103615
Q03147,170,0.0655223,-0.414603,-0.332122,-1.74212
Q04750,114,-0.139273,-0.0133787,-0.10237,-0.115099
Q04863,552,-0.151593,-0.0711921,-0.197775,-0.411116
Q05512,208,0.131654,-0.231483,-0.318985,-0.925723
Q05512,400,-0.418483,-0.517773,-0.628293,-0.631215
Q05512,453,0.218875,0.242032,0.325485,0.133112
Q05512,483,0.0487665,-0.00855403,0.0278265,-0.15474
Q05CL8,334,0.326085,0.373891,0.226161,0.00386654
Q05D44,114,0.000847489,0.0165447,0.00283726,-0.272529
Q05D44,1164,-0.110307,-0.252168,-0.401942,-1.3726
Q05D44,165,-0.260912,-0.330166,-0.538392,-0.837192
Q05D44,215,-0.00533515,0.0303775,-0.108857,-0.230319
Q06649,414,-0.0641428,-0.384751,-0.480369,-0.782505
Q07113,2337,0.295523,0.592076,0.406815,0.780553
Q07139,842,-0.154983,0.0414314,-0.494574,-1.0258
Q08122,203,-0.256999,-0.286132,-0.308144,-0.135233
Q08122,240,-0.152423,-0.383359,-0.198513,-0.445896
Q08376,132,0.11005,1.08841,0.270452,0.0208431
Q08376,190,-0.25939,1.0844,0.328102,0.615525
Q08376,235,-0.377657,0.33258,-0.0281136,0.668447
Q08639,23,-0.325411,-0.348839,-0.563668,-0.171912
Q08943,444,0.115951,0.0300468,0.0443564,0.153494
Q08943,659,-2.07392,-1.82342,-2.04422,-1.34682
Q09XV5,1997,-0.166128,-0.189106,-0.237148,-1.26055
Q09XV5,1999,1.14971,1.20545,1.22298,1.67693
Q09XV5,2010,-0.0974692,-0.0675891,-0.0175334,-0.542065
Q09XV5,2040,-0.0240555,0.101933,-0.00764543,-0.705881
Q0P678,114,0.119534,0.105772,0.387423,0.916588
Q0P678,359,0.0441161,0.244909,-0.118212,-0.576331
Q0P678,45,-0.0632376,-0.00947088,-0.0865432,-0.225283
Q0P678,483,-0.0725392,-0.137801,-0.155844,-0.286595
Q0P678,530,-0.171118,-0.193322,-0.173426,-0.130575
Q0P678,742,0.241696,0.338976,0.10557,0.0120082
Q0P678,838,0.0192239,-0.0672253,-0.0555491,-0.153265
Q0P678,847,-0.212752,-0.208846,-0.272995,-0.408887
Q0P678,863,-0.137084,-0.0129967,-0.30856,-0.642286
Q0P678,888,-0.0288937,-0.0949493,-0.120461,-0.273717
Q0P678,92,0.399218,0.145609,0.215675,-0.0628951
Q0VBD2,834,-4.85813,-3.8993,-4.58955,-8.30519
Q0VBL3,108,0.22002,0.343223,0.238136,0.598743
Q0VBL3,293,0.0805001,0.0929834,0.125168,0.034191
Q0VBL3,567,0.0508624,-0.0136968,0.0079763,-0.138444
Q0VBL3,709,-0.190016,-0.295234,-0.231107,-0.37511
Q0VEE6,318,-1.69655,-1.64739,-1.71012,-2.47376
Q0VEE6,593,-0.267722,-1.02336,-0.143147,1.99628
Q0VGY8,462,0.0858398,0.461908,0.351399,0.388134
Q0VGY8,64,0.218951,0.281149,0.62031,0.664783
Q18PI6,260,0.143706,0.276302,0.0835642,-0.140863
Q1HDU4,372,0.0377913,0.186596,0.402869,0.658554
Q1HDU4,381,0.325611,0.476373,0.102208,0.682694
Q1HFZ0,723,0.0232813,-0.103958,-0.249448,-0.679059
Q2NL51,278,-0.188987,-0.536673,-0.136177,-0.507428
Q2NL51,279,-0.115932,-0.44783,-0.0713224,-0.348617
Q3B7Z2,236,0.0349136,0.0367221,0.044667,0.351667
Q3B7Z2,238,0.101605,0.129898,0.303622,0.237427
Q3TAA7,388,-0.237029,-0.209435,-0.200544,0.0222176
Q3TC46,179,-0.776129,-0.700244,-0.824408,-0.857494
Q3TC46,194,1.08447,1.02709,0.922006,0.633657
Q3TC46,278,0.293926,0.234122,0.327331,-0.245996
Q3TCJ1,280,0.264632,0.133391,0.182878,0.287208
Q3TCJ8,56,-0.288962,-0.651286,-0.22596,-0.309871
Q3TE85,101,-0.0897938,-0.129846,-0.377746,-1.15905
Q3TE85,36,0.834623,0.799444,0.689147,0.667539
Q3TE85,53,0.198928,0.159335,0.0596811,1.66742
Q3TE85,9,-0.148161,-0.153279,-0.173926,0.48857
Q3TE85,98,0.055076,-0.0242803,-0.129241,-0.952342
Q3TEA8,249,-1.45374,-1.70297,-1.83682,-1.19051
Q3TEA8,51,-0.16298,-0.279658,-0.346658,-0.267285
Q3TEA8,513,0.0832148,0.0991146,0.0689597,0.285615
Q3TFK5,130,0.0294171,-0.30453,0.0951373,0.376742
Q3TFK5,258,-0.0429327,-0.0583865,-0.0658995,-0.136582
Q3THE2,19,0.496478,0.60377,0.386445,0.430243
Q3THE2,20,0.319901,0.338289,0.164024,0.142689
Q3THK3,224,1.09088,-0.0676203,-0.0446329,-0.627667
Q3THK3,377,0.100465,0.00328534,-0.190194,-0.0663308
Q3THK3,385,-0.115019,-0.378886,-0.357671,-0.537787
Q3THK3,389,0.410805,0.30845,0.247397,0.0544018
Q3THK3,433,-0.478113,-0.601051,-0.851877,-2.19103
Q3THK3,437,-0.142594,-0.334857,-0.487742,-1.51303
Q3THK7,332,-0.120471,-0.0985687,-0.223739,-0.434043
Q3TIR3,501,-0.513826,-0.597271,-0.536739,-0.470666
Q3TIX9,81,-0.157417,-0.184678,-0.209228,-0.0333555
Q3TKT4,1349,-3.1409,-2.83421,-2.83635,-2.44422
Q3TKT4,1392,-0.345305,-0.366417,-0.336182,-0.0359137
Q3TKT4,1419,-0.069773,-0.186103,-0.187675,-0.819958
Q3TKT4,695,-0.0265239,0.0190115,-0.0353947,0.198024
Q3TLH4,102,0.872852,1.04972,0.926494,0.0210506
Q3TLH4,1516,0.115586,0.0379426,-0.0335675,-0.372607
Q3TLH4,1517,0.00825815,-0.103489,-0.190098,-0.41097
Q3TLH4,1541,1.81598,1.60464,1.41632,1.43792
Q3TLH4,1965,0.166773,-0.0285917,-0.0996986,-0.701453
Q3TLH4,2625,1.44195,1.34767,1.37402,1.46431
Q3TLH4,2634,0.371333,0.286998,0.277023,0.109168
Q3TLH4,2646,-0.0508064,0.0576525,0.00210929,0.503228
Q3TLI0,707,0.174607,0.23796,0.213087,0.6372
Q3TLR7,655,-0.353241,-2.26154,-0.926858,-1.85862
Q3TNL8,547,0.202161,0.307925,0.0625313,-0.434419
Q3TSG4,362,-0.155123,-0.0582343,-0.0918847,-0.265579
Q3TT38,215,-0.141445,-0.539529,-0.182427,1.93196
Q3TTA7,525,-0.760545,-1.25187,-0.982151,-1.00349
Q3TTA7,533,0.0980626,-0.128383,0.0399578,-0.284215
Q3TTA7,977,-0.179403,-0.386117,-0.391213,-0.809301
Q3TUF7,118,0.191616,0.0872271,0.120196,0.607777
Q3TUF7,120,0.218007,0.0861195,0.134641,-0.365438
Q3TWF6,641,-0.0676945,-0.0180792,-0.0843559,-0.233102
Q3TWL2,169,-0.143078,0.47821,0.365082,0.372329
Q3TWW8,119,0.148072,-0.197574,-0.22684,-0.942984
Q3TWW8,303,0.0313076,-0.0662233,-0.001269,-0.129792
Q3TWW8,316,0.00270459,-0.0962452,-0.125701,-0.45107
Q3TXS7,273,0.9268,0.875921,0.901194,0.00292554
Q3TYA6,379,0.271278,0.0939534,0.024843,0.913094
Q3TYA6,51,0.041785,0.169498,-0.0963955,-0.212012
Q3TYA6,85,0.152037,0.0487467,0.0747378,0.141653
Q3TYS2,168,0.0789878,0.106207,0.0383486,0.0189739
Q3TYS2,176,-0.290565,-0.551301,-0.616306,-0.29274
Q3TYS2,178,0.203198,0.311895,0.322869,0.870899
Q3TZX8,88,-0.160051,-0.49014,-0.487113,-0.71528
Q3TZZ7,600,-0.11451,-0.0568492,-0.0741185,0.0377518
Q3TZZ7,662,0.434472,0.664073,0.9652,1.22494
Q3TZZ7,682,0.114363,-0.0451509,-0.164493,0.935485
Q3U0J8,959,-0.0196892,0.286083,-0.035652,0.320914
Q3U0M1,953,0.847857,0.842281,0.86858,0.577204
Q3U0V1,182,0.117176,0.150503,0.108993,-0.287585
Q3U0V1,481,-0.0590675,-0.220401,-0.200281,-0.785485
Q3U0V2,186,-0.211851,-0.256045,-0.32657,-1.58486
Q3U108,458,0.089069,0.247402,0.176147,-0.285974
Q3U182,434,-0.292848,-0.18768,-0.25046,-0.0334067
Q3U182,457,0.086642,0.0458702,0.0408893,0.278098
Q3U182,490,-0.117546,0.189647,0.0219336,0.350469
Q3U1C4,229,0.817942,0.910004,0.855156,-0.138978
Q3U1F9,165,0.34112,-0.0684212,0.0027765,0.876957
Q3U1F9,173,0.033625,0.0296383,0.124853,0.383553
Q3U1F9,224,-0.296533,-0.640893,-0.813456,0.110434
Q3U1F9,293,0.237222,0.181017,0.268222,0.512295
Q3U1F9,351,0.177976,0.0218972,0.221405,0.418189
Q3U1F9,379,-0.0422967,-0.00627378,-0.0486354,0.00502961
Q3U1T3,197,1.06171,1.113,1.07855,1.58138
Q3U1T9,571,0.730638,0.85567,0.731476,0.46688
Q3U1T9,577,1.29699,1.0783,1.42368,0.997882
Q3U1T9,632,0.372173,0.53975,0.452285,0.743422
Q3U1Y4,736,0.211154,0.188318,0.252693,0.0731708
Q3U214,370,0.296034,0.364379,0.0996579,0.712759
Q3U214,732,-0.391068,0.170654,0.17244,0.396396
Q3U2S4,503,-0.482972,-0.88053,-1.11171,-2.46759
Q3U2S4,64,-0.443171,-0.655222,-0.899092,-1.80148
Q3U7R1,951,0.708722,0.731377,0.661666,0.276464
Q3U9G9,103,-0.695303,-0.662565,-0.571188,-0.761443
Q3U9G9,128,-0.0632636,-0.378872,-0.276362,0.349521
Q3U9G9,154,-0.616866,-1.19639,-1.01033,0.710286
Q3U9G9,67,-1.06916,-1.19361,-1.16963,-1.11144
Q3UB74,400,0.280269,0.441664,0.419415,0.604874
Q3UDW8,238,0.621879,0.895992,0.706807,0.24677
Q3UFK8,440,-0.19531,0.0157898,-0.112458,-0.454948
Q3UG20,531,-0.107027,0.0379485,-0.0543786,-0.085702
Q3UGS4,21,1.20526,1.11105,1.16898,0.533192
Q3UHC1,375,0.286272,0.31224,0.423466,0.660585
Q3UHX0,716,-0.00663456,0.0195539,-0.102591,-0.580252
Q3UHX2,18,0.449939,0.342332,0.374146,1.17784
Q3UHX2,57,0.264438,0.296255,-0.914008,-0.836839
Q3UHX9,378,0.694939,0.90876,0.703999,0.432035
Q3UIR3,558,0.298438,0.395337,0.461692,-0.137569
Q3UJB9,733,0.0112538,-0.0420508,-0.0534924,-0.078382
Q3UJU9,46,-0.0154013,-0.144231,-0.0697517,-0.580839
Q3UKC1,619,-0.746512,-1.15991,-1.11317,-1.1325
Q3UL36,264,0.0228432,-0.046662,0.105237,-0.324641
Q3UL36,75,0.0537667,0.0283327,0.0410566,0.178331
Q3UL36,92,0.913597,0.780184,0.701838,-0.0290549
Q3UM45,27,-0.14552,-0.0957981,-0.147214,-0.104987
Q3UMC0,244,1.6991,1.54392,1.76231,1.35321
Q3UMF0,1044,0.338221,0.939005,0.629307,0.0915762
Q3UMF0,1092,0.159189,0.568231,0.295867,-0.569801
Q3UMT1,411,-0.164993,-0.148138,-0.227477,-1.03892
Q3UMU9,367,-0.298458,0.0398114,-0.321296,0.377633
Q3UMU9,620,-0.0878688,-0.159521,-0.180403,-0.2289
Q3UMU9,659,0.217128,0.321608,0.154165,-0.217479
Q3UPL0,526,0.535332,0.335191,0.588596,0.77343
Q3UPL0,531,0.310704,0.144212,0.165192,-0.254978
Q3USH5,601,-0.139915,-0.0470519,-0.163208,-0.286864
Q3USH5,831,-0.216776,-0.126566,-0.186674,-0.0494682
Q3USH5,903,-0.0723614,-0.0223271,-0.0425608,-0.049374
Q3UTZ3,541,0.103188,0.43866,0.171928,0.650113
Q3UUV5,142,0.188026,0.256907,-0.059104,0.664959
Q3UW53,601,0.0550608,0.00664473,-0.108826,-0.525584
Q3UW53,690,0.213523,-0.210518,-0.090742,-0.745626
Q3UWL8,125,-0.109553,-0.285849,-0.368302,-0.716571
Q3UXZ9,204,0.210397,0.327796,0.27924,0.859908
Q3UYC0,113,0.789334,0.754289,0.819423,0.894418
Q3UYC0,123,-0.360897,-0.402999,-0.303561,-0.0796769
Q3UYV9,22,-0.106631,-0.149947,-0.0585936,-0.519757
Q3UZ39,16,0.43543,0.236855,0.414026,0.524283
Q3UZ39,302,1.74678,1.86166,1.96004,1.48069
Q3UZ39,348,0.211841,0.135001,0.208685,-0.274491
Q3UZ39,525,0.165405,0.157156,0.152195,0.31452
Q3UZ39,547,0.530846,0.388629,0.511891,1.33608
Q3UZ39,605,0.010848,-0.0154696,-0.0158501,-0.542137
Q3UZ39,649,1.38637,1.52815,1.75195,0.57843
Q3UZ39,658,0.544915,0.722098,0.877011,0.27782
Q3UZ39,88,0.0835579,0.109858,0.125078,0.195036
Q3UZ64,1066,1.13878,1.13838,1.45991,1.43038
Q3UZ64,345,0.370191,0.31469,0.540145,-0.293649
Q3UZ64,367,0.322168,0.460111,0.588737,0.957292
Q3UZA1,105,-0.360639,-0.330236,-0.0927854,0.374082
Q3UZA1,120,0.413731,0.404278,0.554946,1.47111
Q3UZA1,164,-0.00512657,-0.0059909,0.194186,-0.13002
Q3UZA1,179,0.00112016,-0.458104,0.0458433,0.0321497
Q3UZA1,216,0.760439,0.581104,0.783718,0.855998
Q3UZA1,246,1.04395,0.891988,1.07732,0.809934
Q3UZA1,333,0.638302,0.687896,0.832945,0.984398
Q3UZA1,380,1.34407,1.35457,1.78909,1.2293
Q3UZA1,68,-0.039285,-0.351768,-0.399882,-0.103588
Q3UZA1,83,-0.198812,-0.709071,-0.596752,-0.896458
Q3V1V3,156,-0.355212,-0.901881,-0.692518,0.885847
Q3V3R1,356,0.385376,0.377859,0.285281,-0.0999901
Q497V5,174,0.676186,-0.00648403,0.634771,4.16214
Q497V5,89,0.253948,0.57248,0.501993,0.985626
Q497V6,182,-0.428522,-0.273432,-0.349287,-0.916922
Q497V6,61,-1.49362,-1.57079,-1.44405,-1.93705
Q497V6,8,-0.622186,-0.0235195,-0.461546,-0.640375
Q4FK66,209,-0.0241607,0.0671922,0.000507815,0.00118191
Q4G0F8,493,-0.0481503,0.0803115,0.037578,-0.209482
Q4G0F8,690,-0.364806,-0.0892024,-0.293702,-0.191586
Q4JIM5,632,0.808972,0.966692,0.958923,0.821186
Q4JIM5,936,0.826754,1.15546,1.11773,0.451817
Q4QRL3,1350,0.585213,0.391686,0.467839,0.544626
Q4QRL3,1375,0.321772,0.370864,0.445695,-0.448283
Q4QRL3,1384,0.0549995,0.0640522,0.0277292,0.277716
Q4QRL3,1413,-0.0113813,-0.0213994,-0.104844,-0.100488
Q4QRL3,1449,-0.150081,-0.262576,-0.195159,0.134251
Q4QRL3,1480,0.725926,0.730583,0.745485,0.455064
Q4QRL3,441,0.706599,0.748314,0.689549,0.691475
Q4QRL3,446,0.644172,0.232898,0.585944,0.714606
Q4QRL3,656,0.911595,0.93023,0.780784,0.268109
Q4QY64,353,0.447743,0.251579,0.327793,-0.695359
Q4VA53,1166,0.336454,0.360846,0.471348,1.25741
Q4VA53,1182,-0.396371,-0.69224,-0.429369,0.727892
Q4VA53,1255,-0.0684338,-0.104554,-0.207382,-0.331557
Q4VA53,1281,-0.403041,-0.310366,-0.323649,1.41004
Q4VA53,1381,-0.081203,-0.114536,-0.186624,0.124713
Q4VA93,319,0.253766,0.277004,0.303699,-0.369566
Q4VAA2,131,-0.362341,-0.451375,-0.77548,-1.27246
Q501J6,520,-0.990396,-1.28507,-1.28594,-2.21228
Q501J7,118,-0.00818139,0.112298,-0.0168341,-0.0973831
Q501J7,457,0.431198,0.623002,0.0928906,0.0465165
Q505F1,203,-0.153235,-0.703591,-0.611017,-1.56481
Q505G8,686,-0.0890348,-0.506859,-0.241866,-0.131617
Q52KE7,341,0.130795,-0.213748,-0.134215,0.153426
Q52KE7,358,-0.0246907,-0.145009,-0.0221581,-0.0954904
Q52KE7,71,-0.0631948,-0.254092,-0.373228,-1.08096
Q52KI8,220,-0.0241093,0.023286,-0.00412402,-0.214688
Q52KI8,260,-0.133403,-0.113931,-0.104481,-0.303317
Q52KI8,378,-0.102834,-0.0298505,-0.181277,-0.270134
Q52KI8,391,0.611255,0.844124,0.958597,0.43328
Q52KI8,412,-0.163666,0.111455,-0.43558,-0.693638
Q52KI8,429,0.0880655,0.194432,-0.139418,-0.595416
Q52KI8,448,-0.165611,-0.0518196,-0.130019,-0.234893
Q52KI8,461,0.0371599,-0.00853404,-0.131174,-0.757758
Q52KI8,550,-0.0238279,0.0125784,-0.0457451,-0.123793
Q52KI8,616,-0.0273919,0.0591125,-0.0300291,0.00047919
Q52KI8,635,-0.153944,-0.0900544,-0.223038,-0.574875
Q52KI8,657,-0.182593,-0.020201,-0.0421014,-0.306827
Q52KI8,664,0.0572143,0.0782302,-0.0386441,-0.229471
Q52KI8,672,-0.0374335,0.0356378,-0.0373204,-0.228444
Q52KI8,674,0.0318341,0.163194,0.0664983,-0.197664
Q52KI8,684,0.183954,0.0897191,0.11138,0.161527
Q52KI8,694,-0.0839887,-0.0426769,-0.0866147,-0.25796
Q52KI8,714,-0.124584,-0.0520835,-0.106816,-0.141086
Q52KI8,731,-0.332514,-0.33014,-0.359018,-0.863554
Q52KI8,733,0.314048,0.350942,0.196278,-0.0963712
Q52KI8,779,-0.173933,-0.0784338,-0.119211,0.00134996
Q52KI8,797,0.0913883,0.163112,0.0293146,-0.428952
Q52KI8,838,0.907452,1.34925,1.43304,1.07432
Q52KI8,915,-0.200683,0.00507185,-0.182471,-0.992548
Q52KI8,943,-0.139824,-0.061948,-0.048003,-0.226682
Q569Z6,119,-0.0548875,-0.20418,-0.146276,-0.167461
Q569Z6,238,-1.06539,-0.942206,-0.832125,-0.987903
Q569Z6,243,-0.096401,-0.130377,-0.116738,-0.0852724
Q569Z6,248,-0.0721866,-0.135383,-0.081406,-0.204916
Q569Z6,253,0.364347,0.167213,0.245582,0.261225
Q569Z6,320,-0.297113,-0.346975,-0.288455,-0.69442
Q569Z6,379,-0.220662,-0.243389,-0.077579,0.514637
Q569Z6,405,-0.089128,-0.207078,-0.171817,-0.492911
Q569Z6,532,0.0866381,0.0572121,0.0473489,-0.149594
Q569Z6,55,0.223786,0.38368,0.23685,0.143163
Q569Z6,557,-1.37647,-1.34632,-1.43991,-1.09226
Q569Z6,572,0.269201,0.076272,0.0824442,-0.424696
Q569Z6,669,-0.0689519,-0.137311,-0.104822,-0.30336
Q569Z6,679,-0.033402,-0.0661268,-0.0506422,-0.156371
Q569Z6,915,0.364059,0.372347,0.318535,0.734704
Q569Z6,935,0.162116,0.107871,0.100084,-0.16918
Q571I4,671,-0.43652,-0.471874,-0.480949,0.208232
Q571I4,704,-0.200851,-0.246382,-0.0715938,0.455556
Q58A65,365,0.724047,0.718051,0.662225,0.813251
Q58A65,730,0.301695,0.249896,0.245829,0.355236
Q58A65,733,-0.600194,-0.602573,-0.753578,-0.600971
Q5BLK4,645,0.182539,-0.175162,0.108121,-0.261131
Q5BLK4,705,0.337854,0.265581,0.288016,0.99193
Q5DTM8,138,-0.0490741,0.074266,-0.0665827,-0.0121914
Q5DTM8,526,-0.548083,-0.29311,-0.596596,-0.962286
Q5DTT3,1430,-0.246817,-0.130199,-0.329336,-0.430341
Q5DTT3,1863,-0.0894075,0.0408808,-0.132588,0.645725
Q5DTT3,1990,-0.115547,-0.106188,-0.0879472,0.176411
Q5DTT3,668,-0.218073,0.0897946,-0.271663,-0.402037
Q5DTW7,1482,-0.326856,-0.291278,-0.215692,-0.23248
Q5DTW7,1514,-0.156196,-0.199583,-0.333575,-0.85761
Q5DU09,215,-0.26252,0.391294,-0.214431,0.24568
Q5DU09,57,-0.403763,0.791512,-0.0577525,1.13271
Q5DU31-2,164,0.990359,0.974805,0.804786,0.764234
Q5DU31-2,303,0.850758,1.07151,1.21156,0.663648
Q5DU31-2,328,1.79579,1.55149,1.29762,0.90289
Q5EG47,183,-0.0921802,-0.0374835,0.0662363,-0.14649
Q5EG47,508,0.0660417,-0.28148,-0.0696365,-0.583651
Q5F2E7,213,0.0768705,0.13897,0.207702,0.17719
Q5F2E7,626,0.400864,0.430262,0.389175,-0.0418295
Q5F2E7,649,-0.147841,0.0163497,-0.0558754,-0.705523
Q5FWK3,223,0.301043,0.291287,0.26394,0.0868931
Q5FWK3,51,0.256445,0.127119,0.227399,-0.310265
Q5HZG4,183,-0.0825851,-0.128384,-0.203818,-0.384415
Q5HZG4,229,0.411478,0.321572,0.388693,0.573562
Q5HZG4,243,0.132869,0.0051264,-0.33206,0.117528
Q5HZG4,278,-0.194644,-0.264847,-0.30384,-0.0325584
Q5HZG4,291,-0.486691,-0.540518,-0.500784,-0.244022
Q5HZG4,797,0.26764,0.308246,0.358425,0.395471
Q5HZJ0,301,-0.460866,-0.647046,-0.685695,-1.74771
Q5NCJ1,1102,-0.252507,-0.0994049,-0.195219,-0.0950934
Q5NCJ1,1165,0.904589,0.858136,0.882565,0.521148
Q5NCJ1,1506,0.598469,0.766983,0.798207,1.63236
Q5NCJ1,230,0.355505,0.464725,0.262875,0.400034
Q5NCR9,33,0.100882,0.153253,-0.0685873,-0.150368
Q5ND34,1570,0.623968,0.579414,0.590066,1.32216
Q5PSV9,1056,-0.164726,-0.499039,-0.395807,-0.468958
Q5PSV9,1480,-0.144753,0.0517641,0.120469,1.45165
Q5PSV9,168,-0.0209736,0.0608281,-0.0623497,-0.0213061
Q5PSV9,325,0.148578,0.183398,0.0370068,0.132299
Q5PSV9,595,0.0547468,0.253582,0.285348,0.151911
Q5PSV9,623,-0.0697334,-0.0811151,-0.163241,-0.776886
Q5PSV9,782,-0.473863,-0.310721,-0.35933,-0.154593
Q5PSV9,929,0.335314,0.347737,0.338705,1.2569
Q5SFM8,566,1.27206,1.30103,1.0092,1.00993
Q5SPL2,670,0.349476,0.369924,0.48297,0.965205
Q5SSH7,1515,0.297586,0.244112,0.435428,0.828867
Q5SSH7,1538,-0.155304,-0.470319,-0.277095,-0.134944
Q5SU73,146,-0.266867,-0.537377,-0.295115,-0.0202197
Q5SU73,171,-0.120034,-0.268001,-0.398927,-1.25595
Q5SU73,233,0.789158,0.848185,0.806438,0.679337
Q5SUA5,544,0.0543843,0.0575047,0.111906,-0.349636
Q5SUF2,395,-0.0796878,-0.0102416,-0.00577515,-0.279919
Q5SUR0,619,0.1666,0.0961205,-0.0476452,-0.600268
Q5SV85,576,0.418751,0.297902,0.456999,0.449955
Q5SV85,744,0.292736,0.442341,0.304048,0.489359
Q5SV85,801,-0.602898,-0.639012,-0.81453,-0.549707
Q5SV85,804,-0.328233,-0.5779,-0.464352,-0.256014
Q5SV85,974,-0.257735,-0.433226,-0.445258,-0.250061
Q5SVQ0,59,0.0297492,-0.050418,0.333873,0.984213
Q5SVR0,997,1.95514,2.08938,2.22843,1.79837
Q5SW28,451,-0.127146,-0.372035,-0.342677,-0.192978
Q5SW75,1422,0.144856,0.361409,0.233205,0.0642996
Q5SW75,486,0.156154,0.288133,0.364792,0.283372
Q5SWT9,461,-0.0714454,-0.078984,-0.494284,-0.894797
Q5SWT9,73,-0.0620582,0.205196,0.0073674,0.67414
Q5SWT9,83,-0.0874395,0.060797,-0.0947588,0.0364979
Q5SWU9,79,-0.16098,-0.333553,-0.225456,0.256952
Q5SWW4,399,0.818079,1.10017,0.887708,0.0673766
Q5SWW4,889,-0.00497833,-0.0929864,-0.00973274,0.0706283
Q5U3K5,377,0.340502,0.28161,-0.145354,-0.493412
Q5U4C3,510,-0.176196,-0.510192,-0.0671313,-0.507646
Q5U4C3,821,0.110614,0.113713,0.11642,-0.00147077
Q5U4C3,912,0.055687,0.178633,0.0573803,-0.00227387
Q5U4C3,923,-0.0329518,-0.039843,0.0340245,-0.114632
Q5U4C3,936,0.0932926,-0.188457,0.0860486,-0.17278
Q5U4C3,948,0.35895,0.268936,0.365883,0.135574
Q5UAK0,487,-0.605436,-0.676684,-0.548236,-0.789814
Q5XF89,813,-0.199235,-0.180043,-0.142619,-0.438102
Q5XJE5,179,0.0703626,-0.124675,-0.0432207,-0.24123
Q5XJE5,189,-0.109041,-0.236675,-0.146379,-0.124923
Q5XJE5,206,-0.0225409,-0.125696,-0.104153,-0.203733
Q5XJE5,280,0.862483,1.00558,0.920509,0.367614
Q5XJE5,631,0.115697,0.152101,-0.182615,-0.118677
Q5XJE5,659,0.127063,0.141376,0.0397618,-0.0475977
Q60520,1113,0.155059,0.225753,0.159656,0.0241471
Q60591,136,0.468033,0.75763,0.731144,1.01446
Q60591,219,-0.10972,-0.263106,-0.0638187,-0.0488216
Q60591,249,-0.128646,-0.0271275,-0.013683,-0.167586
Q60591,270,0.565753,0.534265,0.643731,0.982591
Q60591,54,0.630989,0.745692,0.847612,0.633136
Q60591,860,0.56432,0.727812,0.814558,0.87501
Q60611,38,-0.596002,-0.573818,-0.715185,-0.629808
Q60611,47,-0.163825,-0.139047,-0.181895,-1.15243
Q60611,638,-0.0991341,-0.00242748,0.0165994,0.324674
Q60668,127,0.369033,0.377177,0.028233,-0.305232
Q60668,190,0.0523835,0.0433123,0.063585,-0.160546
Q60668,83,-0.00322813,-0.0745897,-0.31933,-0.681966
Q60677,1163,0.0494551,-0.0164145,0.0505289,0.2968
Q60710,310,0.162541,-0.0732893,0.16908,2.17462
Q60710,52,0.0686735,0.0150567,0.0677422,0.692574
Q60710,56,0.790968,0.49153,0.706665,1.28755
Q60710,634,0.0978999,-1.21567,0.467289,4.03506
Q60775,334,-0.260809,-0.235983,-0.262868,-0.243646
Q60778,346,0.298351,0.0825114,-0.031236,-0.605354
Q60790,809,0.917517,1.18412,0.964461,0.637355
Q60790,90,0.282173,0.595307,0.19449,-0.46202
Q60848,498,-0.163328,0.747379,-0.372567,-2.53351
Q60855,313,0.789745,0.88779,0.692141,0.207387
Q60865,304,-0.746299,-1.01607,-1.03316,-1.55757
Q60875,151,0.501754,0.362417,-0.0601723,-0.840692
Q60875,174,0.265821,0.276779,-0.14111,-0.983792
Q60875,646,0.140072,-0.0354318,-0.132079,-0.789816
Q60875,931,-0.0314137,-0.152936,-0.273315,-1.34106
Q60898,260,0.454628,0.247139,-0.561791,-0.133609
Q60902,229,0.484282,0.517526,0.620173,0.553372
Q60902,375,-0.278863,-0.822977,-0.526695,-0.377886
Q60930,116,0.221779,0.203603,0.361268,0.628522
Q60932,117,0.0273572,-0.0907296,-0.0168175,0.192922
Q60949,1242,0.184112,0.0554073,0.0682608,-0.0948069
Q60949,231,-0.262349,-0.168361,-0.2151,0.0631468
Q60953,17,-0.126486,-0.231382,-0.109385,-0.0031325
Q60953,503,0.168222,0.046679,-0.0752878,-0.700975
Q60953,515,-0.140505,0.0243,0.0258215,0.510592
Q60953,528,0.0346488,0.365172,0.210243,0.441389
Q60953,556,0.393481,0.249236,-0.0463229,0.545231
Q60953,557,-0.398011,-0.0486172,-0.124719,0.293585
Q60953,609,-2.4149,-2.19435,-2.19507,-1.18832
Q60973,145,0.63663,0.856823,0.938099,0.5697
Q60980,249,0.204809,0.0869954,0.0382311,0.264587
Q60980,71,0.168244,0.234583,0.231234,1.09173
Q60I26,636,-0.0422365,-0.304376,-0.0194128,0.108296
Q61026,565,-0.888121,-1.19834,-0.845112,-0.296642
Q61026,698,-0.136979,-0.0197596,-0.0865933,-0.185422
Q61026,736,-0.0329564,0.0421323,-0.0320538,-0.189774
Q61029,159,0.0838768,0.0981072,0.0209276,-0.607081
Q61029,207,0.0989047,0.0778465,0.180205,-0.970954
Q61029,288,-0.233812,-0.110865,-0.197831,0.209462
Q61029,361,0.138263,0.21643,0.214002,0.93509
Q61029,384,-3.65936,-3.24901,-3.2678,-1.4638
Q61029,66,-0.260823,-0.272777,0.0182464,0.843124
Q61029,67,-0.206203,0.124049,0.202714,0.962915
Q61029,74,-0.550402,-0.741593,-0.884197,-1.08108
Q61029,82,-0.111446,0.106724,-0.0232311,-0.508584
Q61043,136,0.092836,-0.0108551,0.279163,0.306048
Q61043,1921,0.00658299,-0.0416282,0.149245,0.560344
Q61074,524,2.27816,2.32256,2.30901,1.52423
Q61084,176,-0.0138409,0.117629,-0.0980134,0.0168831
Q61084,316,0.417607,0.637607,0.428026,0.787349
Q61084,355,-0.770462,-0.841559,-0.948585,-1.38334
Q61097,320,0.823079,0.54748,0.664241,0.120519
Q61103,142,0.374853,0.249426,0.188155,0.104112
Q61103,248,1.09381,0.913619,0.987011,0.612846
Q61127,162,-0.0022625,-0.155361,-0.196956,-0.486379
Q61127,171,-0.528137,-0.675997,-0.738203,-1.12959
Q61127,6,0.172834,0.281916,0.085657,-0.364832
Q61136,21,-0.0142421,-0.280873,-0.196534,-0.496559
Q61136,233,0.186556,0.388619,0.315478,0.639643
Q61136,258,-0.0574698,-0.104781,-0.145883,-0.0568586
Q61136,278,0.0146387,-0.0891036,-0.0503479,-0.195854
Q61136,294,-0.0326196,-0.190656,-0.122251,-0.224623
Q61136,335,0.00331146,-0.0285024,-0.00392605,0.256948
Q61136,387,-0.121512,-0.100828,-0.124852,-0.197242
Q61136,431,-0.123965,-0.201646,-0.122185,-0.259005
Q61136,443,-0.0617807,-0.0770987,-0.179823,-0.245897
Q61136,445,-0.0617807,-0.0770987,-0.179823,-0.245897
Q61136,849,0.192013,0.125723,0.0445381,0.386364
Q61136,88,-0.107545,-0.340878,-0.238588,-0.388082
Q61136,94,0.0419402,-0.152565,-0.0810405,-0.346016
Q61142,124,-0.555606,-0.689005,-0.796825,-0.412355
Q61160,191,0.671979,0.849054,0.78838,0.690796
Q61160,204,0.402096,0.461223,0.47403,0.682408
Q61161,328,0.868585,0.918534,0.971715,0.654403
Q61165,697,-0.080097,-0.0669336,-0.0424366,-0.220161
Q61165,707,0.0667071,0.234925,0.196576,-0.418995
Q61165,801,0.101434,-0.118118,0.03767,-0.0963845
Q61183,545,-0.104568,-0.260864,-0.350849,-0.32992
Q61183,617,2.24529,2.27714,2.21255,1.69161
Q61188,367,0.29672,0.311176,0.193315,-0.496422
Q61188,416,-0.0731922,-0.136289,-0.0847093,-0.268059
Q61188,487,0.0265909,0.222314,-0.101036,-1.29404
Q61191,1516,0.309822,0.211757,0.397673,0.262307
Q61191,2030,0.433801,0.471784,0.431878,0.928905
Q61191,411,0.061551,0.0514383,-0.0752762,-0.0415878
Q61191,598,-0.232792,-0.31693,-0.403042,0.132609
Q61191,666,-0.965117,-0.938366,-1.02398,-0.402274
Q61191,794,-0.298708,-0.318268,-0.279158,-0.423545
Q61210-5,399,-0.349896,-0.155859,-0.200602,-0.651359
Q61210-5,412,-0.205817,-0.279986,-0.296928,-0.22557
Q61210-5,432,-0.362405,-0.33296,-0.314668,-0.0715874
Q61216,2,0.117813,0.237397,0.152038,0.130882
Q61216,686,-0.0104912,-0.0782455,-0.105797,-0.0791865
Q61233,257,-0.0596167,-0.19075,-0.252409,-0.709267
Q61233,290,0.0913714,0.318421,0.153986,0.136204
Q61233,474,-0.262548,-0.378037,-0.38268,-0.127435
Q61233,5,1.1113,1.25332,1.22771,0.731972
Q61233,598,0.0681945,-0.0357212,-0.131115,0.212864
Q61233,7,0.542611,0.748481,0.646259,0.760002
Q61286,583,-0.828636,-1.16763,-0.972968,-1.79006
Q61382,426,0.284029,0.350283,0.182846,-0.119679
Q61409,296,-0.342498,-0.353176,0.160192,0.823947
Q61457,385,0.197858,0.315446,-0.192352,-1.70487
Q61457,393,0.21177,0.367011,0.375015,-0.259527
Q61532,189,-0.810955,-1.082,-1.01149,-0.823506
Q61599,144,0.40744,0.652322,1.04864,2.03398
Q61624,150,-0.115663,0.0760682,-0.0563288,0.249414
Q61624,297,0.0267219,-0.0665073,-0.291965,0.206955
Q61624,410,0.310207,0.298154,0.170147,0.208953
Q61624,412,0.283081,0.137215,0.139495,0.172043
Q61624,665,-0.588574,-0.767928,-0.743019,0.401437
Q61624,783,-0.133719,-0.0167968,-0.011034,0.0652878
Q61656,30,-0.861074,-1.09046,-1.19837,-1.69663
Q61686,14,-0.215786,0.159522,0.486147,1.48695
Q61686,93,-0.654295,-0.607658,-0.774916,-1.35802
Q61687,1041,-0.101056,-0.361245,-0.11821,-0.126457
Q61687,1512,-0.0411744,0.0197459,0.149161,2.08527
Q61687,590,0.0604957,-0.11041,0.0123284,2.3031
Q61687,626,-0.0366737,0.296242,0.16281,0.210622
Q61687,912,-0.129491,-0.0141463,-0.191789,0.652867
Q61687,92,0.162109,0.129987,0.109401,0.200339
Q61699,568,-0.109014,-0.384695,-0.53909,-2.05244
Q61699,810,-0.07471,0.040053,-0.095558,0.166868
Q61792,104,0.623211,0.614138,0.922819,1.32388
Q61818,687,-0.815626,-0.747395,-0.670843,-0.924268
Q61818,875,0.0511132,0.21038,0.0432977,0.149224
Q61823,457,1.03407,0.939547,0.969807,1.75476
Q61823,76,1.54116,1.16345,1.41709,2.27084
Q61823,94,-0.0885861,-0.213416,-0.258845,-0.0557401
Q61827,127,-0.728401,-1.36978,-1.04317,1.57375
Q61827,25,-0.358304,-0.438437,-0.705837,-0.195409
Q61846,521,0.24373,0.949021,-0.0932877,-1.55397
Q61937,125,-0.0343716,0.276803,0.189323,0.104578
Q61937,198,0.126978,-0.351922,-0.054329,1.57258
Q61937,217,0.0456594,-0.873769,-0.245735,1.49335
Q61937,240,-0.206847,-0.105106,-0.279667,-0.367449
Q61937,241,-0.202993,-0.346887,-0.373571,-0.367914
Q61937,252,0.1248,-0.188696,-0.185662,0.537158
Q61937,258,0.0258745,-0.0779639,-0.29682,-0.905543
Q61937,70,0.137213,-0.187781,-0.25014,0.655245
Q61937,88,0.168118,0.151308,0.156345,-0.339085
Q61990,185,0.243831,0.127191,0.216347,0.207038
Q61990,362,-0.200304,-0.288332,-0.363614,-0.945538
Q62018,970,-0.0835927,0.113303,-0.081361,0.210456
Q62048,116,0.104012,0.0940088,0.121941,0.585332
Q62077,1221,0.812929,1.00676,0.798703,0.8752
Q62077,1248,-0.31542,-0.103341,-0.0105076,-0.447339
Q62084,143,-0.616279,-0.890934,-0.62789,0.155504
Q62093,191,0.0908396,0.0687753,0.0517713,0.0107727
Q62093,208,0.029915,0.135881,0.198651,0.450994
Q62093,220,-0.445398,-0.599834,-0.609691,-0.171701
Q62093,221,-0.422858,-0.569089,-0.434563,-0.0571054
Q62093,26,-0.00989488,0.163801,-0.162894,-1.12488
Q62167,594,0.160958,0.0544198,-0.0645242,-0.616664
Q62167,612,-1.44057,-1.54661,-1.54502,-1.75516
Q62167,90,-0.584997,-0.703778,-0.882608,-1.57408
Q62170,345,0.353118,0.632943,0.884621,0.539996
Q62170,391,0.358863,0.660336,0.839517,0.263201
Q62172,116,-0.313627,-0.0277051,-0.310159,0.0244012
Q62172,29,0.0413483,0.153887,-0.139501,0.132924
Q62172,463,0.546002,0.665753,0.349454,0.602475
Q62179,816,0.0619878,0.0687786,0.354332,-0.386385
Q62187,845,0.0729644,0.260855,0.385734,0.371347
Q62261,2102,0.0714113,-0.00232228,0.056164,0.011089
Q62261,2137,0.403894,0.450807,0.614251,0.931787
Q62261,2164,-1.47403,-1.39147,-1.47348,-1.55311
Q62261-2,14,1.54221,1.72704,1.81763,0.823246
Q62261-2,7,0.687475,0.885955,1.04851,0.738548
Q62311,673,-0.0655989,0.0324165,0.119453,0.38373
Q62312,578,-0.0872668,-0.116281,-0.224912,0.0195661
Q62318,473,-0.764632,-0.942322,-1.08493,-1.53819
Q62318,594,0.0356281,0.149636,-0.0218429,-0.37413
Q62318,683,-0.483288,-0.55417,-0.643424,-0.858898
Q62318,752,0.0731358,0.0393738,-0.0333654,-0.363878
Q62318,757,0.127478,0.138503,0.0790731,-0.116836
Q62376,226,-0.367825,-0.500406,-0.483628,-0.223805
Q62376,408,-0.0344431,-0.0120629,-0.0699785,-0.357197
Q62383,125,0.0255257,0.0551625,-0.0932282,-0.603835
Q62383,1532,0.204699,0.276889,0.250995,-0.470979
Q62388,1987,0.264018,0.419537,0.469497,1.02393
Q62418,291,1.75554,1.78644,1.79485,1.01105
Q62418,299,-0.944835,-0.501643,-0.444128,-0.0599603
Q62419,288,-0.680377,-0.807581,-0.947745,-0.767867
Q62422,214,0.0824415,0.536014,0.0729091,0.738045
Q62433,330,0.558763,0.280857,0.165196,0.269014
Q62441,208,-0.20007,-0.111024,-0.3567,-0.221884
Q62441,245,-0.13348,-0.179654,-0.353533,-0.504749
Q62523,336,1.57733,1.6039,1.58,0.364042
Q63932,395,0.100139,0.0111163,0.0893053,0.0665139
Q63943,121,-1.75846,-1.91492,-1.8763,-1.68512
Q63943,180,-0.256741,-0.48919,-0.326236,-0.119
Q63943,231,-0.222884,-0.10835,-0.191469,-0.105015
Q63ZW7,524,-0.0374925,0.0859977,0.099788,0.0724972
Q640M1,567,-0.0465569,-0.131921,-0.201994,-0.852353
Q64131,14,-0.300714,-0.363655,-0.425764,-0.0978758
Q64131,212,-0.822441,-0.747025,-0.765839,-0.322976
Q64213,82,1.15214,0.780857,1.42605,2.00912
Q64282,107,-0.259537,-0.356425,-0.211944,0.874291
Q64318,657,-0.344879,-0.272307,-0.387557,-0.18765
Q64337,24,0.303253,0.132341,-0.0984494,-0.299007
Q64337,272,-0.100337,-0.0572353,-0.164055,-0.391299
Q64337,363,-0.77981,-1.04078,-0.91954,-0.426437
Q64511,1269,0.603019,0.497031,0.855275,1.3118
Q64511,1280,1.9637,1.88046,1.76762,1.11691
Q64511,1305,0.746279,0.492433,0.189558,0.240916
Q64511,1387,0.0163184,-0.0637326,-0.0520129,-0.430018
Q64511,1400,-0.164358,-0.320514,-0.449756,0.0199125
Q64511,1418,0.282646,0.262669,-0.0247066,2.32855
Q64511,1453,-0.27196,0.0113428,-0.206004,0.343136
Q64511,1458,0.0935697,0.0096534,-0.274401,-0.607627
Q64511,1460,0.0158998,0.143229,-0.473587,-0.704189
Q64511,1539,-1.31999,-1.42763,-1.33138,-1.05877
Q64701,369,0.32667,0.182173,0.415511,1.05259
Q64735,454,-0.752706,-0.619154,-1.16667,-1.38321
Q64735,460,-0.114489,-0.0830857,-0.194741,-0.0932033
Q64735,477,-0.101958,-0.0875807,-0.167539,-0.0259023
Q64735,483,-0.0794051,-0.056703,-0.324043,-0.201159
Q65Z40,226,-0.108446,-0.285907,-0.260943,-1.0551
Q67FY2,116,0.644487,0.471575,0.674835,1.16594
Q67FY2,118,-0.567897,-1.09137,-0.992705,-0.535932
Q67FY2,21,0.539165,0.428798,0.414747,1.09811
Q67FY2,747,0.160876,0.0662079,0.161376,0.82996
Q67FY2,931,0.382912,-0.205421,0.0788999,0.876108
Q67FY2,951,0.424683,0.294741,0.392694,1.28908
Q67FY2,972,0.285831,0.0399634,0.0482039,0.730873
Q67FY2,994,0.137651,-0.234436,-0.365089,0.628956
Q68FL4,109,0.68143,0.745195,0.621011,-0.346775
Q69Z38,1410,-0.176533,-0.453355,-0.36873,-0.545304
Q69Z38,584,0.53427,0.489008,0.414689,-0.140658
Q69ZA1,1245,0.0612968,-0.0232845,0.0521884,0.202072
Q69ZA1,384,-0.0559548,0.213717,0.109238,0.417002
Q69ZA1,495,-0.0725165,-0.175363,-0.0735878,0.895151
Q69ZA1,871,-0.0678768,0.0384702,-0.145799,-0.914369
Q69ZC8,104,-0.0168307,0.08311,0.0790689,0.109421
Q69ZF7,661,0.237449,0.0152494,-0.199645,-0.520122
Q69ZF8,566,0.416467,0.29608,0.257585,0.433896
Q69ZK0,1191,0.304622,0.313235,0.220701,0.698833
Q69ZK6,436,-0.0676208,0.195412,-0.0820582,-0.00953061
Q69ZR9-2,1108,0.348277,0.590384,0.390772,-0.0900732
Q69ZR9-2,333,-0.859878,-0.683493,-0.786374,0.241578
Q69ZR9-2,836,0.0132179,0.144081,-0.0447009,0.0468412
Q69ZR9-2,910,0.00857173,0.282183,-0.115621,-0.00417674
Q69ZR9-2,962,0.115303,0.00166571,0.0811795,0.146456
Q69ZX6,614,0.0610563,0.0826122,0.0205542,-0.0215036
Q69ZZ6,378,0.177473,-0.0335207,0.00294989,-0.117238
Q6A026,1207,-0.389,-0.566067,-0.310748,1.16742
Q6A026,1274,2.09746,2.11425,2.06763,1.45626
Q6A065,829,-0.0863667,-0.176862,-0.191185,-0.602049
Q6A0A2,603,-0.14681,-0.09797,-0.185815,-0.335121
Q6A0A2,628,0.819116,0.5394,0.73088,0.000163049
Q6A0D4,174,0.27998,0.343303,0.286039,0.00461511
Q6A0D4,199,0.171816,0.0781393,0.090513,-0.643581
Q6A0D4,241,0.567489,0.710514,0.758373,-0.176357
Q6DFW4,407,-1.97182,-2.07874,-1.94918,-2.3296
Q6DFW4,509,0.0485524,-0.0184115,0.026318,-1.15418
Q6DFW4,521,0.325392,0.185937,0.46751,1.20323
Q6DID3,447,-0.188556,-0.23102,-0.203294,-0.112206
Q6DID3,617,0.112372,0.133596,0.168362,0.180758
Q6DID5,228,1.137,1.40673,1.35619,1.57513
Q6DVA0,507,0.109518,0.047598,0.0732826,0.545545
Q6GQX2,473,0.242835,0.327716,0.257571,0.169474
Q6GQX2,760,0.408233,0.420059,0.482833,0.414906
Q6GYP7,753,-0.289929,-0.256398,-0.231673,-0.333488
Q6GYP7,772,0.312125,0.304916,0.399682,0.451793
Q6GYP7,796,0.372202,0.381111,0.185459,0.105224
Q6GYP7,859,-0.0969222,0.0365641,-0.0774295,0.184361
Q6IE82,578,-0.216822,0.0731896,-0.422601,-0.630606
Q6J1H4,15,-4.6583,-5.46971,-5.96864,-6.18663
Q6J1H4,48,-4.43605,-4.89462,-5.19709,-5.19848
Q6J1H4,54,-4.52971,-5.04782,-5.37576,-5.06877
Q6JPI3,918,-0.110173,0.00787954,-0.137247,-0.421699
Q6KAQ7,613,-0.0293719,0.469628,0.0559825,-0.114757
Q6KCD5,1071,-0.267785,-0.563629,-0.544639,-1.06794
Q6KCD5,2477,0.158739,0.21811,0.122564,0.166599
Q6KCD5,2652,0.0740767,0.0636422,0.0358749,0.275297
Q6KCD5,318,0.0451527,0.165091,0.157558,0.753884
Q6KCD5,350,-0.0504959,-0.00385883,-0.0251357,0.86285
Q6KCD5,724,-0.00736913,-0.118309,-0.284084,-0.684402
Q6NS46,1468,1.08051,1.14566,0.99302,0.725424
Q6NS46,1490,0.0889156,0.0727196,-0.190267,0.177623
Q6NS82,325,-0.511257,-0.456776,-0.751605,-0.816822
Q6NV99,451,-0.217748,0.00548854,-0.232564,-0.239934
Q6NV99,500,0.20847,0.2087,-0.0144289,-0.179126
Q6NV99,849,0.791016,1.02505,0.771969,0.0297876
Q6NVE8,221,-0.567571,-0.336418,-0.332585,-0.227695
Q6NVE8,351,-0.227688,-0.276371,-0.212382,-0.0326533
Q6NVE8,50,0.467623,0.279261,0.301667,0.272189
Q6NVE8,563,0.136793,0.506283,0.203675,-0.0890339
Q6NVF4,1015,-0.337209,-0.651396,0.0577105,2.49
Q6NVF4,1026,0.519003,0.349866,0.25727,1.01634
Q6NVF4,946,0.141332,0.145762,0.144904,0.394135
Q6NXI6,1117,-0.249395,-0.223883,-0.209222,-0.195432
Q6NXI6,392,-0.0927399,-0.0871409,-0.062203,-0.193293
Q6NXI6,504,-0.000317,0.0347691,0.100481,0.192565
Q6NXI6,612,-0.110548,-0.101369,-0.081633,0.249386
Q6NXI6,633,0.0876781,-0.0838096,0.0043193,0.233764
Q6NXI6,751,-0.184626,-0.246055,-0.374813,-0.206497
Q6NXI6,777,0.426458,0.624415,0.538545,0.770335
Q6NXN1,107,0.218223,-0.0394581,-0.256759,-0.709789
Q6NXN1,39,-0.0406418,-0.0967448,-0.125492,-0.261554
Q6NZB0,35,-0.970679,-1.26679,-1.23287,-1.68915
Q6NZF1,289,-0.810308,-0.930466,-0.788088,-1.22797
Q6NZF1,312,-0.633692,-0.81119,-0.653312,0.652696
Q6NZF1,644,2.17496,2.18824,2.20008,0.914833
Q6NZF1,677,0.629621,0.220255,0.700097,2.45269
Q6NZF1,740,-0.13454,-0.161524,-0.111111,0.18119
Q6NZJ6,1211,-0.668887,-1.07785,-0.985398,-0.72764
Q6NZJ6,1231,0.558177,0.567599,0.505577,0.00710532
Q6NZJ6,1597,0.0924242,-0.0780354,0.168499,0.230284
Q6NZM9,245,0.320613,0.311673,0.269833,0.289725
Q6NZM9,264,0.61127,0.584183,0.41011,0.41471
Q6NZM9,629,0.215322,0.0946963,0.0992697,-0.0190333
Q6NZN1,1059,-1.10065,-1.91826,-1.96475,-0.728381
Q6NZQ6,19,-0.092136,0.220689,-0.0431389,0.0282306
Q6NZR2,436,0.0518688,-0.0253039,0.199027,-0.135236
Q6NZR2,48,-0.10899,0.0545148,0.109948,0.463591
Q6NZR5,240,0.14796,-0.0751478,-0.0926706,-0.380763
Q6NZR5,253,0.0557114,-0.0101877,-0.017761,-0.121481
Q6NZR5,890,1.07333,1.33252,1.39178,0.433905
Q6P1G0,23,0.189864,0.13174,-0.10306,-0.571332
Q6P1G2,1004,-0.295094,-0.237006,-0.336255,-0.339213
Q6P1H6,820,0.646415,0.889957,0.754574,-0.0644851
Q6P1Y8,470,0.526606,0.537973,0.518703,-0.0183613
Q6P2L6,478,1.404,1.19122,0.973977,0.493471
Q6P2L6,547,-0.129324,-0.0480011,-0.135484,0.193415
Q6P2L6,585,0.292459,0.45659,0.246588,-0.136031
Q6P3Y5,532,0.13752,0.365039,0.238473,-0.169211
Q6P4S6,163,-0.187308,-0.52611,-0.542313,-1.06095
Q6P4S6,616,-0.491263,-0.552043,-0.387566,-0.586263
Q6P4S6,856,-0.446193,-0.544799,-0.632845,-0.969248
Q6P4S8,104,-0.272849,-0.245887,-0.256682,-1.1248
Q6P4S8,307,0.24729,0.334252,0.26061,-0.358911
Q6P4S8,83,-0.423774,-0.266287,-0.313826,-0.611266
Q6P4T2,225,-0.0171141,-0.0454858,-0.12183,-0.214632
Q6P542,103,-0.189709,-0.260771,-0.248461,-0.672806
Q6P542,107,0.0378726,0.0391178,-0.0425493,-0.385978
Q6P542,138,0.0766073,-0.0704079,-0.235948,-0.69574
Q6P542,194,0.0349165,-0.0684117,-0.151945,-0.284746
Q6P542,225,-0.108583,-0.184752,-0.203714,-0.668216
Q6P5B0,1081,-0.0129794,0.187876,-0.152668,-0.434275
Q6P5B0,88,-0.321922,-0.291131,-0.504289,-0.54345
Q6P5D3,301,0.265043,-0.0809882,0.112125,0.153551
Q6P5D4,1122,0.526975,0.62646,0.614604,0.381374
Q6P5D4,253,-0.129858,-0.333398,-0.0403614,0.864787
Q6P5G6,258,0.205,-0.0232132,0.0826867,0.12792
Q6P5G6,266,0.302663,0.272925,0.202454,0.148616
Q6P5G6,373,0.0770822,-0.0425013,0.0284089,0.642621
Q6P6L0,789,-0.460905,-0.525639,-0.440175,-0.241692
Q6P6L6,84,0.0541908,-0.089488,-0.383855,-1.33142
Q6P8I4,119,0.200233,0.0979923,0.0629442,-0.110621
Q6P8I4,87,-1.47464,-2.13312,-2.12326,-2.10649
Q6P9L6,568,-0.336395,-1.18294,-0.966668,-0.495395
Q6P9Q4,370,-0.107494,-0.103848,-0.135537,-0.337956
Q6P9Q4,502,0.885818,1.10119,0.944983,0.729164
Q6P9Q4,514,-0.053026,-0.179715,-0.0566909,-0.120198
Q6P9Q6,1091,0.13392,0.0618436,0.131897,0.00524965
Q6P9Q6,310,0.123987,0.341963,0.388183,0.193344
Q6P9Q6,344,0.201425,0.0684841,0.155326,-0.44753
Q6P9R1,77,0.34872,0.249062,0.203403,-0.0807967
Q6P9R2,339,-0.183219,0.133141,-0.226417,-0.00569794
Q6P9R4,1381,0.990823,0.938643,0.752192,1.93058
Q6P9R4,184,0.5968,0.540292,0.751576,0.93175
Q6P9R4,300,-0.489277,-0.407322,-0.502797,0.134895
Q6P9R4,836,0.787391,0.315722,0.57522,0.633761
Q6PAM1,523,0.972016,1.03226,0.934494,0.0538657
Q6PAR5,746,0.149783,0.241836,0.169573,-0.659158
Q6PAR5,892,-0.25125,-0.317939,-0.571485,-2.80647
Q6PAR5,902,0.0629838,0.212917,0.18208,0.228965
Q6PCM2,800,-0.834423,-1.05884,-1.10221,-1.07774
Q6PCP5-2,132,0.545663,0.0306756,0.160609,0.698707
Q6PD03,41,-0.278131,-0.130886,-0.121951,0.450857
Q6PDK2,1627,0.0383919,-0.0556702,-0.0446467,-0.281427
Q6PDK2,2208,0.239934,0.235031,0.224232,0.0153543
Q6PDK2,2231,0.168846,0.254738,-0.0779589,-0.0575526
Q6PDK2,2299,0.361244,0.340915,0.0325443,-0.118831
Q6PDK2,2318,0.143896,0.261785,0.277939,0.357562
Q6PDK2,2597,0.337134,0.359322,0.246483,0.0590334
Q6PDK2,4410,0.386735,0.443397,-0.0101937,0.210139
Q6PDK2,4733,-0.272759,0.0209706,-0.109872,-0.0312866
Q6PDK2,4789,0.0552504,0.104815,-0.109095,0.0457776
Q6PDL0,194,0.24034,0.252544,0.12252,-0.385811
Q6PDM2,199,-0.128516,0.121938,-0.000650737,0.171551
Q6PDQ2,1528,0.525257,0.467548,0.519677,0.675771
Q6PDQ2,1533,0.375502,0.226906,0.250716,-0.141504
Q6PDQ2,1538,-0.329637,-0.28564,-0.530387,-0.180894
Q6PDQ2,1546,0.100894,0.212824,0.247716,0.522293
Q6PDQ2,421,-0.00953525,-0.000736963,0.0184001,-0.0384567
Q6PDZ2,576,-0.0805661,-0.27577,-0.389135,0.84492
Q6PEM6,57,-0.358188,-0.258746,-0.574514,-0.305481
Q6PEM6,85,-0.224352,0.00515311,0.159197,0.237633
Q6PF93,244,0.225689,0.356841,0.376577,0.442682
Q6PFD9,1027,0.162751,0.161923,0.237348,-0.0252562
Q6PFD9,1042,-0.247687,-0.332868,-0.452346,-0.61616
Q6PFD9,1059,-0.0304777,0.023827,-0.0948562,-0.307243
Q6PFD9,1464,0.106391,-0.118885,0.29473,0.294365
Q6PFD9,670,0.353148,0.286153,0.276916,0.111692
Q6PFD9,934,0.122084,-0.0349649,-0.00123212,-0.66104
Q6PFR5,200,-0.0439156,-0.0927165,-0.0179311,-0.130633
Q6PFR5,237,-1.66115,-2.11357,-2.1693,-2.90763
Q6PGC1,198,-0.0435891,-0.0953797,-0.229724,-0.7788
Q6PGF7,15,0.680524,0.72016,0.581254,0.106935
Q6PGF7,313,0.12026,0.0569382,-0.0842265,-0.70078
Q6PGG2,436,-0.373043,-0.468578,-0.48783,-0.840463
Q6PGG2,75,0.173961,0.404521,0.398344,0.216535
Q6PGL7,533,0.218346,0.243145,0.318225,0.292258
Q6PGL7,747,0.0795977,0.0286601,-0.0666728,-0.442201
Q6PGL7,832,1.18066,0.950629,1.00975,-0.110705
Q6PHZ2,287,-0.370654,-0.880225,-0.71757,-1.3591
Q6PHZ5,107,-0.0190342,0.0709304,0.0148465,-0.161531
Q6PIJ4,1288,-0.254237,-0.366913,-0.306402,-0.551378
Q6PIJ4,228,-0.238982,-0.223635,-0.191495,-0.38337
Q6PNC0,922,0.825411,0.979152,0.860376,0.275321
Q6PR54,1043,0.121215,0.211738,0.00898458,-0.331663
Q6PR54,1387,0.0937939,0.313645,-0.268063,-0.919327
Q6PR54,1565,-0.233851,-0.421112,-0.632858,-1.14161
Q6PR54,1683,0.0514427,-0.0373858,0.146508,0.989511
Q6PR54,779,-0.135993,-0.485431,-0.519372,0.389009
Q6QI06,1384,-0.0409264,0.225966,0.286254,-0.775859
Q6QI06,1591,0.578135,0.485818,0.4607,0.222578
Q6R0H7,1091,-0.012634,-0.175396,-0.272156,-1.28384
Q6R0H7,729,-0.0170191,-0.283549,0.00568598,-0.253852
Q6R891,192,0.10197,0.146946,0.224947,0.266931
Q6TXD4,212,-0.068672,0.0890481,0.250046,0.165602
Q6VGS5,227,1.91782,1.79208,1.77306,0.920771
Q6VGS5,239,1.59743,1.59908,1.52689,0.672945
Q6WKZ8,1006,-0.00770266,0.0590731,0.0666382,-0.165579
Q6WVG3,187,0.134939,0.13771,0.0445603,1.16005
Q6XZL8,1037,-0.921678,-0.626474,-1.10718,-0.735783
Q6XZL8,1105,-0.508022,-1.29597,-1.4977,-0.852979
Q6XZL8,1247,-1.03501,-1.16301,-1.37442,-0.596832
Q6Y7W8,161,0.195373,-0.0532266,0.222573,0.0541022
Q6Y7W8,26,0.773839,0.74049,0.880225,0.491196
Q6Y7W8,594,0.0335716,-0.17829,-0.310495,-1.19133
Q6ZPI0,735,-0.430782,-0.306369,-0.205038,0.475086
Q6ZPJ3,510,-0.814999,-1.45449,-0.50592,-0.717908
Q6ZPJ3,893,1.68621,1.79072,1.75785,1.24683
Q6ZPL9,544,0.21524,0.0422652,0.107843,0.219123
Q6ZPL9,594,0.236002,0.0600857,0.19065,0.186355
Q6ZPR6,1046,0.218821,0.0623168,0.148738,0.278442
Q6ZPT1,603,0.175957,0.100297,-0.00399849,-0.8825
Q6ZPY7,290,-0.360241,-0.631997,-0.376838,-0.84321
Q6ZPZ3,1035,-0.330893,-0.130959,-0.485679,-0.878695
Q6ZPZ3,1104,0.121158,-0.0675973,0.392697,0.321979
Q6ZPZ3,1111,0.0409007,0.106677,0.399004,0.00665441
Q6ZPZ3,1115,0.232889,-0.179567,-0.0123676,-0.0990303
Q6ZPZ3,1270,-0.174902,-0.14703,0.123674,0.379765
Q6ZPZ3,1276,0.788332,0.704798,0.810997,0.902878
Q6ZQ03,19,-0.0596158,0.00986597,0.0186051,-0.014058
Q6ZQ03,440,0.0203465,-0.0481847,0.0425555,0.113036
Q6ZQ03,472,-0.10251,0.0332324,-0.00541976,0.00280841
Q6ZQ03,487,-0.0115238,0.0364119,-0.164389,-0.375816
Q6ZQ03,507,-0.0452391,-0.241059,-0.152408,-0.459041
Q6ZQ58,201,-0.118803,-0.377297,-0.277598,-0.284898
Q6ZQ58,299,0.467367,0.329286,0.243844,-0.43232
Q6ZQ58,498,0.936592,0.876443,1.06829,1.31923
Q6ZQ58,503,-0.0326015,-0.14611,-0.0512842,0.0898369
Q6ZQ58,525,0.0210742,0.0657858,-0.0906724,-0.429371
Q6ZQ58,626,0.155376,-0.0991656,-0.253551,-0.911997
Q6ZQ58,701,1.07325,1.13898,1.06835,1.42199
Q6ZQ58,743,0.833415,0.950236,1.05765,1.3209
Q6ZQ58,751,0.690121,0.535311,0.434157,0.37332
Q6ZQ58,801,0.230012,-0.0529114,-0.0988192,-0.375436
Q6ZQ58,81,0.0739375,-0.147603,-0.14591,-0.0785863
Q6ZQ93,3443,-0.123341,0.0189842,-0.00555958,-0.266378
Q6ZQA0,1855,0.174141,0.374924,0.239927,-0.177818
Q6ZQA0,2727,-0.206733,-0.0969557,0.0118786,-0.132452
Q6ZQB6,1066,-0.639713,-0.514205,-0.332464,-1.29734
Q6ZQB6,44,-0.099665,0.148786,-0.195431,-0.593155
Q6ZQF0,469,-0.209579,0.37675,-0.35089,-1.94779
Q6ZQF7,120,0.244443,0.372844,0.56986,0.211613
Q6ZQF7,543,0.0788563,-0.0174724,0.0914574,0.962976
Q6ZQH8,1719,0.952033,0.84484,0.736664,0.229121
Q6ZQK5,521,0.744373,0.941441,0.999025,0.624092
Q6ZQL4,432,-0.103864,0.00668669,-0.307502,-1.16029
Q6ZQL4,588,-0.450989,-0.38043,-0.567796,-0.606781
Q6ZWQ0,6348,0.0514835,0.0471011,0.0903162,0.496153
Q6ZWU9,11,0.301016,0.612792,0.452808,0.136464
Q6ZWU9,27,0.45462,0.688907,0.556218,0.306361
Q6ZWU9,78,-0.190448,-1.12929,-1.16865,-2.06809
Q76KJ5,170,0.133475,-0.0836595,0.0427078,0.35929
Q76N33,242,0.23571,0.379485,0.192699,0.212205
Q78HU3,168,-0.95337,-0.719863,-0.693067,0.187594
Q78PG9,204,-0.144835,-0.265123,-0.183292,-0.40078
Q78ZA7,125,0.176643,0.106027,0.0988302,0.231906
Q7JJ13,300,0.237119,0.396125,0.429946,0.3071
Q7JJ13,629,0.12685,0.163109,0.0706899,0.115852
Q7M753,56,-0.264712,-0.215419,-0.416869,-0.455359
Q7TMY8,1395,-0.128361,-0.115688,-0.312464,-0.954562
Q7TMY8,1907,-0.00518076,-0.0842394,-0.152788,-0.049541
Q7TMY8,2918,0.0342879,-0.0523744,-0.0734287,-1.12796
Q7TMY8,3663,1.7964,1.8956,2.08979,0.89402
Q7TMY8,3922,0.184049,0.260213,-0.0616559,0.0585653
Q7TN29,219,0.409895,0.516961,0.613895,0.434082
Q7TN58,663,0.0375144,0.0653063,-0.528201,-1.31053
Q7TN58,683,0.301997,0.106811,0.014672,-0.200877
Q7TNC4,18,0.223517,0.231712,0.228445,0.000976048
Q7TNE3,114,0.140294,0.136165,0.235049,0.591926
Q7TNE3,219,0.327224,0.100331,0.22122,0.267445
Q7TNL5,566,-0.34912,-0.476826,-0.434954,-0.536837
Q7TNL5,82,-0.0706442,-0.078534,0.0150943,-0.481221
Q7TNV0,33,0.103336,-0.00871944,-0.0414332,-0.152741
Q7TNV0,55,-0.129056,-0.340785,-0.290947,0.446699
Q7TPD0,500,0.250249,0.0758457,0.127466,-0.50701
Q7TPD0,535,-0.0187173,-0.275512,-0.174249,-0.440888
Q7TPD0,993,-0.310188,-0.364382,-0.390726,0.895804
Q7TPE5,156,-0.40913,-0.981156,-0.827273,-1.86248
Q7TPS5,260,0.0571754,0.295771,0.243347,0.226721
Q7TPV4,1160,-0.0278737,-0.0169232,-0.223483,-0.266629
Q7TPV4,1164,0.448835,0.2916,0.608592,1.58844
Q7TPV4,1244,0.0905983,-0.337067,-0.533775,-1.5186
Q7TPV4,1256,-0.338331,-0.484593,-0.443691,-0.52635
Q7TPV4,1280,1.07746,0.911121,0.965328,0.859165
Q7TPV4,1323,0.0545129,-0.41693,-0.564365,-0.902061
Q7TPV4,1325,0.121469,0.0123025,-0.0907422,-1.27831
Q7TQ95,411,0.2042,0.246322,0.20123,0.180974
Q7TQH0,109,0.578204,0.561372,0.560564,-0.0256751
Q7TQH0,337,0.183143,0.0790905,0.0313958,-0.400475
Q7TQH0,339,0.124032,-0.063239,-0.00376624,-0.622137
Q7TQH0,505,0.645312,0.760497,0.731592,-0.181214
Q7TQH0,562,0.163408,-0.0379633,-0.0467178,-0.577142
Q7TQH0,597,1.1177,1.12887,1.14654,0.696428
Q7TQH0,637,0.0424187,-0.176513,-0.103459,-0.797424
Q7TQH0,687,0.751869,1.39248,1.12388,0.836868
Q7TSC1,1002,0.72152,0.729122,0.461935,-0.469206
Q7TSC1,1012,-0.022046,-0.155746,-0.214122,-0.543234
Q7TSC1,1145,-0.0143515,-0.180899,-0.486277,-1.10159
Q7TSC1,1217,0.820718,0.683421,0.632027,-0.113901
Q7TSC1,1431,0.337953,0.145388,0.154447,0.197526
Q7TSC1,378,-0.0405685,0.041261,-0.148095,-1.12372
Q7TSC1,535,0.694377,0.58925,0.525432,-0.264753
Q7TSC1,609,0.666508,0.636001,0.496692,-0.0305609
Q7TSC1,761,0.669143,0.459608,0.300579,-0.0756989
Q7TSC1,782,1.17806,0.971212,1.16709,1.30764
Q7TSC1,808,0.344136,0.128439,0.145792,-0.504225
Q7TSG1,368,-0.229406,-0.165993,-0.192607,0.357793
Q7TSG2,830,0.162383,-0.0644935,0.102369,0.2402
Q7TSI1,436,0.326959,0.22174,0.13329,0.767879
Q7TSI3,692,-0.0257844,-0.113566,0.029978,0.193187
Q7TSV4,173,0.256892,0.0377474,0.121676,0.0913219
Q7TT18,112,-0.210057,-0.0145938,-0.148988,-0.166063
Q7TT18,533,-0.126238,-0.0552164,-0.0277316,-0.189263
Q7TT18,593,-0.0904949,0.0968288,-0.0565412,-0.0312562
Q7TT18,707,0.313901,0.261377,0.18654,0.0494578
Q7TT18,951,0.0221954,0.155302,0.0151386,0.199833
Q7TT79,288,-0.292608,-0.567823,-0.735278,-0.54136
Q7TT79,358,-0.495432,-0.893688,-0.753909,-0.977564
Q80SY5,478,-0.421684,-0.465123,-0.519496,-0.67323
Q80T69,199,-1.33867,-1.09803,-1.15647,-1.34001
Q80TA6,564,-0.178382,-0.51988,-0.22993,-0.150786
Q80TG1,1013,0.458957,0.50087,0.538162,0.587356
Q80TG1,249,-0.503052,-0.368446,-0.537152,-0.430266
Q80TG1,976,0.235898,0.277252,0.294965,0.307127
Q80TH2,485,-0.656658,-0.514637,-0.476371,-1.0926
Q80TH2,849,0.515051,0.707268,0.785767,1.45512
Q80TJ7,843,-0.289134,-0.290327,-0.166709,0.469419
Q80TL7,1213,-0.232104,-0.307955,-0.366184,-0.340896
Q80TM9,1373,0.0418488,0.00260371,0.013269,0.212148
Q80TM9,543,0.205557,0.48774,0.231894,0.254591
Q80TQ2,414,-0.597336,-0.436051,-0.61035,-0.814551
Q80TR8,705,-0.284886,-0.579718,-0.362931,0.692292
Q80TR8,999,0.244568,0.255238,0.144249,0.0677925
Q80TV8,1193,0.0476427,0.0313095,-0.19299,-0.234265
Q80TV8,794,-0.310334,-0.0181323,-0.14883,-0.853753
Q80TZ9,600,0.0263865,-0.0408251,0.00640587,0.197804
Q80TZ9,642,0.156881,0.0426109,0.176637,2.09307
Q80U16,366,0.0927368,0.133413,0.0360163,-0.440944
Q80U16,369,0.0964606,0.656228,0.212316,0.0516824
Q80U16,46,0.325182,0.393007,0.334312,0.0784422
Q80U16,582,0.704079,0.7366,0.768999,0.895635
Q80U16,62,0.489911,0.280547,0.479362,0.18711
Q80U58,136,-0.127847,-0.23073,-0.295312,-0.705562
Q80U58,181,-0.043911,0.0798605,-0.115611,-0.504805
Q80U70,548,-0.17069,-0.195207,-0.329714,-0.54438
Q80U72,1361,0.167737,0.421272,0.358602,-0.0863237
Q80U72,1457,0.116184,0.143529,0.0770098,-0.310802
Q80U72,821,1.25874,1.2478,1.08267,0.282393
Q80U87,680,0.0868727,-0.00430323,-0.0776312,-0.199294
Q80U93,1029,0.445305,0.425349,0.419324,0.078025
Q80UG5,30,0.219211,0.149028,0.220046,0.489998
Q80UL9,370,0.20162,0.0722097,-0.0970166,-0.453194
Q80UU9,205,0.0264675,-0.0230327,0.0103846,-0.175872
Q80UU9,98,-0.242899,-0.317838,-0.39232,-0.400874
Q80UV9,545,0.0808796,-0.102826,0.16024,1.40055
Q80V24,58,-0.465974,-0.0253621,-0.610399,-0.0373693
Q80V76,301,-0.319234,-0.348675,-0.382203,-0.631943
Q80VJ2,60,0.248303,0.0287507,0.128496,-0.108814
Q80VW7,1389,0.548708,0.467888,0.538351,0.637011
Q80VW7,302,0.523233,0.437077,0.505317,0.702092
Q80VW7,617,0.412999,0.518033,0.65021,0.71067
Q80VW7,838,0.593053,0.648358,0.819638,1.27585
Q80W00,313,0.100112,0.0213026,0.172557,-0.116858
Q80W47,395,0.176737,0.32063,0.292687,0.365877
Q80WE4,1711,-0.285145,-1.74628,-0.668701,0.649239
Q80WG5,217,-0.346587,-0.284465,-0.514483,-0.0934123
Q80WJ7,297,-0.402657,-0.592805,-0.533731,-0.370331
Q80WJ7,423,-0.0840031,-0.326435,-0.376505,-1.10911
Q80WJ7,491,0.731389,0.695293,0.677677,0.24096
Q80WR5,22,-0.67011,-0.782192,-0.882532,-0.964345
Q80WT5,151,-0.10371,-0.185252,-0.183008,-0.556633
Q80WT5,395,0.218125,0.242247,0.289598,-0.208313
Q80X41,376,0.163334,0.069009,0.105527,0.304399
Q80X50,487,0.177445,0.15672,-0.00186155,-0.270459
Q80X50,629,-0.0616246,-0.39137,-0.198877,0.913308
Q80X82,1260,-0.994072,-1.37677,-1.43219,-1.45163
Q80X98,262,0.0211959,0.173516,0.263847,0.356415
Q80XI3,266,0.0589851,-0.0719325,-0.0513092,-0.358768
Q80XI3,267,0.00343306,-0.0906323,-0.158941,-0.431295
Q80XI3,281,0.257626,0.0282765,0.016375,-0.220689
Q80XI3,322,0.485408,0.127265,0.5596,0.140867
Q80XI6,761,-0.10143,-0.187759,-0.122634,-0.00799143
Q80XK6,1571,0.679503,0.605313,0.543171,0.154863
Q80XP8,193,0.222668,0.29428,0.212064,0.26292
Q80XP8,338,-0.443104,-0.305725,-0.214659,-0.317188
Q80XQ2,578,0.758759,0.666396,0.690328,0.540157
Q80XU3,113,-0.142524,-0.308133,-0.233983,-0.0550933
Q80XU3,132,-0.0745783,-0.510041,-0.288861,-0.187248
Q80XU3,181,-0.155256,-0.748206,-0.0437713,2.9866
Q80XU3,19,-0.107497,-0.0379377,-0.125609,0.187131
Q80XU3,214,-0.311183,-0.549218,-0.344349,-0.530142
Q80XU3,40,-0.429473,-0.348136,-0.518947,0.154374
Q80XU3,58,-0.23727,-0.390371,-0.247231,-0.230241
Q80Y32,105,0.0583312,0.308012,-0.027566,-0.636617
Q80Y32,197,-0.125463,0.0604582,-0.0873046,-0.683644
Q80Y32,490,1.02563,1.03588,1.08826,1.72697
Q80Y32,495,-0.0608981,0.179956,-0.0501882,-0.599457
Q80Y32,505,0.0187265,0.510341,0.14285,0.685606
Q80Y44,522,0.491822,0.582572,0.278276,-0.915844
Q80Y44,549,-0.276407,-0.365995,-0.559614,-0.243416
Q80Y44,587,-0.116442,-0.0273681,-0.134949,-0.161047
Q80Y55,384,1.04976,1.10599,0.970106,0.766025
Q80YR5,229,0.0905922,0.142566,0.219888,0.387056
Q80YR5,292,0.045639,-0.27404,-0.129014,-0.509348
Q80YR5,387,0.356526,0.325858,0.243901,0.0967079
Q80YR5,418,0.19747,0.230521,0.189065,0.327608
Q80YR5,655,0.328834,0.434675,0.213086,0.422393
Q80YR6,326,-0.907543,-0.764814,-1.01966,-0.596505
Q80YR7,1265,-0.485581,-0.644858,-0.936462,-1.56769
Q80YR7,932,-0.475435,-0.465883,-0.793892,-3.45891
Q80YR9,502,0.365069,0.21647,0.102076,0.324646
Q80YR9,683,-0.11494,0.337132,-0.0213674,0.225144
Q80YV2,343,1.19632,1.22672,1.19164,0.995884
Q80YV2,353,-0.533061,-0.700921,-0.73814,-1.1513
Q80YV2,369,0.897281,0.918273,1.1048,1.87443
Q80YV2,394,0.626701,0.785225,0.617751,0.742336
Q80YV2,406,-0.431395,-0.593616,-0.525793,-0.49861
Q80YV2,58,0.180964,0.0825355,0.00510183,0.136895
Q80YV2,62,-0.142757,-0.0587788,-0.196327,-0.479664
Q80ZV0,34,-0.0190007,-0.052022,-0.251398,-1.38833
Q810V0,346,-0.166722,-0.235943,-0.337999,-1.01278
Q811D0,448,-0.801807,-0.808598,-0.841683,-0.832939
Q811M1,204,-0.392153,-0.583303,-0.621533,0.427941
Q811M1,51,0.312099,-0.18031,-1.08886,-0.780458
Q8BG05,359,-0.333905,-0.578487,-0.512596,-0.483808
Q8BG15,28,-0.384634,-0.306807,-0.123924,-0.999314
Q8BG30,277,-0.34783,-1.19091,-1.13777,-1.82137
Q8BG30,363,-0.302867,-0.249367,-0.353133,-0.985597
Q8BG48,359,0.147274,-0.332925,0.158575,0.313974
Q8BG55,302,-0.383304,-0.222732,-0.0763514,0.729153
Q8BG67,220,0.696413,0.771645,0.667976,0.352466
Q8BG67,692,0.173297,0.208741,0.227344,0.296031
Q8BG81,127,0.0963221,0.181487,0.16308,0.441877
Q8BGB2,648,0.825751,0.960225,0.810391,0.229867
Q8BGC0,388,-0.0119216,-0.0633033,0.212962,-0.423113
Q8BGC0,441,-0.209464,-0.0444925,-0.128264,-0.06302
Q8BGC0,528,0.0602788,-0.0536783,0.00867613,-0.272321
Q8BGC0,578,-0.115972,-0.2338,-0.247005,-0.586354
Q8BGC0,645,0.101366,0.0665334,-0.0532658,0.194651
Q8BGC0,679,0.00133565,-0.143037,-0.0974721,-0.383527
Q8BGC0,705,-0.0704693,-0.0801937,-0.244869,-0.650688
Q8BGC0,724,0.0433724,0.132203,-0.00475789,-0.0307777
Q8BGD9,283,-1.35567,-1.30491,-1.45235,-1.48357
Q8BGD9,359,-0.544838,-0.80905,-1.05963,-1.20698
Q8BGD9,422,0.753063,0.957416,0.617413,-0.132014
Q8BGD9,442,0.11356,0.231488,0.165142,0.0736781
Q8BGD9,445,0.00549935,0.00293826,-0.0415505,-0.368195
Q8BGD9,597,0.0528147,-0.00769089,0.0490076,-0.450299
Q8BGD9,93,0.959879,1.1888,1.20414,0.426246
Q8BGG7,8,-0.722093,-0.702191,-0.758233,-1.29566
Q8BGQ1,119,-0.913458,-0.75299,-0.781751,-0.566109
Q8BGT6,751,0.283878,0.104846,0.0378629,0.0165508
Q8BGU5,100,0.214425,0.0645304,0.120035,-0.107043
Q8BGU5,326,0.0631549,0.160872,-0.0342361,-0.0356139
Q8BGU5,66,0.356704,0.541541,-0.0956501,-0.0787645
Q8BGV8,59,0.223547,0.658821,0.267804,0.329382
Q8BGZ4,588,-0.52991,-0.495722,-0.537576,-1.10597
Q8BGZ4,596,0.0800534,0.186526,0.115056,0.199598
Q8BH07,80,0.894533,0.903358,0.748039,0.971871
Q8BH43,296,-0.701172,-1.19194,-0.770883,-0.487378
Q8BH48,253,0.793089,0.443757,0.434553,0.82179
Q8BH65,16,-0.0215888,0.0686068,0.18942,-0.653861
Q8BHD7,27,0.116922,0.21254,0.256664,0.636911
Q8BHG1,85,-0.051931,-0.116449,-0.145361,-0.132904
Q8BHJ9,215,-0.184789,-0.1442,-0.195226,-0.210096
Q8BHK6,313,-0.152244,0.0489991,0.070287,-0.0363105
Q8BHK6,328,-1.89212,-2.31947,-2.30642,-2.33934
Q8BHL3,22,0.224169,0.231467,0.134198,0.446807
Q8BHL3,644,0.524055,0.565337,0.640941,0.623126
Q8BHL3,664,0.000533795,0.0504187,-0.00611207,0.0874787
Q8BHL8,153,-0.109925,-0.204642,-0.224786,-0.37328
Q8BHN5,199,-0.0490986,-0.064563,-0.211345,-0.547798
Q8BHS3,142,0.141924,0.323507,-0.00748651,0.0432203
Q8BHX3,228,-0.0350914,0.960867,-0.032527,-2.14236
Q8BHZ4,332,-0.212277,-0.263612,-0.260536,-0.203032
Q8BHZ4,366,0.097663,0.136202,0.114945,0.262666
Q8BHZ4,78,-0.047624,0.232943,-0.212352,-0.112499
Q8BI72,124,0.651326,0.416158,0.378152,-0.079854
Q8BI72,262,-0.411719,-0.591526,-0.465506,0.764044
Q8BIW9,156,0.226663,0.461891,0.101401,-1.30077
Q8BIX3,266,-0.102769,-0.0888608,0.0332299,1.15001
Q8BIZ6,18,-0.0036938,0.113169,0.0489017,-0.203258
Q8BIZ6,33,-0.0746835,-0.0174078,-0.0469284,-0.326155
Q8BIZ6,383,-0.0249379,-0.0878491,-0.0448613,-0.422352
Q8BIZ6,68,-0.414451,-0.235771,-0.217992,-0.378727
Q8BJ05,390,0.171386,0.219934,0.163093,-0.476644
Q8BJ05,515,0.0276243,0.0638694,-0.0222693,-0.453988
Q8BJ71,236,0.50169,0.844409,0.74935,0.0720648
Q8BJ71,52,0.519899,0.489792,0.216783,-0.981827
Q8BJ71,767,0.0811172,0.253315,0.210653,0.142418
Q8BJF9,199,-0.00634737,-0.0253355,0.0729417,0.384441
Q8BJQ2,474,-0.472475,-1.17256,-1.06503,0.299837
Q8BJS4,88,-0.408343,-0.293692,0.017947,0.321502
Q8BJU0,307,1.24907,1.3727,1.28991,1.49965
Q8BK35,305,0.0867153,0.00140209,-0.198645,-0.329608
Q8BKC8,428,0.0953967,0.100194,-0.0503175,-0.107852
Q8BKC8,511,-0.407346,-0.292324,-0.277394,0.123527
Q8BKI2,913,-0.238053,-0.320398,-0.0861993,-0.247646
Q8BKT3,118,0.215836,0.444188,0.185043,-0.199849
Q8BKT7,328,-0.205315,-0.669658,-0.856926,-1.73088
Q8BKX1,454,-0.0923206,-0.0794251,-0.195425,-0.61367
Q8BL97,204,-0.291625,-0.26439,-0.394044,-0.453169
Q8BL97,210,0.152855,0.276537,-0.0186202,-0.260625
Q8BL97,212,0.127054,0.2991,0.337541,0.337473
Q8BL97,216,0.763638,0.986729,0.958762,0.758638
Q8BL97,262,0.162178,0.352357,0.381537,0.582016
Q8BLB7,605,0.309163,0.371606,0.299652,0.0873951
Q8BLH7,134,-0.0485228,0.0868519,-0.0617523,0.14262
Q8BLH7,167,0.441871,0.785514,0.426131,0.327295
Q8BLH7,314,0.429764,0.424349,-0.100232,-0.870486
Q8BLH7,575,0.14882,0.0793653,0.00214145,0.253277
Q8BLH7,80,0.479255,0.409894,0.0604438,-0.3601
Q8BLR5,442,1.2227,1.28916,1.17358,0.585723
Q8BLR5,462,0.940836,0.894062,0.872164,0.872318
Q8BLR5,706,1.44077,1.52422,1.41215,0.700599
Q8BMC4,631,0.270884,-0.169895,-0.665821,-1.78742
Q8BMI3,159,0.22345,0.101387,0.0973234,-0.360479
Q8BML9,70,1.12577,0.976898,0.850709,0.443417
Q8BMQ2,17,-0.0400514,0.295288,-0.170286,-0.789018
Q8BMQ2,607,-0.00916405,0.111057,-0.143496,-0.0945609
Q8BMS9,123,0.482665,0.39526,0.312403,1.62635
Q8BMS9,145,-0.0707158,-0.0606376,-0.210914,0.261961
Q8BNW9,320,0.245135,0.18874,0.0829534,-0.374487
Q8BNW9,70,0.157636,0.274484,0.156812,0.468967
Q8BP27,139,0.794957,0.734918,0.800038,0.540071
Q8BP27,67,-0.0663967,0.0255136,-0.272674,-1.14202
Q8BP67,83,0.363909,0.164233,-0.029606,-0.737142
Q8BP78,243,-0.250096,-0.543046,-0.143877,0.393782
Q8BP86,1301,0.00293568,-0.302219,-0.486428,-0.791179
Q8BPU7,31,0.0573714,-0.0735193,-0.100796,-1.47775
Q8BPU7,344,-1.19914,-1.44666,-1.30472,-1.08346
Q8BQ30,146,0.370514,0.597757,0.378536,0.544224
Q8BQ30,212,1.65171,1.95191,1.6421,1.48911
Q8BQ30,224,0.601321,0.784634,0.622515,1.17459
Q8BQ30,234,1.69442,1.93132,1.92817,1.12487
Q8BRH4,2822,0.0320101,0.0292359,-0.0864211,-0.280789
Q8BRT1,376,0.279165,0.273761,0.148222,-0.139546
Q8BSK8,441,0.431397,0.367647,0.465417,0.767565
Q8BSK8,447,-0.129071,-0.149096,-0.0834984,0.269579
Q8BT07,426,0.399958,1.69699,0.11272,-1.78561
Q8BTE0,56,-0.887907,-0.787195,-0.554112,0.317262
Q8BTI8,1058,-0.252348,-0.360073,-0.333753,-0.432576
Q8BTI8,1068,-0.18559,-0.216137,-0.137405,-0.341662
Q8BTI8,1097,-0.298083,-0.451545,-0.444591,-0.302453
Q8BTI8,1151,-0.413159,-0.796225,-0.641621,-0.6874
Q8BTI8,1179,-0.234664,-0.401958,-0.476502,-0.522936
Q8BTI8,1194,0.522109,0.294841,0.259022,0.322353
Q8BTI8,1216,-0.155751,-0.272147,-0.270323,-0.484673
Q8BTI8,1269,-0.0597183,-0.300069,-0.286497,-0.284107
Q8BTI8,1278,-0.0682248,-0.212392,-0.172071,-0.288086
Q8BTI8,1305,-0.321418,-0.502171,-0.640379,-1.13619
Q8BTI8,1315,0.294949,-0.197624,0.179949,1.81905
Q8BTI8,1339,-0.0520479,0.0179534,0.0410481,0.448646
Q8BTI8,1343,-0.073409,-0.0730887,-0.197781,-0.331388
Q8BTI8,1360,-0.35684,-0.519288,-0.488099,-0.673928
Q8BTI8,1378,0.0756044,0.189152,0.105866,0.561186
Q8BTI8,1380,0.091248,0.149827,0.177633,0.266141
Q8BTI8,1390,-0.260907,-0.415806,-0.393028,-0.490085
Q8BTI8,1400,-0.0153103,-0.0629131,0.0523745,0.469666
Q8BTI8,1428,-0.254657,-0.344675,-0.280629,-0.409706
Q8BTI8,1430,-0.309632,-0.432253,-0.295365,-0.411677
Q8BTI8,1439,0.0603557,-0.122614,0.0899133,0.041835
Q8BTI8,1448,-0.0129545,-0.209559,-0.178662,-0.158754
Q8BTI8,1475,-0.0583935,0.0764196,0.00210517,-0.0556402
Q8BTI8,1497,0.38587,0.371092,0.490849,0.39071
Q8BTI8,1518,0.673798,0.852427,0.809625,0.925064
Q8BTI8,1554,-0.170498,-0.178606,-0.12258,0.111427
Q8BTI8,1557,-0.120755,-0.109972,-0.0842305,0.175144
Q8BTI8,1596,0.0775032,0.180061,0.083001,0.225053
Q8BTI8,1631,0.116189,-0.104236,-0.12326,-0.549969
Q8BTI8,1640,-0.235698,-0.332569,-0.331469,-0.689353
Q8BTI8,1650,0.153269,0.0512132,-0.00474262,0.247459
Q8BTI8,1800,0.122561,-0.212196,-0.155826,-0.26587
Q8BTI8,1813,-0.168543,-0.348831,-0.466073,-0.820509
Q8BTI8,1927,-0.275099,-0.364025,-0.470092,-0.764886
Q8BTI8,2023,0.511446,0.368654,0.271433,-0.0431036
Q8BTI8,2056,0.140047,0.0698494,0.0713098,-0.380686
Q8BTI8,2073,0.0376335,-0.157654,-0.129975,-0.535487
Q8BTI8,2075,0.0302448,-0.216853,-0.216233,-0.67716
Q8BTI8,2084,-0.0602829,-0.284439,-0.206914,-0.524133
Q8BTI8,222,0.355297,0.15173,0.0389988,-0.507262
Q8BTI8,2224,-0.0540579,0.0231576,-0.176128,-0.295096
Q8BTI8,2335,-0.192897,-0.229096,-0.391873,-0.466869
Q8BTI8,2350,-0.147745,-0.285477,-0.276987,-0.577119
Q8BTI8,2351,-0.24247,-0.337392,-0.365246,-0.642367
Q8BTI8,2362,-0.295889,-0.337237,-0.420678,-0.694744
Q8BTI8,24,-0.533,-0.647281,-0.781544,-0.673525
Q8BTI8,2404,0.0154288,-0.114312,-0.0516487,-0.19273
Q8BTI8,2535,-0.127431,-0.193809,-0.209248,-0.153636
Q8BTI8,2648,0.0270182,-0.106386,-0.142565,-0.427899
Q8BTI8,2656,-0.172622,-0.234064,-0.228157,-0.283797
Q8BTI8,333,-0.187654,-0.348692,-0.451371,-0.909429
Q8BTI8,349,-0.0891069,-0.165337,-0.315443,-0.492941
Q8BTI8,351,0.476275,0.487653,0.342993,0.0537978
Q8BTI8,396,-0.103606,-0.325984,-0.154587,-0.550684
Q8BTI8,454,0.388004,0.24312,0.165393,-0.503601
Q8BTI8,762,0.122682,0.185197,0.0744507,-0.313001
Q8BTI8,773,-0.334712,-0.32952,-0.379618,-0.964491
Q8BTI8,775,-0.00729141,-0.378806,-0.278228,-1.0944
Q8BTI8,778,-0.47326,-0.929531,-0.711713,-0.865719
Q8BTI8,797,-0.336584,-0.417144,-0.526379,-0.917353
Q8BTI8,805,0.561371,0.440411,0.447221,0.14466
Q8BTI8,814,-0.317783,-0.399469,-0.494404,-1.15415
Q8BTI8,823,0.414194,0.310295,0.353523,0.805135
Q8BTI8,888,0.00891756,0.0553168,-0.169593,-0.358432
Q8BTI8,898,-0.295802,-0.389315,-0.357008,-0.478099
Q8BTI8,919,-0.102961,-0.217421,-0.238648,-0.241095
Q8BTI8,928,0.0162662,-0.24176,-0.201918,-0.65611
Q8BTI8,955,-0.381094,-0.563284,-0.420416,-0.238927
Q8BTI8,964,-0.144209,-0.065129,-0.161043,0.18449
Q8BTI8,973,-0.501299,-0.815485,-0.865201,0.218191
Q8BTI8,984,-0.47797,-0.919567,-0.738484,-0.441249
Q8BTM8,1459,-0.392489,-0.652901,-0.363244,-0.0927733
Q8BTM8,2152,0.278545,-0.00730525,0.293425,-0.230357
Q8BTM8,968,1.84465,2.02054,1.96362,1.0746
Q8BU14,158,0.217164,0.0364553,0.0103453,-0.353836
Q8BU14,335,1.128,1.20659,1.20911,0.637509
Q8BU14,375,0.191198,-0.599448,0.0776016,-0.359646
Q8BUH8,12,-0.375813,-0.389932,-0.532662,-0.800128
Q8BUH8,24,-2.98288,-2.16778,-1.95371,-0.875374
Q8BUH8,47,0.772839,0.855992,0.433535,1.63548
Q8BUV6,15,0.0474196,0.0461295,-0.217777,-0.756234
Q8BV49,128,0.443723,0.631176,0.561612,1.42021
Q8BV49,152,0.598731,0.777036,0.548426,1.49506
Q8BV49,166,-0.471306,-0.201753,-0.473492,0.146773
Q8BV49,167,-0.681601,-0.553527,-0.631869,0.00141382
Q8BV49,176,-0.309805,0.024957,-0.0834437,1.20722
Q8BV49,184,-0.651056,-0.541707,-0.827538,-0.22871
Q8BVK9,175,-0.267147,-0.247381,-0.409999,-0.00337265
Q8BVK9,214,0.317305,0.394705,0.403933,0.621732
Q8BVK9,226,-0.0924297,-0.231933,-0.24612,-0.906219
Q8BVK9,277,0.464352,0.409274,0.488653,1.72298
Q8BVL3,409,-0.0530942,0.178945,0.122051,0.0589075
Q8BVL9,382,-0.142574,-0.0776892,-0.0616804,-0.303559
Q8BVL9,470,0.0676182,0.0334481,0.164314,0.21374
Q8BVU0,324,0.382325,0.599073,0.327619,-0.456444
Q8BVU0,625,-0.24253,0.0487502,-0.0854101,-0.159619
Q8BVY0,385,0.413265,0.0403376,-0.0396888,0.789354
Q8BVY0,8,-0.0819888,-0.251558,-0.13662,-0.834247
Q8BWS5,531,0.351191,0.299253,0.466376,0.354514
Q8BWW4,579,0.652201,0.551636,0.524333,-0.270538
Q8BWW4,642,-0.290039,-0.388592,-0.433207,-0.507577
Q8BWW4,69,0.137346,-0.0771374,-0.265917,-1.22851
Q8BWW4,717,0.393523,0.307504,0.266837,0.0752201
Q8BWW9,582,0.0899592,0.195021,0.16397,-0.588809
Q8BWW9,621,-0.0468727,-0.0880695,0.0872817,-0.110693
Q8BWW9,815,0.213163,0.0114737,-0.246467,-0.624193
Q8BX80,58,0.0481628,0.201869,-0.0880086,0.218334
Q8BY87,1354,0.200603,0.221063,0.169429,0.693193
Q8BYC6,442,0.103055,0.162712,0.233138,0.0561038
Q8BYH8,549,-0.305476,-0.303772,-0.181176,-0.325957
Q8BYR2,612,-0.0671229,-0.0171371,-0.271324,-0.40434
Q8BYW1,363,2.04582,2.10472,2.05033,2.03586
Q8BYW1,509,0.727514,0.642202,0.587306,0.822556
Q8BZ03,211,0.466066,0.443338,0.344046,0.355941
Q8BZ03,214,0.640496,1.05443,0.919599,1.31909
Q8BZ03,225,0.366928,0.642496,0.444262,0.712255
Q8BZ03,376,0.44154,0.60791,0.548793,0.883485
Q8BZ03,397,-0.014991,0.179949,-0.0327389,0.046426
Q8BZ03,711,0.39786,0.824505,0.568472,1.12923
Q8BZ21,954,0.0182899,0.142162,-0.16946,1.43676
Q8BZ32,373,0.0446848,-0.0745066,0.0199736,0.24006
Q8BZ32,395,0.250131,0.264517,0.00835947,-0.194258
Q8BZ32,477,0.209838,0.124518,0.180594,0.906016
Q8BZ47,1057,-0.322888,-0.0534992,-0.0652942,-0.481689
Q8BZ47,559,-0.394275,-0.0484912,-0.104579,-0.185209
Q8BZ47,745,-0.360284,-0.625431,-0.404823,0.322738
Q8BZH4,422,0.22036,0.189502,0.157521,0.507355
Q8BZH4,442,0.0313166,0.0486715,-0.0499621,-0.0863228
Q8BZR9,25,-0.0760082,-0.0365452,-0.256423,-0.0555427
Q8BZR9,382,-0.208527,-0.149914,-0.284719,0.0806047
Q8BZR9,384,-0.198871,-0.137873,-0.274529,0.0760364
Q8BZR9,495,-0.0728236,-0.0820691,-0.210057,0.145157
Q8BZR9,563,-0.381006,-0.268157,-0.314815,0.457034
Q8C052,831,0.2273,0.212821,0.28076,0.125705
Q8C078,495,-0.866493,-1.1294,-1.21532,-1.47017
Q8C078,511,-0.74911,-0.787992,-1.08133,-1.44083
Q8C078,91,0.220667,-0.0423689,-0.0516534,-0.280745
Q8C079,335,0.0610133,0.0449358,-0.00911376,0.150036
Q8C079,59,0.0167111,-0.112228,-0.068416,-0.310074
Q8C0C0,824,0.0593116,0.230678,0.0403353,0.140334
Q8C0D4,101,0.080724,0.165027,0.113167,0.137845
Q8C0D4,444,0.0980926,0.224331,0.317107,0.24673
Q8C0I1,576,0.0974861,0.106386,-0.0276357,-0.81505
Q8C0R0,212,-0.164547,-0.128422,-0.475004,-0.613156
Q8C0T5,1528,0.777986,0.731581,0.779611,0.372001
Q8C0V0,134,0.391461,0.276406,0.126654,-0.243851
Q8C0V0,159,0.0643001,-0.0134031,-0.152279,-0.298423
Q8C147,2078,-0.0636668,-0.0549863,-0.128257,-0.425406
Q8C147,452,0.702165,0.733413,0.733767,0.780021
Q8C147,905,0.149639,0.239453,0.214114,0.334625
Q8C166,525,0.709982,0.52839,0.593291,0.912662
Q8C1B1,1120,0.569778,0.408401,0.204024,0.441906
Q8C1D8,183,-0.0836019,-0.136595,-0.189659,-0.725683
Q8C1D8,261,-0.137623,-0.0256545,-0.116373,-0.665675
Q8C1D8,295,0.0989852,-0.127376,-0.132986,-0.235555
Q8C1D8,321,-0.152802,-0.301995,-0.357213,-0.79155
Q8C1D8,667,1.03557,1.16158,1.14146,0.497055
Q8C1D8,672,0.236333,0.289933,-0.0396492,0.131952
Q8C2B3,178,0.0201359,-0.0558241,-0.0566987,-0.229898
Q8C2B3,344,0.175434,0.125899,0.0811851,-0.477549
Q8C2B3,398,0.37699,0.29502,0.303993,-0.21454
Q8C2K1,566,0.175837,0.192752,0.266865,0.701774
Q8C2K1,580,-0.317546,-0.237673,-0.485029,-0.20063
Q8C2K1,590,0.0872906,0.216388,0.0284006,0.119561
Q8C2K1,597,-0.116676,0.0635245,-0.095741,-0.669862
Q8C2K1,605,0.263325,0.24645,0.300058,0.659322
Q8C2K5,187,0.318605,0.512602,0.215836,0.0328166
Q8C2K5,256,-0.236816,-0.293664,-0.561377,0.0140045
Q8C2K5,74,-0.205947,-0.320713,-0.2,-0.0584412
Q8C2K5,845,-0.0184656,0.0317214,-0.103983,-0.387572
Q8C2K5,95,-0.622338,-0.814373,-0.809656,-0.736042
Q8C2P3,462,0.107079,0.165966,-0.170161,-0.996614
Q8C2Q3,206,-0.3179,-0.406294,-0.250643,-0.261383
Q8C2Q3,215,-0.060837,-0.164788,-0.114528,-0.135046
Q8C2Q3,582,-0.0566523,-0.0523851,-0.120187,-0.125381
Q8C2Q3,618,-2.23114,-2.3694,-2.22566,-3.25271
Q8C3J5,1683,1.11156,1.26174,1.18943,0.792741
Q8C3J5,1704,0.565528,0.559783,0.102416,-0.0377376
Q8C3J5,1782,0.507486,0.375027,-0.331894,-0.372527
Q8C3J5,1814,1.17335,1.26619,1.1858,1.43586
Q8C3J5,587,-0.4815,-0.404207,-0.631412,-0.700769
Q8C3P7,43,-0.375275,-0.192123,-0.428998,-0.450617
Q8C3P7,50,-0.202106,-0.23409,-0.268314,-1.11191
Q8C503,66,-0.0323254,0.24594,0.364635,1.20166
Q8C503,85,-0.240459,-0.0830749,-0.0386682,0.665548
Q8C547,1737,1.41198,1.92117,1.965,0.89551
Q8C5L3,165,0.53555,0.399536,0.390536,0.294052
Q8C5L3,170,0.492934,0.00973595,0.203351,-0.342261
Q8C5L6,25,-0.150187,-0.283236,-0.0635531,-0.168916
Q8C5L7,19,-0.831055,-0.665639,-0.785254,-1.56224
Q8C5N3,38,-0.279785,-0.153032,-0.28039,-0.384911
Q8C5N3,60,0.0299166,0.173063,0.0355945,0.156505
Q8C5N3,903,-0.112278,-0.0853798,-0.216707,-0.0476575
Q8C7Q4,86,0.430275,0.613272,0.543784,0.271337
Q8C7V3,517,0.151287,-0.00129083,-0.136157,-1.11192
Q8C9B9,1027,0.0400484,-0.0252661,0.141709,0.203369
Q8C9B9,1035,-0.214221,-0.313381,-0.427849,-0.242379
Q8C9B9,522,0.537117,0.284798,0.378124,-0.216099
Q8C9V1,436,-0.0282348,0.0450386,-0.161483,-0.888198
Q8CAA7,175,0.133959,0.183502,0.232674,1.13633
Q8CB77,125,-0.0402895,-0.0864408,-0.0733194,0.0726021
Q8CB77,195,-0.0627787,-0.0630995,-0.16855,-0.0206805
Q8CB77,82,0.113395,-0.0982565,0.132545,0.725392
Q8CBC4,34,0.143087,0.0144882,0.32058,0.710196
Q8CCJ9,368,-0.0499574,-0.0606081,-0.000755902,0.220174
Q8CCP0,417,0.137904,0.283366,0.221968,-0.0442485
Q8CCS6,146,0.090417,0.122324,0.161452,0.430665
Q8CDG3,746,-0.14116,-0.151169,-0.153563,0.0307995
Q8CDG3,767,0.730024,0.785293,0.668782,0.915942
Q8CDG3,997,0.335639,0.156176,0.270772,0.543286
Q8CE46,103,-0.131372,-0.105773,-0.169327,-0.127061
Q8CE96,289,0.00132811,-0.114878,-0.100506,-0.952982
Q8CEC0,35,0.161318,0.0376061,0.0637802,-0.879008
Q8CF60,168,-0.658415,-0.479171,-0.708075,-0.209212
Q8CFC7,285,0.0106979,-0.0720605,-0.0810201,-0.104495
Q8CFC7,541,0.181189,0.124946,0.0799773,0.504449
Q8CFE3,254,-0.0816647,-0.0494944,-0.118085,0.013142
Q8CFE3,454,-0.0707033,-0.205488,-0.108235,-0.295633
Q8CFI0,477,0.104807,0.145334,0.132572,0.0109337
Q8CG46,35,-1.38078,-1.31644,-1.40057,-1.72313
Q8CGN4,1293,-0.300627,-0.257291,-0.178637,0.200039
Q8CGN4,1348,0.0216986,0.238763,0.0538466,0.145166
Q8CGN4,423,-0.021296,0.00706052,0.0824973,-0.0286751
Q8CGP1,113,-0.130196,-0.148537,-0.140838,-0.168475
Q8CGP1,37,-0.352448,-0.133228,-0.0969023,1.09022
Q8CGP1,39,-0.155516,-0.232638,-0.253436,0.37136
Q8CGP1,7,-0.349776,-0.18698,-0.248448,-0.193454
Q8CGP1,76,-0.28843,-0.250994,-0.264148,-0.688114
Q8CH02,134,-1.34998,-1.45107,-1.51839,-1.42785
Q8CH25,1017,0.420023,0.29333,0.611728,0.661336
Q8CH25,289,0.0464381,-0.0649489,-0.0252755,-0.0596161
Q8CH25,552,0.128288,0.115973,0.121535,0.277919
Q8CH25,589,0.0940704,0.0211247,0.0173826,-0.0408634
Q8CH25,906,-0.0487847,0.102553,-0.0333868,-0.0574078
Q8CH25,93,0.0999559,0.0733769,-0.0948469,-0.209188
Q8CHI8,735,-0.515631,-0.610621,-0.42563,0.244745
Q8CHI8,923,0.146344,0.0882545,0.13068,-0.165688
Q8CHP6,607,-0.00918271,0.150034,0.114178,-0.254809
Q8CHW4,540,-0.182104,-0.205985,-0.204522,-0.27466
Q8CHY6,176,-0.133954,0.573972,0.180746,0.442667
Q8CI08,87,-0.70179,-0.695229,-0.62495,0.112176
Q8CI11,505,-0.25694,-0.344197,-0.541957,-0.646211
Q8CI51,111,0.430705,0.520667,0.384276,-0.00846365
Q8CI51,137,2.24723,2.04361,1.9591,0.558178
Q8CI51,228,-0.424364,-0.471645,-0.299668,-0.42275
Q8CI51,332,0.830903,1.11429,0.966827,0.735758
Q8CI71,559,-0.39107,-0.0928986,-0.280309,-0.494536
Q8CI95,186,0.356103,0.549806,0.383753,0.727431
Q8CIB6,24,-0.100362,0.104402,0.227806,0.405048
Q8CIB9,41,0.196382,1.56861,-0.00132,-1.97909
Q8CIE4,959,0.261746,-0.156373,0.296041,0.292443
Q8CIE6,173,1.28436,1.63117,1.63105,0.612629
Q8CIL4,67,0.0443875,0.0152708,-0.171989,-0.277195
Q8CIN4,132,0.618763,0.698181,0.607806,0.0217914
Q8CIN4,134,0.399836,0.61373,0.520349,-0.823168
Q8CIN4,141,0.747303,0.729833,0.686604,0.176959
Q8CIN4,152,1.17185,1.26566,1.23339,0.936792
Q8CIN4,154,0.626645,0.347422,0.462478,0.360571
Q8CIN4,19,0.282233,0.268159,-1.0102,-0.40087
Q8CIN4,197,0.701114,0.334209,-0.148564,-0.369741
Q8CIN4,20,0.0411174,0.332621,-1.05697,-0.785425
Q8CIN4,55,1.00676,-0.449214,0.420068,-0.223416
Q8CIS0,512,0.123132,0.0528508,0.11259,0.0204684
Q8CIS0,546,0.757375,0.659414,0.777205,0.955405
Q8CIS0,552,-0.799282,-1.01756,-0.942251,-0.831912
Q8CIS0,649,0.0141144,-0.0878442,0.0166137,-0.42302
Q8CIS0,930,1.25529,1.23257,1.14017,1.42243
Q8CJF7,1080,-0.0385858,0.112859,-0.127165,0.122937
Q8CJF7,1218,0.0552228,0.140803,0.0121031,0.368789
Q8CJF7,1381,0.971983,0.881995,0.974574,2.01852
Q8CJF7,1541,-0.347626,-0.0544827,-0.0296698,0.280893
Q8CJF7,1930,-0.323092,-0.171301,-0.28777,-0.597784
Q8CJF7,1954,0.11989,0.43952,0.141233,0.766505
Q8CJF7,1980,0.0711772,-0.296873,0.15005,1.97704
Q8CJF7,2188,0.398585,0.401224,0.320998,-0.0674824
Q8CJF7,2198,-0.129379,-0.194578,-0.240364,-0.0717935
Q8JZQ9,111,3.94161,4.46209,4.36636,3.31101
Q8JZQ9,75,-0.301311,-0.161601,-0.482937,-0.868241
Q8JZQ9,90,0.101773,0.152055,-0.0427993,-0.645752
Q8JZX4,155,-0.0798034,-0.0541663,-0.100077,-0.142796
Q8JZX4,222,0.094603,0.0361296,0.0161193,0.0724697
Q8JZX4,71,0.261206,0.0440909,0.0924998,-0.245403
Q8K019,177,0.140386,-0.0410096,0.0352826,-0.336218
Q8K019,183,0.346705,-0.496413,0.377798,2.20272
Q8K019,198,-0.320467,-0.484654,-0.530604,0.250518
Q8K019,221,0.298607,0.324788,0.252203,-0.340061
Q8K019,305,0.00826471,-0.0728486,-0.0835745,-0.192675
Q8K019,395,-0.104838,-0.0451139,-0.102549,-0.404323
Q8K019,494,-0.0479105,-0.0439372,-0.0259865,-0.63235
Q8K019,510,0.0186394,-0.021096,-0.0557289,-0.569498
Q8K019,529,-0.105657,-0.136867,-0.109145,-0.273302
Q8K019,646,-0.123809,-0.128763,-0.209358,-1.01565
Q8K019,656,-0.00934158,-0.0194502,-0.0674465,-0.48804
Q8K019,758,-0.029197,-0.334216,0.194345,1.27147
Q8K019,883,0.0170232,0.00977683,-0.0705462,-0.305022
Q8K039,147,0.190979,0.0351728,0.151338,0.186608
Q8K039,150,0.0961079,-0.00988668,-0.0421499,0.00422046
Q8K039,50,0.141903,0.0817849,-0.0291851,-0.408512
Q8K072,152,-0.293967,-0.0236535,-0.145337,0.114238
Q8K0D0,122,0.106028,-0.313165,-0.511364,-0.455664
Q8K0D0,137,-0.391913,-0.533563,-0.164604,-0.496962
Q8K0D0,146,-0.00840238,-0.296266,-0.927131,-0.620218
Q8K0D0,164,-0.123342,-0.491364,-0.597954,-0.497455
Q8K0D0,165,0.105365,-0.0777735,-0.306731,-0.500068
Q8K0D0,180,-0.106221,-0.317542,-0.646136,-0.436911
Q8K0Y7,150,0.873459,0.448913,0.862326,2.58374
Q8K124,233,-0.180563,-0.209983,-0.06372,-0.226271
Q8K124,395,0.35534,0.348055,0.437866,0.383797
Q8K136,182,0.397936,0.352373,0.544733,1.03317
Q8K1A6,435,0.0440142,-0.121598,-0.0952362,-0.260016
Q8K1C9,276,0.0969856,-0.00059098,-0.127765,-1.50155
Q8K1I7,143,0.263987,0.245749,0.18796,0.191464
Q8K1I7,330,-0.117397,0.123022,0.07204,-0.263048
Q8K1I7,388,0.447984,0.786761,1.16387,0.393282
Q8K1I7,399,1.10042,1.14563,1.36741,0.404096
Q8K1J5,269,-0.12583,-0.00643338,-0.186683,-0.137569
Q8K1M6,622,0.802456,0.959758,0.828866,1.55385
Q8K1Y2,213,0.0401675,0.396762,0.117729,0.637125
Q8K1Y2,391,0.363371,0.689991,0.516703,0.875773
Q8K1Y2,734,0.905256,1.28723,1.20255,1.6786
Q8K205,62,-0.223026,-0.422002,-0.356054,0.179002
Q8K212,493,0.267904,0.0205446,0.188197,2.19543
Q8K212,779,0.60467,1.11562,0.982082,1.02085
Q8K224,934,-0.263436,-0.0475196,-0.576709,-0.966241
Q8K245,517,0.544013,0.722956,0.621024,0.791301
Q8K245,549,0.960503,1.21625,1.07783,1.24633
Q8K285,518,0.189217,0.151719,0.17839,0.0539639
Q8K285,554,1.43349,1.19879,1.59156,2.07439
Q8K296,613,0.24868,0.123594,0.127963,0.0774377
Q8K2A7,382,0.124469,0.557115,0.0798563,-0.604177
Q8K2C9,114,0.114517,0.236845,0.13579,0.35051
Q8K2C9,138,-0.0880754,-0.147616,-0.226793,-1.36444
Q8K2D3,131,1.48681,1.45084,1.51266,1.572
Q8K2F0,262,-0.0112022,0.000894047,-0.0573874,-0.148879
Q8K2F8,183,0.0982555,0.0194432,-0.0328824,-0.222013
Q8K2F8,192,0.270455,0.370786,0.167434,0.3505
Q8K2F8,216,0.100868,0.0796907,-0.0554192,-0.0657176
Q8K2I1,436,0.138743,-0.0415753,0.164493,-0.122862
Q8K2K6,181,0.592883,0.648699,0.359687,0.0463868
Q8K2L8,309,0.593493,0.670459,0.56991,-0.00238013
Q8K2P7,49,-0.0243814,0.15018,0.12217,0.0720744
Q8K2P7,52,-0.404841,-0.408399,-0.39548,-0.287557
Q8K2R5,10,-0.435118,-0.647094,-0.354174,-0.120227
Q8K2Y0,549,0.0848276,-0.190655,-0.370051,-0.896753
Q8K2Y0,715,-0.325584,-0.551697,-0.453095,-0.216075
Q8K2Y9,393,0.216602,0.247174,0.312435,1.20469
Q8K310,188,-0.747167,-0.910125,-0.878262,-1.58758
Q8K310,596,-0.297782,-0.597275,-0.851214,-1.34675
Q8K310,598,-0.570846,-0.744794,-0.740107,-0.866025
Q8K310,619,-0.261729,-0.342304,-0.457657,-1.09325
Q8K327,204,-0.316735,-0.301752,-0.345858,-1.05964
Q8K327,265,-0.259553,-0.236226,-0.291074,-0.336318
Q8K327,272,-0.471417,-0.811109,-0.889514,-0.976297
Q8K327,276,-0.417263,-0.617605,-0.652915,-0.108156
Q8K327,394,-0.185292,-0.57257,-0.255399,1.23335
Q8K327,405,-0.195702,-0.411149,-0.374257,0.404399
Q8K327,416,-0.148577,-0.0622928,-0.091811,-1.0079
Q8K327,434,-0.134216,0.0498879,-0.194573,-0.181382
Q8K327,448,-0.280922,-0.373466,-0.424148,0.0675809
Q8K327,464,-0.457,-0.673424,-0.546195,-0.212893
Q8K327,532,-0.586608,-0.803412,-0.711842,-0.0753572
Q8K327,593,-0.220901,-0.501291,-0.500929,0.51893
Q8K327,603,-0.259139,-0.434033,-0.274125,1.47645
Q8K352,142,0.923951,0.756445,0.90778,1.04334
Q8K352,146,0.135543,0.377694,0.323743,0.711599
Q8K352,38,0.965878,0.82502,0.274772,0.13418
Q8K352,97,-0.51725,-0.611408,-0.639403,0.0644251
Q8K382,536,1.28988,1.30737,1.84432,1.96854
Q8K382,707,-0.42641,-0.567266,-0.350529,-0.364319
Q8K389,485,-0.424237,-0.23918,-0.315648,-0.956641
Q8K394,1114,-0.389076,-0.283077,-0.399071,-1.18732
Q8K394,18,0.160211,0.168138,0.116872,-0.0463114
Q8K394,585,0.0943713,-0.0543484,0.0345941,0.0831614
Q8K394,87,0.253416,0.182615,0.0780541,0.21271
Q8K3A9,188,-1.05498,-1.15811,-1.08304,-1.36195
Q8K3A9,192,-0.97595,-0.970438,-0.974077,-0.632669
Q8K3A9,229,-0.474756,-0.62762,-0.276562,0.384848
Q8K3G5,108,-0.61704,-0.317646,-0.445994,1.82775
Q8K3G5,115,-0.216573,-0.159504,-0.152623,0.642317
Q8K3G5,59,0.209952,0.38043,0.37477,2.30631
Q8K3I9,293,0.103884,0.28289,0.267714,-0.563296
Q8K3W3,145,0.125283,0.117981,0.109716,-0.0369296
Q8K3W3,263,-0.081463,-0.199057,-0.175208,-0.1928
Q8K3W3,360,-0.215134,-0.169104,-0.132206,-0.107481
Q8K3W3,65,-0.0471011,-0.126823,-0.0998564,-0.13999
Q8K3X4,195,-0.0580703,-0.00820391,-0.0365895,0.165379
Q8K3X4,313,0.534711,0.586044,0.464063,0.0393905
Q8K3X4,526,-0.0356866,0.11286,-0.0165962,-0.00405268
Q8K3X4,69,-0.0196355,-0.121836,-0.01225,0.299102
Q8K3Z9,244,0.520626,0.425826,0.646418,-0.626052
Q8K3Z9,421,0.322609,0.363961,0.34594,-0.00559209
Q8K3Z9,82,-1.31164,-1.4614,-0.911768,-0.505025
Q8K3Z9,99,0.605311,0.812995,0.775299,-0.480955
Q8K4F0,303,0.671049,0.868339,0.810176,0.353408
Q8K4F0,319,-0.181916,-0.177651,-0.564441,-0.847301
Q8K4G5,396,0.205201,0.265611,0.266951,0.292117
Q8K4G5,475,0.0118586,0.0448581,0.0499029,-0.292877
Q8K4G5,496,-0.134256,-0.131941,0.0168988,0.147899
Q8K4G5,670,0.114645,0.167966,0.141306,-0.456796
Q8K4G5,738,-0.0660827,-0.0437412,-0.0546868,0.0445561
Q8K4G5,760,0.0834206,-0.028152,0.27504,0.59169
Q8K4G5,789,0.0745825,0.11503,0.111285,0.0722194
Q8K4I3,224,1.0892,1.027,1.05364,0.782512
Q8K4I3,487,0.0532651,0.0614566,0.0859605,0.0534067
Q8K4I3,554,-0.241412,-0.171404,-0.130139,-0.124754
Q8K4I3,639,-0.343912,-0.313432,0.0163715,0.151028
Q8K4I3,679,-0.341333,-0.420909,-0.111322,0.281855
Q8K4L0,74,0.0513739,-0.29721,-0.407826,-0.972422
Q8K4L3,227,1.22871,1.3055,1.35362,1.19326
Q8K4L3,632,0.330775,0.383709,0.371068,0.331187
Q8K4L3,666,-0.463356,-0.457452,-0.40698,0.0856395
Q8K4L3,857,-1.09439,-1.05413,-0.701002,-0.364011
Q8K4P0,1213,-0.672152,-0.860673,-0.761142,-0.677082
Q8K4R4,274,-0.312541,-0.273426,-0.327538,0.109311
Q8K4R4,299,-0.324911,-0.237484,-0.244628,-0.296074
Q8K4Z5,329,0.0233027,0.0435305,-0.0289605,-0.0454218
Q8K4Z5,357,-0.0506345,-0.0361652,-0.134438,-0.1268
Q8QZS3,313,-0.0499978,0.0735084,-0.13208,-1.06878
Q8QZT2,222,-0.308522,-0.317431,-0.324634,-0.896589
Q8QZV7,626,-0.0597587,-0.128742,-0.0999296,-0.178423
Q8R0G9,37,0.266929,0.504848,0.102428,-0.704802
Q8R0S2,179,-0.332138,-0.039003,-0.362127,0.0366141
Q8R146,187,0.141562,0.196643,0.0416815,0.394814
Q8R149,251,-0.142687,-0.156302,-0.376395,-0.236427
Q8R149,376,0.106729,0.214074,0.140352,-0.0691924
Q8R1B4,166,-0.0289288,-0.198203,-0.218875,-0.54914
Q8R1B4,39,-0.0819725,-0.147797,-0.156269,-0.45829
Q8R1F6,593,0.591875,0.727986,0.518479,0.800706
Q8R1G6,107,-0.892187,-0.979691,-0.995922,-0.53733
Q8R1G6,124,0.192003,-0.0916227,0.185553,0.432834
Q8R1G6,134,-0.359933,-0.566859,-0.439668,0.0479064
Q8R1G6,143,-0.696905,-0.869268,-0.537887,0.250745
Q8R1G6,204,0.0879708,0.183771,0.0526301,-0.162555
Q8R1G6,210,-0.318122,-0.412701,-0.340405,-0.22476
Q8R1G6,276,0.774681,1.02986,1.07252,0.900425
Q8R1G6,87,0.334033,0.441503,0.426475,0.643518
Q8R1M0,321,0.304266,0.184535,0.465498,0.7116
Q8R1Q8,207,0.827987,0.963214,0.964399,0.667683
Q8R1Q8,405,0.682297,0.840235,0.704216,0.424037
Q8R1Q8,510,0.102936,0.110596,0.0169893,-0.0620793
Q8R1Q8,516,0.518111,0.405964,0.388021,-0.0564466
Q8R1S4,636,0.571205,0.467847,0.4137,0.90023
Q8R2M2,255,-0.0533142,0.0354723,-0.155073,-0.810042
Q8R2M2,300,0.28473,0.328182,0.0953037,-0.232532
Q8R2M2,353,0.276828,-1.092,0.191473,3.09737
Q8R2M2,512,-0.226908,-0.603743,-0.465493,-0.602917
Q8R2M2,563,1.01894,0.939039,0.867869,-0.30546
Q8R2M2,612,-1.85901,-2.18238,-2.30521,-2.21739
Q8R344,165,0.21894,0.210261,0.0959467,0.13995
Q8R349,560,0.367657,0.495954,0.44792,-0.222549
Q8R3B7,264,0.0853218,0.122153,-0.0108628,0.0388293
Q8R3B7,284,-0.205487,-0.18955,-0.273402,0.133153
Q8R3B7,617,0.0754394,0.0184064,-0.130202,-0.690609
Q8R3C0,154,0.307893,0.264059,0.154655,-0.360658
Q8R3C0,298,0.417078,0.619876,0.269,-1.04141
Q8R3F9,688,-0.0912675,-0.429399,0.152334,0.237468
Q8R3N6,560,-0.356161,-0.425383,-0.361021,-0.623684
Q8R3Q0,326,2.3872,2.22292,2.07821,1.92946
Q8R3Q2,670,0.308573,0.376175,0.186957,0.389397
Q8R3Y8,436,-0.127305,-0.211997,-0.36289,0.0676353
Q8R4R6,258,0.807048,0.765392,0.769728,0.118685
Q8R4X3,413,-0.220713,-0.300252,-0.273341,-0.431121
Q8R4X3,424,0.157292,-0.102244,0.00217594,-0.00503664
Q8R550-3,10,0.147614,-0.082613,0.169431,-0.628078
Q8R550-3,193,0.724663,0.502763,0.677818,0.448278
Q8R550-3,550,0.31439,0.188626,0.288154,0.0401796
Q8R550-3,71,1.88734,0.633204,1.5616,-0.38477
Q8R5A3,507,0.0522904,0.228349,0.159856,0.204135
Q8R5A3,532,-0.270657,-0.461082,-0.427579,-0.298484
Q8R5A3,534,0.299156,0.188695,0.370693,-0.0129767
Q8R5A3,537,0.281275,0.41015,0.280186,0.123564
Q8R5A3,624,0.577733,0.748966,0.732508,0.240613
Q8R5H1,229,0.567731,0.769465,0.530592,0.0969357
Q8VBT0,223,0.319039,0.540901,0.424317,0.0663508
Q8VBT0,245,-0.0595672,-0.0623671,-0.176853,-0.281815
Q8VBT0,277,0.0817206,0.0223479,0.174601,0.236831
Q8VBT9,193,0.180017,0.180326,0.212935,0.158677
Q8VBT9,279,1.68507,1.79693,1.76684,1.41261
Q8VBV3,124,0.895927,0.998318,0.864976,0.0855769
Q8VBW5,242,0.35349,0.663325,0.484402,0.62697
Q8VC51,27,-0.135482,-0.302219,-0.682028,-0.347592
Q8VCD7,475,-0.517487,-0.935929,-0.80687,-2.24006
Q8VCE2,314,0.206374,-0.138053,-0.346931,-0.934856
Q8VCF0,152,0.857353,0.788021,0.871108,0.652235
Q8VD58,282,0.329104,0.384972,0.397329,0.0431702
Q8VD58,295,0.423595,0.663701,0.68982,0.755713
Q8VD65,905,0.358323,0.235463,0.784625,0.57169
Q8VDD5,1916,0.990501,0.785002,0.937214,0.811017
Q8VDD5,1943,0.0801133,-0.0112861,0.109577,0.139127
Q8VDD9,1315,0.248763,0.0907197,-0.220621,-0.798078
Q8VDG3,556,-0.208885,-0.227828,-0.250513,-0.224125
Q8VDG3,573,0.100475,-0.00533516,0.15725,-0.00858494
Q8VDI1,39,-0.556956,-0.884839,-0.707574,-0.339581
Q8VDM4,361,0.224961,0.144097,-0.0367377,-0.563099
Q8VDN2,64,0.0229572,0.0848219,0.0414808,-0.294275
Q8VDN4,194,0.788092,1.0138,1.18229,1.29959
Q8VDP3,777,-0.432288,-0.483407,-0.373286,-0.40086
Q8VDP3,794,-0.0931588,-0.0665321,-0.0167723,-0.185242
Q8VDP4,298,-0.0330136,-0.0733003,-0.0174659,-0.853141
Q8VDP4,568,-0.174882,-0.130058,-0.220924,-0.728672
Q8VDP4,625,1.65363,1.76133,1.62517,0.365249
Q8VDP4,677,0.304986,0.348203,0.3549,0.716176
Q8VDS4,156,0.12685,0.0556553,-0.0356753,0.390766
Q8VDY9,183,0.280505,0.321081,0.340165,0.604664
Q8VDZ4,348,0.49289,-0.020985,0.388719,-0.475539
Q8VDZ4,432,0.0651881,-0.31069,-0.183898,-0.612035
Q8VDZ4,554,0.631375,0.306384,0.583383,0.795642
Q8VDZ4,621,0.0677903,-0.0262138,0.0879985,-0.204547
Q8VDZ4,694,0.146605,-0.207842,-0.0998749,-0.542435
Q8VE37,11,0.115079,0.0967177,-0.0300851,-1.06993
Q8VE65,51,-0.0158508,-0.0411479,-0.0729674,-0.704213
Q8VE88,119,0.860706,1.04755,1.07964,0.446236
Q8VEJ9,97,0.175142,0.0867285,0.165228,0.786971
Q8VEK3,187,0.250573,0.244214,-0.0636295,-0.0555856
Q8VEK3,247,0.00409342,-0.0691732,-0.0607384,-0.289411
Q8VEK3,58,-0.507341,-0.292557,-0.380316,-0.346305
Q8VH51,100,-0.0249931,0.223131,-0.0179418,-0.628285
Q8VH51,117,-1.1302,-1.25574,-1.31772,-1.96008
Q8VH51,136,-0.0570702,-0.0335176,-0.151759,-0.486669
Q8VH51,97,-0.146075,-0.0310842,-0.130749,-0.12811
Q8VHR5,121,0.624846,0.713549,0.761392,0.352354
Q8VHR5,335,0.310601,0.476265,0.18126,-0.501534
Q8VI36,130,0.302389,0.211391,0.351656,0.417689
Q8VI36,322,0.0459117,0.0369414,0.0509562,-0.428104
Q8VIJ6,265,-0.550199,-0.763446,-0.466795,-0.568789
Q8VIJ6,275,-0.512361,-0.68949,-0.662862,-1.10798
Q91V04,365,0.350629,0.394408,-0.0810004,-0.802907
Q91V08,12,0.75733,0.747981,0.780637,0.514901
Q91V08,16,-0.378263,-0.557086,0.047938,-0.0484463
Q91VE6,249,-1.43153,-1.09787,-1.58826,-2.75294
Q91VE6,270,-1.03051,-1.02344,-1.206,-2.60154
Q91VE6,304,0.342018,-0.139513,-0.173622,1.11335
Q91VH2,175,0.251335,0.409258,0.145933,-0.211464
Q91VL8,200,0.274922,0.452184,0.317853,1.46692
Q91VM5,165,1.44771,1.3908,1.03795,-0.150489
Q91VM5,205,0.246957,0.756432,0.306842,0.370762
Q91VM5,349,-0.299855,-0.0650617,-0.279599,-0.48513
Q91VN6,23,0.0980365,0.429759,0.464042,0.0763585
Q91VW5,93,-0.339227,-0.118353,-0.0909487,0.603944
Q91VY9,145,1.53456,1.67555,1.54939,1.5532
Q91W39,126,-1.45E-05,0.0054388,-0.0637512,-0.181586
Q91W39,378,0.364366,0.27309,0.324434,0.619389
Q91W40,501,0.14476,0.167615,0.0212749,0.0687743
Q91WE1,148,0.256551,0.180884,0.128989,0.255707
Q91WK0,111,0.0297948,0.296698,0.0275663,-0.00764861
Q91WK2,183,0.0521939,0.0374015,0.0629782,-0.419267
Q91WM3,470,0.0736544,-0.156852,-0.180435,-0.513452
Q91WT4,112,-0.0181236,0.191988,0.00124356,0.371594
Q91X20,618,0.113091,0.0690003,0.0758638,0.147193
Q91X20,96,0.177686,0.0708653,-0.000962578,0.203724
Q91X46,398,-0.845431,-0.915899,-1.22661,-1.2522
Q91X58,173,0.537776,0.291166,0.244107,0.649541
Q91X58,187,0.247577,0.129501,0.0393995,-0.17653
Q91X84,329,1.53931,1.73788,1.57104,1.20911
Q91X84,370,0.71459,0.93092,0.786149,1.10959
Q91X84,62,1.26437,1.46802,1.18304,1.0433
Q91XB0,272,0.0954858,0.261375,0.087997,-1.0049
Q91XB0,78,0.585328,0.621713,0.794289,-0.640504
Q91XU0,116,-0.301006,-0.18711,-0.0576238,-0.611417
Q91XU0,153,-0.00715451,0.106338,0.0170388,-0.106071
Q91XU0,65,-0.0529433,-0.0550293,-0.20439,-0.747181
Q91XU0,75,-0.152417,-0.131839,-0.0581822,-0.100802
Q91YD3,545,-0.00267695,0.0239914,0.000874117,-0.349036
Q91YE7,59,-0.106774,-0.0910672,-0.0540308,-0.161313
Q91YK2,405,-0.120147,-0.202858,-0.409603,-0.568357
Q91YK2,528,0.0795995,-0.0995564,-0.242313,-0.389954
Q91YK2,705,-0.0691014,-0.247268,-0.298274,0.112819
Q91YL3,539,0.105066,-0.0505364,-0.104526,0.120651
Q91YL3,63,0.412273,0.0989316,0.37264,0.431828
Q91YT7,39,0.363822,0.325249,0.108023,-0.831933
Q91YU8,362,0.207917,0.164004,0.211141,-0.000342123
Q91Z67,206,0.645303,0.627906,0.582865,0.098638
Q91Z67,427,-0.238612,-0.230929,-0.507569,-0.293971
Q91ZW3,115,0.0938001,-0.17749,0.153506,1.61065
Q91ZW3,65,-0.0835235,-0.110548,-0.12566,0.201494
Q920B9,650,1.08822,1.36155,1.24904,0.214797
Q920Q8,338,-0.629707,-0.775632,-1.2361,-1.24135
Q921C3,1830,-0.00637294,0.695631,-0.0718483,0.359326
Q921Y0,35,-0.285454,-0.446003,-0.853239,-1.87352
Q921Y4,440,-0.0204632,-0.129582,-0.142686,-0.160888
Q922D8,549,0.631653,1.04314,0.96286,-0.0256988
Q922J3,194,0.036201,0.106612,0.387379,-0.203244
Q922J3,311,-0.35056,-0.255804,-0.246502,-0.454667
Q922J3,47,-0.0596625,0.0518695,-0.172128,-0.280991
Q922M5,136,-0.447822,-0.220222,-0.543873,-0.743512
Q922M5,185,-0.0715921,0.00588571,0.110924,-0.303191
Q922M7,189,0.131869,0.158219,0.158003,-0.110844
Q922Q2,22,-0.0657181,-0.14049,-0.128341,-0.691535
Q922U1,469,-0.0362966,-0.0770456,-0.194284,-0.450116
Q922U1,619,-0.0360219,-0.216594,-0.0843308,-0.127021
Q922Y1,188,-0.13503,0.018238,-0.212551,-1.11285
Q922Y1,200,0.904879,0.924179,0.854389,0.962651
Q923B1,491,-0.174078,-0.230322,-0.0340388,0.275222
Q923B1,505,-0.185805,-0.42086,-0.259456,-0.341781
Q923D5,237,-0.125907,-0.16441,-0.133494,-0.0798365
Q923F1,100,-0.0175879,-0.161455,-0.18601,-0.618382
Q923T9,287,-0.105815,-0.338433,-0.458959,-0.955887
Q923T9,315,0.633596,1.09379,0.762762,2.09795
Q923T9,325,1.85196,1.67709,1.6623,1.41434
Q923W1,152,-0.171746,-0.191738,-0.193069,-0.606353
Q924A2,1080,0.267068,0.23541,0.241623,-0.0179724
Q924A2,1184,-0.273957,-0.232892,-0.0285384,0.0251882
Q924A2,1403,-0.105061,-0.208071,-0.0596493,-0.902644
Q924A2,643,0.363335,0.297633,0.37153,0.0343988
Q924A2,766,0.316943,0.284964,0.284077,-0.161758
Q924A2,778,0.0946393,0.326293,-0.180534,0.401409
Q924H7,511,-0.047079,0.0229009,-0.0410849,0.258628
Q924H7,64,-0.166193,-0.171459,-0.109624,-0.293111
Q924N4,32,0.0432118,0.217413,0.102526,0.155404
Q924N4,991,0.119454,0.000444442,-0.0429871,-1.1519
Q924W5,1097,-0.382126,-0.0695041,-0.150207,0.18365
Q925J9,1051,-0.025686,-0.130019,-0.170099,-0.449568
Q925J9,1209,-0.802283,-0.987244,-0.589622,1.24826
Q925J9,1442,-0.344482,-0.471717,-0.503573,-0.421182
Q925J9,805,-0.425599,-0.517824,-0.446509,-0.337128
Q925T4,273,-0.101014,-0.0276279,-0.35737,-1.01818
Q93092,237,0.202648,0.218079,0.282508,0.872072
Q99020,260,0.436547,0.363129,0.360629,0.367571
Q99J09,5,0.234258,0.253709,0.0934055,-0.720399
Q99J27,16,0.652781,0.368896,0.504809,0.29808
Q99J36,119,0.305475,0.166004,0.206993,0.452884
Q99J36,86,-0.046789,0.00907392,-0.23167,-0.033452
Q99J36,88,0.120924,0.608848,-0.144962,-0.0965931
Q99J45,422,1.49786,1.77211,1.80278,0.583766
Q99J45,433,-0.252035,-0.212019,-0.43964,-0.476986
Q99J77,275,0.023417,0.144593,-0.0954171,0.0491453
Q99J79,12,-0.351199,-0.358999,-0.245898,0.461098
Q99JF8,106,0.0859151,0.125512,0.155202,0.233562
Q99JF8,129,-0.0206366,-0.250321,-0.190603,-1.13275
Q99JF8,141,-0.0798851,0.166107,0.336323,2.06093
Q99JH1,147,1.08142,1.19532,0.848254,-0.147453
Q99JH1,9,0.092939,0.169526,-0.107285,-0.624854
Q99JP4,42,0.0159355,-0.0907959,0.214567,0.400934
Q99JX3,225,0.177866,0.196623,0.173798,-0.215406
Q99K01,687,-0.0484512,-0.155554,-0.210539,-0.857401
Q99K28,431,-0.207762,-0.33376,0.0355906,0.312876
Q99K74,871,0.18909,0.182533,0.193535,0.358659
Q99K85,344,0.234776,0.255202,-0.298858,-1.7903
Q99KG3,723,0.0249674,0.015744,0.0116336,-0.0855033
Q99KG3,797,0.0666703,0.246799,0.237629,0.520031
Q99KK1,209,-0.202724,-0.237117,-0.453189,-1.08526
Q99KK9,66,-0.177341,-0.045234,0.009552,0.37022
Q99KR3,279,0.00679725,0.0705467,0.125894,0.128807
Q99KR6,258,-0.100142,0.154947,-0.345334,-0.312406
Q99KX1,237,0.0667486,-0.134637,-0.357155,-0.410027
Q99KY4,809,0.849471,0.9295,1.03575,0.349079
Q99KZ6,88,0.106151,0.622561,0.213448,0.645399
Q99L02,236,0.379308,0.362377,0.356698,0.341908
Q99L43,20,0.938017,0.905846,0.885524,0.988402
Q99L43,32,0.161703,0.232956,0.168297,0.06695
Q99L48,468,-0.130184,-0.686602,-0.573529,-0.653641
Q99L88,218,-0.229837,-0.121814,-0.138777,0.116935
Q99LD4,454,0.848572,0.935583,0.84153,-0.572082
Q99LH1,504,-1.35729,-1.53309,-1.60987,-1.54537
Q99LH1,647,-0.202568,-0.273299,-0.342413,-0.618278
Q99LL5,49,-0.743471,-0.98609,-0.597077,-0.578881
Q99LL5,493,-0.206799,-0.684348,-0.293155,-0.497605
Q99LW0,232,-0.120154,0.0371013,-0.214278,-0.407503
Q99M28,251,-0.110661,-0.0931905,-0.170056,-0.179543
Q99M28,27,-0.00932121,-0.195876,0.0106768,0.338282
Q99M31,61,0.555212,0.405019,0.44864,1.09092
Q99M51,66,-0.733414,-0.484718,-1.19482,-1.34729
Q99M51,85,0.217276,0.0950853,0.536675,0.464181
Q99ME9,578,-0.471944,-0.306411,-0.153274,-0.0119949
Q99MJ9,85,-0.343789,-0.134215,-0.0905701,0.226787
Q99MK8,670,-0.210793,-0.227618,-0.276673,-0.629129
Q99MR1,228,-0.0137473,0.101563,-0.061869,-0.159521
Q99MR1,413,0.284235,0.354376,0.352477,-0.201665
Q99MR6,136,-0.884201,-1.55673,-0.800675,-1.05692
Q99MR6,21,0.0760955,0.0833226,0.381743,0.772089
Q99MR6,543,0.409569,0.526769,0.453488,0.103771
Q99MR6,67,0.0215188,-0.0663913,-0.00456185,-0.0353785
Q99MR6,74,0.207546,0.152858,0.194072,0.0624306
Q99N20,237,0.087138,-0.0330682,0.0709102,1.07873
Q99N57,43,0.0884306,0.779356,0.1535,-0.295786
Q99N57,642,0.684164,1.36516,0.44657,-0.268229
Q99N69,188,0.420034,0.658051,0.447845,0.367181
Q99N69,54,1.46626,1.65969,1.51108,1.05672
Q99NA9,118,0.227388,0.38817,-0.00650169,-0.201997
Q99NF3,114,0.485576,0.478208,0.647635,0.427414
Q99NH0,1705,0.127732,-1.0027,-0.105903,1.78344
Q99NH0,2063,0.0378992,-0.561019,-0.0528858,1.15871
Q99NH0,2401,0.280053,0.33023,0.250613,0.0313735
Q99P31,349,0.339742,0.152558,-0.0175626,-1.11718
Q99P72,105,-0.695938,-0.788607,-0.782661,-1.44322
Q99P88,992,0.479443,0.592976,0.471044,-0.0487117
Q99PG2,403,0.130994,-0.0295475,-0.016749,-0.378388
Q99PL5,135,0.106868,-0.0566978,-0.15068,-1.60234
Q99PL5,766,0.0456355,-0.0887584,-0.189933,-1.33751
Q99PL5,786,-0.147626,-0.218316,-0.332601,-1.70291
Q99PL6,36,0.593429,0.857191,0.651329,0.77895
Q99PP2,1038,-0.0429895,0.0851584,-0.0717485,-0.463666
Q99PP2,1059,0.299789,0.371247,0.440771,0.405778
Q99PP2,1988,-0.0852387,-0.0286656,-0.046969,-0.148864
Q99PP2,2140,-0.0516274,-0.313267,-0.184326,-0.230622
Q99PP2,557,-0.116492,-0.105482,-0.195377,-0.555689
Q99PT3,370,-0.119722,-0.299268,-0.234415,-0.347077
Q99PT3,375,-0.293581,-0.462638,-0.497243,-0.377544
Q99PV8,128,0.825018,0.920893,0.872534,1.21634
Q99PV8,260,0.0800094,0.240332,0.213753,0.444932
Q99PV8,318,0.446182,0.49011,0.430617,0.695592
Q99PV8,381,0.0384753,0.183435,0.126996,0.424422
Q99PV8,398,0.272758,0.386679,0.710796,1.10938
Q99PV8,416,0.257313,0.420621,0.407625,0.47489
Q99PV8,495,2.21348,2.2419,2.34338,1.88648
Q99PV8,496,1.70937,1.92946,1.57799,1.19056
Q99PV8,743,0.192697,0.184125,0.234606,0.368429
Q99PV8,744,0.301707,0.438906,0.476562,0.41591
Q9CPW4,77,0.257382,0.30287,0.457825,0.624159
Q9CQ22,28,0.166583,0.168652,0.0212002,0.309298
Q9CQC6,391,0.361714,0.210464,0.207817,-1.32706
Q9CQC6,411,-0.0214409,-0.11001,-0.491256,-1.22649
Q9CQE5,10,-0.960681,-1.0057,-1.05559,-0.413458
Q9CQE6,166,-0.235926,-0.469638,-0.275309,-0.975929
Q9CQF4,106,-0.242082,-0.231454,-0.124353,-0.0884374
Q9CQI6,141,-0.290684,-0.254154,-0.114601,0.465197
Q9CQJ7,162,-0.104573,0.225043,-0.331725,-1.37809
Q9CQL1,106,-0.0629402,-0.231504,-0.298572,-0.286478
Q9CQS5,433,0.162837,0.0567065,-0.195471,-1.30817
Q9CQT2,136,-0.135186,-0.348365,-0.232362,-0.760904
Q9CQV4,26,0.00204637,0.00759471,0.0216809,-0.0315533
Q9CQV4,313,0.0562698,-0.675607,0.0282391,-0.0883191
Q9CQX8,60,0.47866,0.644194,0.946536,1.0608
Q9CR00,128,0.142576,0.0302086,0.0501395,-0.391252
Q9CR25,188,-0.0684831,-0.177629,-0.217748,-0.790543
Q9CR25,488,-0.193129,-0.476447,-0.314588,-0.672502
Q9CR86,42,0.334568,0.155805,0.146145,0.0393937
Q9CR86,53,0.312866,0.080201,0.188826,0.038971
Q9CR89,11,0.0266098,-0.028533,0.0818285,-0.759896
Q9CRA5,35,-0.246442,-0.461719,-0.632893,-0.537298
Q9CRA8,23,0.0255618,-0.0410758,0.0716179,-0.0693535
Q9CSU0,134,0.259718,0.544867,0.428904,0.331263
Q9CT10,146,0.0880523,0.141586,0.0415163,-0.640888
Q9CT10,148,1.37159,1.44681,1.43719,0.715169
Q9CT10,257,0.123833,0.121757,0.145515,-0.270749
Q9CT10,463,0.158084,0.163445,0.145602,-0.0028851
Q9CU65,144,-0.467666,-0.472193,-0.410042,-1.22569
Q9CU65,305,-0.48785,-0.707904,-0.571174,-0.54839
Q9CW03,1067,-0.106161,0.0372207,-0.096297,-0.163142
Q9CW46,494,0.751966,0.428177,0.274612,0.542107
Q9CW46,576,-0.354532,-0.423438,-0.35219,0.423251
Q9CW46,626,-0.0926878,-0.170754,-0.132713,-0.0961726
Q9CWE0,100,-0.217994,-0.170884,-0.254801,-0.312878
Q9CWE0,235,-0.0984538,-0.200894,-0.11316,0.215949
Q9CWK3,196,-0.0764079,-0.0151474,-0.0682606,-0.0805103
Q9CWK3,49,0.0172864,0.0107749,-0.175529,-0.309414
Q9CWK8,104,0.121575,0.0572099,-0.093769,0.136378
Q9CWK8,226,1.42358,1.22951,1.0354,0.818257
Q9CWL8,545,0.152399,0.132485,0.125369,-0.639305
Q9CWU4,156,0.117225,0.141863,0.0667064,-0.15128
Q9CWW7,228,-0.131743,-0.0522658,-0.204895,0.313698
Q9CWY8,258,0.0351008,0.00720787,0.157896,0.752582
Q9CWY8,300,0.0531117,0.152865,0.392692,0.340977
Q9CWZ3,56,0.0837889,0.0373129,0.237565,-0.00783702
Q9CX66,177,0.451994,0.139079,0.285324,1.01067
Q9CX84,80,0.208424,0.0308083,0.239153,0.308594
Q9CXF4,205,0.209254,0.426643,0.259453,0.165167
Q9CXG3,393,0.20307,-0.203345,0.152494,-0.194189
Q9CY58,234,2.3254,2.33748,2.17101,1.27833
Q9CY58,391,0.692327,0.601585,0.453375,-0.707179
Q9CY58,393,0.36826,0.1325,-0.154812,-0.502073
Q9CYA6,601,0.377008,0.139829,0.265703,0.612479
Q9CYG7,186,0.391029,0.491622,0.335943,0.458659
Q9CYX7,265,0.038501,-0.0802893,-0.272918,-0.772224
Q9CYZ2,206,0.437373,0.361112,0.312713,0.216125
Q9CYZ2,213,0.399524,0.343668,0.228191,0.088643
Q9CZ44,114,-0.241288,-0.569899,-0.546662,-1.25136
Q9CZ44,140,0.187992,0.0523887,0.127821,0.513054
Q9CZ44,176,-0.740197,-0.801746,-0.831501,-1.07125
Q9CZ91,276,-0.174983,-0.0144907,-0.211947,-0.347959
Q9CZB3,172,0.167881,0.127231,0.0818002,0.761989
Q9CZP3,28,-0.268121,-0.0397996,-0.344011,-0.427386
Q9CZV5,106,0.0521898,-0.0673747,0.0384812,-0.195511
Q9CZW5,88,-0.157111,-0.225506,-0.370359,-0.862278
Q9CZX9,36,1.33574,1.46694,1.36808,0.350156
Q9D067,556,0.175227,0.121207,0.321818,0.395664
Q9D0B0,190,-0.145287,-0.233575,-0.0970115,-0.304803
Q9D0B0,205,0.00912587,-0.0520904,0.056375,-0.0562342
Q9D0B0,212,-0.116237,-0.148371,-0.0972718,-0.351269
Q9D0E1,445,-0.83153,-0.769369,-0.497542,-0.598802
Q9D0E1,527,-1.67686,-1.53725,-1.33946,-0.656189
Q9D0E1,574,-0.749405,-0.863786,-0.820569,-1.05407
Q9D0E1,632,0.0939086,0.233863,-0.0432772,-0.359447
Q9D0F4,147,0.28741,-0.287161,-0.162098,-0.397329
Q9D0F9,115,0.054124,-0.169322,0.0213379,-0.44513
Q9D0F9,117,0.265918,-0.0936742,0.0529939,-0.151178
Q9D0J8,5,0.462565,0.33258,0.50991,0.235882
Q9D0L7,43,-0.303918,-0.414899,-0.414717,-0.26681
Q9D0L8,100,-0.182461,0.0682711,-0.0412642,0.391214
Q9D0L8,34,-0.0270607,0.0733284,-0.105341,0.273545
Q9D0L8,64,-0.0794208,0.0211678,0.0656509,1.52863
Q9D0R8,75,-0.119118,-0.358118,-0.514912,-1.14853
Q9D0R9,17,0.0843879,0.118156,0.00574893,-0.489131
Q9D0V7,36,-0.012077,-0.0510455,0.106193,-0.279324
Q9D168,127,0.0482753,0.030843,-0.0809488,-0.324877
Q9D168,377,0.230157,0.0451978,0.156021,0.175781
Q9D1J3,163,-0.939436,-1.37603,-1.54682,-1.67173
Q9D1M1,105,0.041774,-0.364094,0.0215595,-0.0264323
Q9D1P4,125,0.290268,0.0201744,0.0317941,-1.06841
Q9D1R2,157,-0.0887744,-0.170922,-0.162821,-0.416671
Q9D1R9,12,-0.829581,-0.934928,-1.12406,-2.36909
Q9D219,291,0.135885,0.00129291,-0.0159628,0.240606
Q9D219,686,0.112609,-0.118466,0.0701632,0.136726
Q9D2E2,349,-1.43336,-1.55292,-1.62034,-1.98122
Q9D2H6,78,-1.19373,-1.4653,-1.09096,1.64992
Q9D2L9,59,0.344215,0.0889782,-0.0016861,-0.604054
Q9D2Q3,423,-0.13793,-0.158856,-0.37303,-0.887214
Q9D2U9,8,-0.235232,-0.194717,-0.221494,-2.83401
Q9D2V7,428,0.939198,1.23694,0.900875,1.3884
Q9D3U0,82,-0.352978,-0.527195,-0.48828,-0.279734
Q9D486,349,0.0442204,0.181005,0.0613458,-0.0174076
Q9D4C5,165,-0.145877,-0.195648,-0.286247,-0.462399
Q9D4H1,432,-0.0541885,-0.241707,-0.262153,-0.753277
Q9D4H9,828,-0.163268,0.0432447,-0.35715,-0.71718
Q9D4V4,39,-0.514276,-0.72543,-0.813972,-0.624433
Q9D5D8,111,0.0294067,-0.0284651,-0.235033,-0.0883705
Q9D5K4,294,0.357591,0.495419,0.201729,-0.501537
Q9D5V6,262,-0.0967463,-0.16428,-0.087827,0.00285584
Q9D659,232,-0.115845,-0.272247,-0.385652,-0.00565791
Q9D6N5,89,0.1239,-0.0743572,-0.147248,-0.317657
Q9D6W8,201,-0.188022,-0.142654,0.111292,-0.106271
Q9D6W8,43,0.771887,0.683715,0.780188,0.512695
Q9D6Z1,462,-0.23176,-0.398845,-0.149035,0.402688
Q9D6Z1,513,0.117521,0.120561,0.0329075,-0.0337932
Q9D6Z1,536,-0.237943,-0.368814,-0.531102,-0.66632
Q9D6Z1,554,0.161915,0.0718502,-0.0605955,-2.06309
Q9D735,111,-0.83766,-1.18562,-1.35692,-1.36086
Q9D7P6,15,0.370923,0.825024,0.647131,1.0056
Q9D7P6,30,0.239655,0.624878,0.488246,0.830745
Q9D7S7,118,-0.0956696,0.123483,0.0453058,-0.251228
Q9D7S7,120,0.0212589,0.0931639,-0.039189,-0.757699
Q9D7Z3,129,-0.206735,-0.564097,-0.311987,0.157245
Q9D824,235,0.153245,-0.0987228,0.0110744,1.55665
Q9D824,280,0.00380842,0.0342546,0.0902039,0.0780044
Q9D824,479,-0.117438,-0.0530007,-0.127173,-0.313572
Q9D842,131,-0.235585,-0.202442,-0.156399,-0.020234
Q9D8B3,223,-0.0256357,-0.0438023,0.0658496,0.170287
Q9D8E6,295,-0.0230808,-0.445366,-0.0954612,1.1443
Q9D8M7,326,0.116596,1.69262,1.36924,2.26139
Q9D8N0,46,0.0466501,-0.196979,-0.233789,-0.478893
Q9D9K3,82,0.0334473,0.188918,0.202036,-0.171009
Q9D9Z5,95,-0.145538,-0.534755,-0.247198,-0.546772
Q9DAZ9,280,0.0852021,-0.125837,0.101427,-0.0950715
Q9DB52,144,-0.728585,-0.607698,-0.328892,-1.08873
Q9DB52,186,-1.51777,-1.22024,-0.901018,-2.79158
Q9DB52,267,-0.64377,-0.603347,-0.364373,-0.959853
Q9DB52,34,-0.631533,-0.798011,-0.499855,-0.571224
Q9DB52,73,-1.34037,-1.26724,-0.993609,-1.66211
Q9DB85,105,-0.240133,-0.352555,-0.484095,-0.767633
Q9DB96,214,0.176338,0.162896,-0.0560426,-0.231615
Q9DBC7,77,0.759881,0.623151,0.460394,-0.0651316
Q9DBC7,83,-0.256757,-0.238647,-0.293215,-0.251751
Q9DBD5,751,0.0238903,0.0437629,0.00551607,-0.143505
Q9DBF7,328,-0.909734,-1.22079,-1.23003,-1.82835
Q9DBJ1,118,0.236931,0.127283,0.297436,-0.208393
Q9DBR0,552,-0.0913571,-0.124384,-0.22823,0.0197315
Q9DBR1,448,-0.521133,-1.0801,-0.709528,-0.623105
Q9DBR1,471,-0.0668742,-0.217819,-0.280992,-0.388139
Q9DBR1,475,-0.220696,-0.0181795,-0.225496,-0.315596
Q9DBR1,499,0.174165,0.0881933,-0.00971609,-0.370274
Q9DBR1,678,0.296828,0.689248,0.596455,0.79206
Q9DBR7,445,0.300258,0.427254,0.230001,0.648127
Q9DBS5,590,0.106633,0.0609359,0.05765,-0.344507
Q9DBS5,611,0.302587,0.191116,0.121219,-0.202743
Q9DBT3,212,-0.176262,-0.304092,-0.939873,-0.877013
Q9DBT5,109,-0.0444992,0.0425431,-0.240539,-0.593465
Q9DBT5,87,-0.144422,-0.290822,-0.112815,0.174404
Q9DBU6,331,0.093257,0.0351653,0.317665,0.521798
Q9DBU6,61,-0.0593591,-0.130578,-0.0112652,-0.066018
Q9DBX1,91,0.980356,0.988589,0.839638,-0.235371
Q9DBX1,97,0.880937,1.00282,1.0207,0.00773424
Q9DBY0,546,0.00162408,0.366485,0.193536,-0.292854
Q9DBY8,190,0.135797,0.0619167,0.0940903,-0.112533
Q9DC04,589,0.0815855,0.0739645,0.267795,0.329511
Q9DC04,686,-0.161969,-0.21695,-0.274039,-0.257144
Q9DC04,712,0.222329,0.113012,0.097852,0.242933
Q9DC04,776,0.313724,-0.24524,0.866356,0.626466
Q9DC04,963,0.127714,0.241809,0.280324,0.493599
Q9DC33,104,0.278578,0.33112,0.421844,0.782377
Q9DC40,457,0.114384,-0.0711539,-0.170775,-0.522941
Q9DC40,835,0.0926824,0.0531041,-0.0753508,-1.12244
Q9DCC8,138,0.201705,-0.0756539,-0.147112,-0.401006
Q9DCE5,361,-0.15783,-0.288365,-0.334476,-0.167472
Q9DCF9,105,-0.669049,-0.965454,-0.565174,0.294456
Q9DCH4,262,-0.0233222,-0.34006,0.0235578,0.448414
Q9DCS2,149,0.0139664,0.0601336,0.187045,-0.238826
Q9DD18,197,-0.299702,-0.225218,-0.131663,0.347788
Q9EP53,581,0.12696,0.412058,0.325175,0.0743998
Q9EP82,392,-0.138705,-0.0704428,-0.328357,-0.405185
Q9EP82,397,-0.128022,0.0234012,-0.0782429,0.373581
Q9EP97,206,-0.0780849,0.258167,-0.168054,-0.817005
Q9EP97,226,0.0558977,0.0870426,0.0647691,-0.58485
Q9EPQ8,1699,-0.0557429,0.51434,0.0379227,-0.222246
Q9EPQ8,588,-0.028006,0.329781,0.0835539,0.111626
Q9EQ28,306,0.00538942,0.216663,0.0252542,-0.566366
Q9EQ28,454,0.496755,0.463616,0.399651,-0.960314
Q9EQC5,743,0.223113,0.110769,0.133955,-0.41365
Q9EQM6,377,0.906964,0.323679,0.771644,0.902197
Q9EQN3,165,-0.0305266,-0.265514,0.296815,0.823915
Q9EQN3,200,0.552114,0.692548,0.545797,1.01915
Q9EQN3,271,0.830622,0.847772,0.753806,0.474421
Q9EQN3,62,0.0161373,0.0122378,-0.0846813,-0.281853
Q9EQP2,482,1.17902,0.996777,0.941189,-1.61753
Q9EQR5,207,-0.269421,-0.321331,-0.150296,0.699706
Q9EQR5,261,0.00922821,-0.384448,-0.720765,0.246393
Q9EQR5,87,0.43107,0.104955,0.367896,0.332727
Q9EQU5,30,-0.0201309,-0.0692811,-0.143787,0.0208068
Q9ERA6,211,0.0323568,-0.0772681,-0.00956024,-0.121438
Q9ERL0,261,-0.176572,-0.204638,-0.433786,-0.418496
Q9ERL0,463,0.00564042,-0.0279409,-0.049043,0.182261
Q9ERS5,314,-0.188753,-0.227083,-0.396039,0.116196
Q9ERS5,349,0.506177,0.22574,0.325968,0.11247
Q9ERU9,1101,0.838889,0.996445,1.14869,0.603486
Q9ERU9,1438,0.497545,0.821993,0.776883,-0.0476626
Q9ERU9,2113,0.174869,0.056265,0.358376,2.04218
Q9ERU9,2342,1.91602,2.16823,2.06931,1.17031
Q9ERU9,2348,0.70615,0.884865,0.836201,0.102159
Q9ERU9,2505,-0.170684,-0.081101,-0.117274,-0.0141626
Q9ERU9,788,0.55399,0.704336,0.714176,1.42326
Q9ERU9,954,0.502239,0.77891,0.877033,1.222
Q9ERV1,139,1.3036,1.05425,1.15101,0.525791
Q9ES00,101,-0.234261,0.0844171,0.0119901,-0.723824
Q9ES00,83,0.319604,0.66689,0.542966,0.11923
Q9ES00,88,0.549221,0.759837,0.618824,0.505077
Q9ES28,497,0.0718328,0.0625181,0.0821762,-0.0687792
Q9ES28,673,0.972892,1.10486,1.05398,1.19952
Q9ES28,776,0.606512,0.314754,0.688762,1.2065
Q9ES52,1038,0.221324,0.304532,0.129547,0.00399552
Q9ES52,246,0.532564,0.625969,0.714149,0.648502
Q9ES52,260,0.427974,0.464005,0.633826,0.671779
Q9ES52,868,-1.03255,-0.57102,-0.644779,-0.0123969
Q9ES52,935,0.526013,0.579303,0.580884,0.475873
Q9ES52,972,0.119566,0.288613,-0.0519145,0.818858
Q9ESC8,1055,-0.0110731,-0.113016,-0.00205397,-0.129965
Q9ESC8,689,-0.0940944,-0.378018,-0.194467,-0.0299174
Q9ESC8,809,0.0582007,-0.428453,0.0847165,0.481738
Q9ESJ0,521,-0.527851,-0.526362,-0.525159,-0.407584
Q9ESK9,237,0.142368,0.165161,0.285369,0.261821
Q9ESN9,586,0.556243,0.756385,0.0190073,-0.129613
Q9EST3,137,0.190187,0.251473,-0.0117475,-1.61132
Q9EST3,563,0.0175442,0.085816,-0.166401,-0.861904
Q9EST3,586,0.245584,0.215269,0.222665,-1.17984
Q9EST3,77,-0.00610918,0.139014,-0.0627767,-0.408534
Q9EST3,949,0.0707215,-0.0842839,-0.131741,-0.904806
Q9EST5,265,-0.0733411,-0.0169644,-0.1608,-0.160601
Q9ESU6,1153,-1.17818,-1.28474,-1.23958,-0.618193
Q9ESU6,468,0.0109547,0.0317093,-0.0412641,0.508128
Q9ESU6,602,-0.0775173,-0.0741538,-0.095092,-0.305756
Q9ESU7,28,-0.568503,-1.21023,-0.851889,-0.426008
Q9ESU7,508,-0.420691,-0.875098,-1.03309,-1.32788
Q9ESU7,520,-0.574079,-0.812438,-0.975808,-1.07478
Q9ESV0,123,-0.133952,-0.297944,-0.613653,-0.853072
Q9ESV0,288,-0.321873,-1.24146,-0.41086,1.16717
Q9ESV0,80,-0.0121382,0.116686,-0.0712928,-0.69748
Q9ESV0,856,0.0243543,-0.23184,-0.258289,-1.12187
Q9ESX4,86,-0.422675,-0.184575,-0.2164,-0.324964
Q9ESX5,420,-0.0744258,0.0434085,-0.0930106,0.393999
Q9ESX5,481,-0.0898334,0.0841298,-0.213931,-0.0917221
Q9ESX5,508,-0.0564357,-0.0567009,-0.0808676,0.0430477
Q9JHI2,191,0.712274,0.464712,0.714041,0.879673
Q9JHU4,4366,0.788615,0.841903,0.737298,0.137408
Q9JHU9,523,0.574926,0.176299,0.217137,-1.04519
Q9JHU9,524,0.590005,0.365363,0.404672,-0.818305
Q9JHW4,532,0.252553,0.497354,0.335297,0.779079
Q9JI11,320,0.0156129,0.0385993,-0.028029,-0.222798
Q9JI11,410,0.195303,0.111422,0.191518,0.082683
Q9JI11,418,-0.202845,-0.143828,-0.185396,-0.482435
Q9JI44,446,0.078728,0.166039,0.0697784,0.531311
Q9JI99,101,0.170961,0.207347,0.0908422,0.304052
Q9JI99,65,0.921598,0.57075,0.613003,2.80168
Q9JIK5,114,-0.431092,-0.571838,-0.496257,-0.531119
Q9JIK5,118,-0.240617,-0.268355,-0.144615,0.439947
Q9JIK5,13,-0.00908265,-0.0614996,-0.0628648,-0.354691
Q9JIK5,152,-0.216095,-0.335095,-0.303077,-0.292493
Q9JIK5,155,-0.127864,-0.389902,-0.330041,-0.181765
Q9JIK5,192,-0.14494,-0.233357,-0.28306,-0.095522
Q9JIX8,1003,-0.131037,-0.119708,-0.186479,-0.198168
Q9JIX8,1329,-0.277344,-0.189274,-0.229339,-0.24313
Q9JIX8,208,-0.369203,-0.394113,-0.496885,-1.20911
Q9JIX8,216,-0.275426,-0.659148,-0.38635,-1.16378
Q9JIX8,382,-0.140194,-0.182759,-0.307191,-1.00984
Q9JIX8,387,-0.38545,-0.370133,-0.420149,-0.00477168
Q9JIX8,389,-0.400674,-0.343097,-0.567578,-0.396286
Q9JIX8,391,-0.0441552,0.187037,-0.135596,-0.137183
Q9JIX8,417,-0.304083,-0.213056,-0.196216,-0.196259
Q9JIX8,428,-0.0456516,-0.0393649,0.176588,0.52544
Q9JIX8,468,-0.716306,-0.719709,-0.900284,-1.12471
Q9JIX8,479,-0.692119,-0.68904,-0.765064,-1.37925
Q9JIX8,491,-1.76582,-1.43311,-1.61263,-1.4713
Q9JIX8,526,-0.402529,-0.333199,-0.442061,-0.160516
Q9JIX8,595,0.161041,0.500446,0.273235,0.185108
Q9JIX8,655,-0.324478,-0.158522,-0.11062,-0.271603
Q9JIX8,657,-0.716906,-0.641684,-0.543648,-0.694039
Q9JIX8,703,-1.23653,-0.960278,-1.09549,-2.33519
Q9JIX8,729,-0.137545,-0.220174,-0.289787,-0.640271
Q9JIX8,825,-2.09382,-1.74103,-1.6729,-1.93596
Q9JIX8,838,-0.590152,-0.618092,-0.394977,0.430229
Q9JIX8,863,-3.61179,-3.22543,-2.70171,-2.82499
Q9JIX8,898,-0.117642,-0.152734,-0.0933243,0.305683
Q9JIX8,980,-1.69554,-1.73527,-1.87949,-1.89021
Q9JIX8,986,0.263762,0.251543,0.14245,-0.202702
Q9JIZ5,124,-0.0473051,-0.154091,-0.128883,-0.497659
Q9JJ28,436,0.988592,1.00857,1.09296,1.70333
Q9JJ48,67,0.197568,0.222639,-0.014938,0.520985
Q9JJ48,85,0.161603,0.140872,0.389741,0.21391
Q9JJ89,18,-0.0493127,-0.27748,-0.470929,-0.415699
Q9JJ89,253,0.242485,-0.0474274,-0.343985,-0.244415
Q9JJA7,366,-0.0979521,-0.014323,-0.0764794,-0.201857
Q9JJF3,107,-1.29683,-1.63709,-1.77474,-2.34201
Q9JJG0,583,0.357668,-0.11799,-0.157197,-0.356222
Q9JJG0,771,0.970858,-0.2516,-0.0590852,-0.145314
Q9JJY4,569,0.857298,0.984164,0.850917,0.208124
Q9JJZ6,163,0.200282,0.341659,0.221473,0.379428
Q9JJZ6,269,-0.956871,-0.670994,-0.620955,-0.903451
Q9JJZ6,280,0.728379,1.16188,0.893712,0.637432
Q9JK91,469,-0.267259,-0.351851,-0.0439718,0.290499
Q9JKB3,328,0.153709,0.0415151,0.619247,0.739617
Q9JKD8,498,-0.71085,-0.6094,-0.649574,-1.83198
Q9JKD8,508,-1.28423,-1.27006,-1.19531,-1.2953
Q9JKD8,514,-0.748302,-0.67818,-0.870887,-2.31518
Q9JKF1,1511,1.02252,1.18918,1.01791,0.838507
Q9JKP8,122,0.311931,0.488613,0.447678,0.700806
Q9JKV1,405,-0.661283,-0.614414,-0.858568,-1.26077
Q9JL61,308,-0.660552,-0.65919,-0.52205,-0.643463
Q9JLC8,4266,0.350595,0.231892,0.180006,-0.451332
Q9JLQ0,233,1.15942,1.11349,1.00763,1.07366
Q9JLQ0,404,0.578648,0.487663,0.522226,0.333672
Q9JLQ0,458,0.319013,0.227022,0.187028,-0.363228
Q9JLQ0,580,0.0696028,-0.233789,-0.210154,-0.778818
Q9JLQ2,359,0.215797,0.173265,0.214918,0.232302
Q9JLQ2,463,0.434932,-0.359111,-1.57381,-2.12895
Q9JLZ8,367,0.51992,0.724276,0.697598,0.367547
Q9JM13,132,-0.105388,-0.35887,-0.2586,-0.72725
Q9JM14,102,-0.0565571,0.0566149,0.28675,0.643367
Q9JM73,220,0.217935,-0.0791042,-0.0124438,-0.00722769
Q9JM93,140,0.278022,0.178015,0.214727,0.475937
Q9JMA1,143,0.260624,0.0320376,0.0832628,-0.313181
Q9JMG7,161,-0.059448,0.000669114,-0.122547,0.0126102
Q9JMH9,2016,0.208693,0.175045,0.244515,0.359481
Q9QUG9,391,-0.145283,-0.244029,-0.170056,0.949691
Q9QUG9,575,-0.719464,-1.0888,-1.1323,-1.38715
Q9QUG9,577,0.480946,0.758173,0.695127,0.0845181
Q9QUM4,288,-0.702502,-1.04753,-1.13897,-1.52388
Q9QWF0,294,-0.393082,-1.40135,-0.606476,-0.889714
Q9QWH1,743,0.122417,0.203681,-0.0340033,-0.633889
Q9QWY8,732,-0.450796,-0.646976,-0.652387,-0.798227
Q9QWY8,858,1.07566,1.04085,1.25522,1.16451
Q9QXD8,413,0.214114,0.46223,0.0704386,-0.118217
Q9QXE2,167,0.274997,0.172884,-0.00823602,1.13267
Q9QXG4,263,-0.0670867,-0.12251,-0.242024,0.0494469
Q9QXG4,267,0.533462,0.698699,0.655053,0.831178
Q9QXG4,30,-0.0382847,0.0552428,0.0173972,0.0128844
Q9QXK2,158,-0.462728,-1.75344,-0.258288,2.12942
Q9QXK9,56,-0.138131,-0.0362449,-0.346336,-0.647247
Q9QXL1,1150,0.146904,0.0369539,0.0157588,0.18581
Q9QXL1,1168,0.0544784,0.128735,0.156949,-0.0149229
Q9QXL1,1198,0.0870882,0.106036,0.0588902,-0.108209
Q9QXL1,1217,-0.0220621,0.0351535,-0.0753172,-0.00866015
Q9QXS1-3,21,0.156613,0.264406,0.269231,0.511994
Q9QY24,356,0.36016,0.488457,0.594709,0.680971
Q9QY24,384,1.03488,1.09508,1.03047,0.883116
Q9QY81,1844,0.526876,0.553262,0.643058,0.640521
Q9QYB5,42,1.58054,1.53418,1.38802,0.997383
Q9QYB5,423,2.11581,2.36382,2.19948,2.33683
Q9QYB5,461,1.09373,1.43303,1.29454,1.36589
Q9QYB5,64,0.611535,0.760992,0.628934,1.10683
Q9QYB5,673,0.802985,0.67171,0.591035,0.0682234
Q9QYB5,677,0.157297,0.548019,0.312112,1.42923
Q9QYB5,679,-0.098403,0.778778,0.189483,0.690972
Q9QYC0,12,0.567124,0.730588,0.608051,0.228823
Q9QYC0,358,1.59041,1.79088,1.53837,0.486491
Q9QYC0,465,0.740957,0.828826,0.603279,0.0339321
Q9QYC0,610,0.973808,1.13505,0.99291,1.11384
Q9QYC0,724,-0.107743,0.262,0.253914,-0.100617
Q9QYG0,332,0.0414637,-0.0576069,0.205536,-0.230527
Q9QZB6,381,-3.53653,-3.53978,-3.71195,-2.39999
Q9QZB7,414,-0.0903836,-0.236733,-0.265264,-0.177292
Q9QZE7,165,0.222644,0.300756,0.338818,-0.183574
Q9QZE7,30,0.331174,0.285027,0.53275,0.858114
Q9QZE7,33,0.148841,0.389482,0.557822,0.92612
Q9QZM0,25,0.70308,0.546146,0.717023,0.162131
Q9QZQ1,1083,-0.168818,-0.370599,-0.331945,-0.876141
Q9QZQ8,129,0.475157,0.457213,0.469722,1.00101
Q9QZQ8,138,-0.0743815,0.205707,0.0315217,1.36964
Q9QZQ8,170,0.112077,0.0799686,0.0104368,0.630412
Q9QZQ8,178,0.0898245,-0.00981702,-0.00521655,0.511601
Q9QZS3,636,-0.123005,0.0908705,-0.00413226,0.225196
Q9QZS8,164,0.536486,0.705977,0.485873,0.0119293
Q9QZS8,341,0.383391,0.615225,0.327124,0.33096
Q9QZS8,354,0.00756593,0.459343,0.152753,0.351767
Q9R020,120,0.0113335,0.249129,-0.0338418,-0.0180458
Q9R020,143,-0.223656,0.608389,-0.261565,-0.298335
Q9R020,153,-0.0272447,0.203168,-0.0442389,-0.178211
Q9R020,188,0.0887917,-0.0525521,0.098994,0.198351
Q9R020,294,0.273848,0.454481,0.157317,0.294475
Q9R078,108,-1.6316,-1.33902,-1.40348,-0.791827
Q9R078,24,-0.399415,-0.370304,-0.252406,-0.312854
Q9R0C8,786,1.23956,1.34793,1.14459,0.00412929
Q9R0L6,645,0.319321,0.418526,0.0431997,-0.519625
Q9R0L6,65,-0.250538,-0.307254,-0.20511,-0.423
Q9R0L6,93,0.150336,-0.219257,0.138084,-0.170041
Q9R0P4,17,-0.000333115,-0.045671,0.0956569,-0.26729
Q9R0Q7,113,-0.030317,-0.0293233,-0.179783,-0.381647
Q9R0Q7,118,-0.0627774,0.320077,-0.0475147,-0.672161
Q9R0U0,106,-0.335075,-0.258408,-0.270178,-0.0802612
Q9R0U0,133,-0.233502,-0.340616,-0.203453,-0.353508
Q9R0U0,199,-0.294037,-0.435501,-0.478881,-0.754746
Q9R0U0,235,-0.28751,-0.502066,-0.425915,-1.12781
Q9R0U0,256,-0.206071,-0.162868,-0.148244,-0.508152
Q9R190,54,-0.0540771,0.0308753,-0.0770164,-0.545698
Q9R1C0,171,0.0760346,-0.148129,0.334066,0.0608591
Q9R1C7,34,-0.731633,-0.799837,-0.712877,-0.419171
Q9R1C7,369,0.0577608,-0.236438,-0.108447,0.929497
Q9R1C7,899,0.0710394,-0.0331204,-0.154561,-0.300848
Q9R1C7,908,-0.00981419,-0.0156555,0.00511035,0.219767
Q9R1E0,253,0.0655724,0.193036,0.171882,0.387854
Q9R1E0,284,1.18342,1.00802,0.997763,1.16855
Q9R1E0,326,0.229114,0.173755,0.36189,0.288065
Q9R1E0,467,0.456599,0.400413,0.372785,0.806942
Q9R1K9,20,-0.0563572,-0.151809,-0.0669261,-0.835923
Q9R1P4,110,0.078511,0.363924,0.342472,0.967895
Q9R207,398,-1.15186,-1.54629,-1.27848,-0.54709
Q9R207,433,-0.270309,-1.12047,-0.376905,1.77119
Q9WTK5,425,0.716851,1.07263,0.77102,0.00888255
Q9WTK5,858,1.49378,1.93704,1.29353,0.166347
Q9WTK7,31,0.119088,0.297927,0.0528933,-0.234615
Q9WTN3,96,0.0858887,-0.196007,-0.0169181,-0.182153
Q9WTU0,474,0.0800588,0.00878209,0.12876,-0.109545
Q9WTU0,536,0.207454,0.162102,0.254565,-0.209118
Q9WTU0,677,-0.0258166,0.0282916,0.00242185,-0.242104
Q9WTU0,848,0.319717,-0.12538,0.338139,-0.329407
Q9WTV7,229,-0.328428,-0.274267,-0.573127,-0.686593
Q9WTV7,78,0.749173,0.656044,0.701973,0.402885
Q9WTX5,131,-0.21496,0.0697255,-0.107652,0.0375045
Q9WU56,422,-0.0160125,0.0591421,-0.0895107,-0.349277
Q9WU62,218,0.435932,3.52441,0.123335,-1.10593
Q9WUD1,20,-0.0138474,-0.0801751,-0.104587,-0.129995
Q9WUF3,1516,0.189175,0.20768,0.258263,-0.538278
Q9WUF3,560,0.277258,-0.734753,-0.0864751,1.1383
Q9WUH1,320,0.780096,1.04694,1.00726,0.503166
Q9WV30,560,-0.365864,-0.726909,-0.538012,0.18088
Q9WV60,9,0.0395959,-0.0113103,-0.0197946,-0.476031
Q9WVA3,211,0.0615934,0.0465012,-0.0874076,-0.184493
Q9WVL3,62,1.00316,0.924344,0.706748,0.238026
Q9WVL3,973,1.10931,1.13907,1.14571,1.09934
Q9WVL3,980,-0.21078,-0.204192,-0.0953248,-0.458285
Q9Z0H1,91,0.0311503,0.501301,0.0219437,-0.564818
Q9Z0P5,349,0.195771,0.15286,0.208361,0.0890902
Q9Z0R6,110,0.559209,0.483001,0.432726,0.27841
Q9Z0R6,554,-0.209253,-0.631992,0.128368,0.0644314
Q9Z0R6,843,0.165632,0.0819817,0.129505,0.116708
Q9Z0X1,267,0.192347,0.1963,0.184564,0.0923465
Q9Z120,262,0.0504122,-0.419526,-0.459551,-0.600484
Q9Z130,122,-0.0141622,-0.295468,-0.388175,-1.37987
Q9Z1D1,42,-0.0233518,-0.206561,-0.461249,-1.00853
Q9Z1F9,548,0.1426,0.163302,0.159761,0.155277
Q9Z1M8,42,0.449599,0.32773,0.495784,-0.0423673
Q9Z1N2,332,0.116835,0.564325,-0.448821,-1.37867
Q9Z1R2,1139,-0.0381489,-0.439945,-0.223317,-0.563054
Q9Z1R2,986,-0.209976,-0.422699,-0.493506,-1.13371
Q9Z1R2,995,-0.0717247,-0.334828,-0.245071,-0.775098
Q9Z1T5,177,0.572718,0.465655,0.464196,0.681757
Q9Z1W9,397,-0.198903,0.274667,-0.11701,-0.331857
Q9Z1X4,482,-0.104914,-0.73723,-0.264655,-1.07785
Q9Z1X4,60,0.152748,0.0469953,0.165905,0.680439
Q9Z1X4,67,-0.0143586,0.00311193,-0.234498,-0.866753
Q9Z1Z0,940,0.233425,0.0650344,0.0204404,-0.441688
Q9Z248,24,0.040952,0.140741,-0.344279,-1.04717
Q9Z266,133,0.875221,0.924319,0.967755,1.42908
Q9Z277,1464,0.163713,0.370197,0.0858634,0.0832881
Q9Z277,189,-3.03099,-2.55606,-2.69384,-2.23057
Q9Z277,325,-0.962847,-0.714564,-0.994033,-1.3875
Q9Z2A0,244,0.0961741,0.0780654,0.0212865,-0.0349462
Q9Z2D1,631,-0.10987,0.231574,-0.00779768,0.0691934
Q9Z2D6,229,-0.0209516,0.0279126,0.0284095,2.49454
Q9Z2D6,313,0.223637,0.149101,-0.150264,0.071717
Q9Z2E1,410,0.0840188,0.116792,0.0567452,0.25791
Q9Z2E2,440,-0.101264,-0.221109,-0.00713527,2.26905
Q9Z2E2,556,0.367148,0.381354,0.480826,1.09785
Q9Z2Q2,51,-0.164711,-0.270874,-0.0428989,-1.1849
Q9Z2Q2,57,-0.235332,-0.0344512,-0.191766,-0.852398
Q9Z2U1,56,0.484452,0.381006,0.64634,-0.136944
Q9Z2U4,156,0.275476,0.269451,0.155589,-0.141602
Q9Z2U4,187,0.0213457,0.0889001,0.176122,0.253332
Q9Z2U4,633,-0.519811,-0.41798,-0.144955,0.57248
Q9Z2V5,43,0.692457,0.434786,0.713823,1.03653
Q9Z329,1709,0.416078,0.280892,0.166394,-0.163789
S4R1W5,1020,0.353428,0.307754,0.276056,0.572519
